{"ID":59519,"name":"Bartkus v. Illinois","href":"https:\/\/api.oyez.org\/cases\/1958\/1","view_count":0,"docket_number":"1","additional_docket_numbers":["39"],"manner_of_jurisdiction":"Writ of \u003Ci\u003Ecertiorari\u003C\/i\u003E","first_party":"Alfonse Bartkus","second_party":"Illinois","timeline":[{"event":"Argued","dates":[-382384800],"href":"https:\/\/api.oyez.org\/case_timeline\/case_timeline\/47384"},{"event":"Decided","dates":[-378237600],"href":"https:\/\/api.oyez.org\/case_timeline\/case_timeline\/52775"},{"event":"Rehearing granted, judgment vacated and case restored for reargument","dates":[-366145200],"href":"https:\/\/api.oyez.org\/case_timeline\/case_timeline\/51702"},{"event":"Reargued","dates":[-353358000,-353271600],"href":"https:\/\/api.oyez.org\/case_timeline\/case_timeline\/51703"},{"event":"Decided","dates":[-339530400],"href":"https:\/\/api.oyez.org\/case_timeline\/case_timeline\/47385"}],"lower_court":{"ID":34,"name":"Supreme Court of Illinois","href":"https:\/\/api.oyez.org\/taxonomy\/term\/34"},"facts_of_the_case":null,"question":null,"conclusion":null,"advocates":[{"advocate":{"ID":44658,"name":"Walter T. Fisher","href":"https:\/\/api.oyez.org\/people\/walter_t_fisher","view_count":0,"last_name":"Fisher","roles":null,"thumbnail":null,"length_of_service":0,"identifier":"walter_t_fisher"},"advocate_description":"acting under appointment by the Court, for the petitioner","href":"https:\/\/api.oyez.org\/case_advocate\/case_advocate\/20993"},{"advocate":{"ID":46556,"name":"William C. Wines","href":"https:\/\/api.oyez.org\/people\/william_c_wines","view_count":0,"last_name":"Wines","roles":null,"thumbnail":null,"length_of_service":0,"identifier":"william_c_wines"},"advocate_description":"Assistant Attorney General of Illinois, for the respondent","href":"https:\/\/api.oyez.org\/case_advocate\/case_advocate\/20994"}],"oral_argument_audio":[{"id":23911,"title":"Oral Argument - November 19, 1957","public_note":null,"unavailable":null,"display_title":null,"href":"https:\/\/api.oyez.org\/case_media\/oral_argument_audio\/23911"},{"id":13436,"title":"Oral Reargument - October 21, 1958","public_note":null,"unavailable":null,"display_title":null,"href":"https:\/\/api.oyez.org\/case_media\/oral_argument_audio\/13436"},{"id":13445,"title":"Oral Reargument - October 22, 1958","public_note":null,"unavailable":null,"display_title":null,"href":"https:\/\/api.oyez.org\/case_media\/oral_argument_audio\/13445"}],"citation":{"volume":"359","page":"121","year":"1959","href":"https:\/\/api.oyez.org\/case_citation\/case_citation\/24301"},"decisions":[{"description":"Affirmed by an equally divided court","votes":[{"member":{"ID":15127,"name":"Harold Burton","href":"https:\/\/api.oyez.org\/people\/harold_burton","view_count":0,"last_name":"Burton","roles":[{"id":2772,"type":"scotus_justice","date_start":-765309600,"date_end":-354049200,"appointing_president":"Harry S. Truman","role_title":"Associate Justice of the Supreme Court of the United States","institution_name":"Supreme Court of the United States","href":"https:\/\/api.oyez.org\/preson_role\/scotus_justice\/2772"}],"thumbnail":{"id":32711,"mime":"image\/png","size":34138,"href":"https:\/\/api.oyez.org\/sites\/default\/files\/images\/people\/harold_burton\/harold_burton.thumb.png"},"length_of_service":4760,"identifier":"harold_burton"},"vote":"minority","opinion_type":"none","joining":null,"seniority":5,"ideology":1.191,"href":"https:\/\/api.oyez.org\/decision_vote\/decision_vote\/205377"},{"member":{"ID":15050,"name":"Felix Frankfurter","href":"https:\/\/api.oyez.org\/people\/felix_frankfurter","view_count":0,"last_name":"Frankfurter","roles":[{"id":2694,"type":"scotus_justice","date_start":-975780000,"date_end":-231793200,"appointing_president":"Franklin D. Roosevelt","role_title":"Associate Justice of the Supreme Court of the United States","institution_name":"Supreme Court of the United States","href":"https:\/\/api.oyez.org\/preson_role\/scotus_justice\/2694"}],"thumbnail":{"id":32706,"mime":"image\/png","size":45083,"href":"https:\/\/api.oyez.org\/sites\/default\/files\/images\/people\/felix_frankfurter\/felix_frankfurter.thumb.png"},"length_of_service":8611,"identifier":"felix_frankfurter"},"vote":"minority","opinion_type":"none","joining":null,"seniority":3,"ideology":1.388,"href":"https:\/\/api.oyez.org\/decision_vote\/decision_vote\/205378"},{"member":{"ID":15097,"name":"John M. Harlan II","href":"https:\/\/api.oyez.org\/people\/john_m_harlan2","view_count":0,"last_name":"Harlan","roles":[{"id":2741,"type":"scotus_justice","date_start":-465933600,"date_end":54450000,"appointing_president":"Dwight D. Eisenhower","role_title":"Associate Justice of the Supreme Court of the United States","institution_name":"Supreme Court of the United States","href":"https:\/\/api.oyez.org\/preson_role\/scotus_justice\/2741"}],"thumbnail":{"id":32728,"mime":"image\/png","size":53784,"href":"https:\/\/api.oyez.org\/sites\/default\/files\/images\/people\/john_m_harlan2\/john_m_harlan2.thumb.png"},"length_of_service":6023,"identifier":"john_m_harlan2"},"vote":"minority","opinion_type":"none","joining":null,"seniority":7,"ideology":1.57,"href":"https:\/\/api.oyez.org\/decision_vote\/decision_vote\/205379"},{"member":{"ID":15083,"name":"Tom C. Clark","href":"https:\/\/api.oyez.org\/people\/tom_c_clark","view_count":0,"last_name":"Clark","roles":[{"id":2727,"type":"scotus_justice","date_start":-642366000,"date_end":-80679600,"appointing_president":"Harry S. Truman","role_title":"Associate Justice of the Supreme Court of the United States","institution_name":"Supreme Court of the United States","href":"https:\/\/api.oyez.org\/preson_role\/scotus_justice\/2727"}],"thumbnail":{"id":32771,"mime":"image\/png","size":50879,"href":"https:\/\/api.oyez.org\/sites\/default\/files\/images\/people\/tom_c_clark\/tom_c_clark.thumb.png"},"length_of_service":6501,"identifier":"tom_c_clark"},"vote":"minority","opinion_type":"none","joining":null,"seniority":6,"ideology":0.578,"href":"https:\/\/api.oyez.org\/decision_vote\/decision_vote\/205380"},{"member":{"ID":15082,"name":"Charles E. Whittaker","href":"https:\/\/api.oyez.org\/people\/charles_e_whittaker","view_count":0,"last_name":"Whittaker","roles":[{"id":2726,"type":"scotus_justice","date_start":-403034400,"date_end":-244749600,"appointing_president":"Dwight D. Eisenhower","role_title":"Associate Justice of the Supreme Court of the United States","institution_name":"Supreme Court of the United States","href":"https:\/\/api.oyez.org\/preson_role\/scotus_justice\/2726"}],"thumbnail":{"id":32700,"mime":"image\/png","size":50854,"href":"https:\/\/api.oyez.org\/sites\/default\/files\/images\/people\/charles_e_whittaker\/charles_e_whittaker.thumb.png"},"length_of_service":1832,"identifier":"charles_e_whittaker"},"vote":"minority","opinion_type":"none","joining":null,"seniority":9,"ideology":1.35,"href":"https:\/\/api.oyez.org\/decision_vote\/decision_vote\/205381"},{"member":{"ID":15089,"name":"Hugo L. Black","href":"https:\/\/api.oyez.org\/people\/hugo_l_black","view_count":0,"last_name":"Black","roles":[{"id":2733,"type":"scotus_justice","date_start":-1021489200,"date_end":53931600,"appointing_president":"Franklin D. Roosevelt","role_title":"Associate Justice","institution_name":"Supreme Court of the United States","href":"https:\/\/api.oyez.org\/preson_role\/scotus_justice\/2733"}],"thumbnail":{"id":32719,"mime":"image\/png","size":51667,"href":"https:\/\/api.oyez.org\/sites\/default\/files\/images\/people\/hugo_l_black\/hugo_l_black.thumb.png"},"length_of_service":12447,"identifier":"hugo_l_black"},"vote":"minority","opinion_type":"none","joining":null,"seniority":2,"ideology":-2.07,"href":"https:\/\/api.oyez.org\/decision_vote\/decision_vote\/205382"},{"member":{"ID":15107,"name":"William O. Douglas","href":"https:\/\/api.oyez.org\/people\/william_o_douglas","view_count":0,"last_name":"Douglas","roles":[{"id":2751,"type":"scotus_justice","date_start":-969127200,"date_end":185004000,"appointing_president":"Franklin D. Roosevelt","role_title":"Associate Justice of the Supreme Court of the United States","institution_name":"Supreme Court of the United States","href":"https:\/\/api.oyez.org\/preson_role\/scotus_justice\/2751"}],"thumbnail":{"id":32781,"mime":"image\/png","size":56651,"href":"https:\/\/api.oyez.org\/sites\/default\/files\/images\/people\/william_o_douglas\/william_o_douglas.thumb.png"},"length_of_service":13358,"identifier":"william_o_douglas"},"vote":"minority","opinion_type":"none","joining":null,"seniority":4,"ideology":-5.367,"href":"https:\/\/api.oyez.org\/decision_vote\/decision_vote\/205383"},{"member":{"ID":15099,"name":"Earl Warren","href":"https:\/\/api.oyez.org\/people\/earl_warren","view_count":0,"last_name":"Warren","roles":[{"id":2743,"type":"scotus_justice","date_start":-512503200,"date_end":-16570800,"appointing_president":"Dwight D. Eisenhower","role_title":"Chief Justice of the United States","institution_name":"Supreme Court of the United States","href":"https:\/\/api.oyez.org\/preson_role\/scotus_justice\/2743"}],"thumbnail":{"id":32704,"mime":"image\/png","size":50444,"href":"https:\/\/api.oyez.org\/sites\/default\/files\/images\/people\/earl_warren\/earl_warren.thumb.png"},"length_of_service":5740,"identifier":"earl_warren"},"vote":"minority","opinion_type":"none","joining":null,"seniority":1,"ideology":-1.64,"href":"https:\/\/api.oyez.org\/decision_vote\/decision_vote\/205384"},{"member":{"ID":15140,"name":"William J. Brennan, Jr.","href":"https:\/\/api.oyez.org\/people\/william_j_brennan_jr","view_count":0,"last_name":"Brennan","roles":[{"id":2786,"type":"scotus_justice","date_start":-416862000,"date_end":648450000,"appointing_president":"Dwight D. Eisenhower","role_title":"Associate Justice of the Supreme Court of the United States","institution_name":"Supreme Court of the United States","href":"https:\/\/api.oyez.org\/preson_role\/scotus_justice\/2786"}],"thumbnail":{"id":32778,"mime":"image\/png","size":56873,"href":"https:\/\/api.oyez.org\/sites\/default\/files\/images\/people\/william_j_brennan_jr\/william_j_brennan_jr.thumb.png"},"length_of_service":12330,"identifier":"william_j_brennan_jr"},"vote":"none","opinion_type":"none","joining":null,"seniority":8,"ideology":-0.825,"href":"https:\/\/api.oyez.org\/decision_vote\/decision_vote\/205385"}],"majority_vote":0,"minority_vote":8,"winning_party":"Illinois","decision_type":"equally divided","href":"https:\/\/api.oyez.org\/case_decision\/case_decision\/16369"},{"description":"Double jeopardy does not attach after trial and acquittal in federal court followed by trial and conviction for the same crime in state court","votes":[{"member":{"ID":15050,"name":"Felix Frankfurter","href":"https:\/\/api.oyez.org\/people\/felix_frankfurter","view_count":0,"last_name":"Frankfurter","roles":[{"id":2694,"type":"scotus_justice","date_start":-975780000,"date_end":-231793200,"appointing_president":"Franklin D. Roosevelt","role_title":"Associate Justice of the Supreme Court of the United States","institution_name":"Supreme Court of the United States","href":"https:\/\/api.oyez.org\/preson_role\/scotus_justice\/2694"}],"thumbnail":{"id":32706,"mime":"image\/png","size":45083,"href":"https:\/\/api.oyez.org\/sites\/default\/files\/images\/people\/felix_frankfurter\/felix_frankfurter.thumb.png"},"length_of_service":8611,"identifier":"felix_frankfurter"},"vote":"majority","opinion_type":"majority","joining":null,"seniority":3,"ideology":1.388,"href":"https:\/\/api.oyez.org\/decision_vote\/decision_vote\/134127"},{"member":{"ID":15097,"name":"John M. Harlan II","href":"https:\/\/api.oyez.org\/people\/john_m_harlan2","view_count":0,"last_name":"Harlan","roles":[{"id":2741,"type":"scotus_justice","date_start":-465933600,"date_end":54450000,"appointing_president":"Dwight D. Eisenhower","role_title":"Associate Justice of the Supreme Court of the United States","institution_name":"Supreme Court of the United States","href":"https:\/\/api.oyez.org\/preson_role\/scotus_justice\/2741"}],"thumbnail":{"id":32728,"mime":"image\/png","size":53784,"href":"https:\/\/api.oyez.org\/sites\/default\/files\/images\/people\/john_m_harlan2\/john_m_harlan2.thumb.png"},"length_of_service":6023,"identifier":"john_m_harlan2"},"vote":"majority","opinion_type":"none","joining":[{"ID":15050,"name":"Felix Frankfurter","href":"https:\/\/api.oyez.org\/people\/felix_frankfurter","view_count":0,"last_name":"Frankfurter","roles":[{"id":2694,"type":"scotus_justice","date_start":-975780000,"date_end":-231793200,"appointing_president":"Franklin D. Roosevelt","role_title":"Associate Justice of the Supreme Court of the United States","institution_name":"Supreme Court of the United States","href":"https:\/\/api.oyez.org\/preson_role\/scotus_justice\/2694"}],"thumbnail":{"id":32706,"mime":"image\/png","size":45083,"href":"https:\/\/api.oyez.org\/sites\/default\/files\/images\/people\/felix_frankfurter\/felix_frankfurter.thumb.png"},"length_of_service":8611,"identifier":"felix_frankfurter"}],"seniority":7,"ideology":1.57,"href":"https:\/\/api.oyez.org\/decision_vote\/decision_vote\/134128"},{"member":{"ID":15083,"name":"Tom C. Clark","href":"https:\/\/api.oyez.org\/people\/tom_c_clark","view_count":0,"last_name":"Clark","roles":[{"id":2727,"type":"scotus_justice","date_start":-642366000,"date_end":-80679600,"appointing_president":"Harry S. Truman","role_title":"Associate Justice of the Supreme Court of the United States","institution_name":"Supreme Court of the United States","href":"https:\/\/api.oyez.org\/preson_role\/scotus_justice\/2727"}],"thumbnail":{"id":32771,"mime":"image\/png","size":50879,"href":"https:\/\/api.oyez.org\/sites\/default\/files\/images\/people\/tom_c_clark\/tom_c_clark.thumb.png"},"length_of_service":6501,"identifier":"tom_c_clark"},"vote":"majority","opinion_type":"none","joining":[{"ID":15050,"name":"Felix Frankfurter","href":"https:\/\/api.oyez.org\/people\/felix_frankfurter","view_count":0,"last_name":"Frankfurter","roles":[{"id":2694,"type":"scotus_justice","date_start":-975780000,"date_end":-231793200,"appointing_president":"Franklin D. Roosevelt","role_title":"Associate Justice of the Supreme Court of the United States","institution_name":"Supreme Court of the United States","href":"https:\/\/api.oyez.org\/preson_role\/scotus_justice\/2694"}],"thumbnail":{"id":32706,"mime":"image\/png","size":45083,"href":"https:\/\/api.oyez.org\/sites\/default\/files\/images\/people\/felix_frankfurter\/felix_frankfurter.thumb.png"},"length_of_service":8611,"identifier":"felix_frankfurter"}],"seniority":6,"ideology":0.578,"href":"https:\/\/api.oyez.org\/decision_vote\/decision_vote\/134129"},{"member":{"ID":15082,"name":"Charles E. Whittaker","href":"https:\/\/api.oyez.org\/people\/charles_e_whittaker","view_count":0,"last_name":"Whittaker","roles":[{"id":2726,"type":"scotus_justice","date_start":-403034400,"date_end":-244749600,"appointing_president":"Dwight D. Eisenhower","role_title":"Associate Justice of the Supreme Court of the United States","institution_name":"Supreme Court of the United States","href":"https:\/\/api.oyez.org\/preson_role\/scotus_justice\/2726"}],"thumbnail":{"id":32700,"mime":"image\/png","size":50854,"href":"https:\/\/api.oyez.org\/sites\/default\/files\/images\/people\/charles_e_whittaker\/charles_e_whittaker.thumb.png"},"length_of_service":1832,"identifier":"charles_e_whittaker"},"vote":"majority","opinion_type":"none","joining":[{"ID":15050,"name":"Felix Frankfurter","href":"https:\/\/api.oyez.org\/people\/felix_frankfurter","view_count":0,"last_name":"Frankfurter","roles":[{"id":2694,"type":"scotus_justice","date_start":-975780000,"date_end":-231793200,"appointing_president":"Franklin D. Roosevelt","role_title":"Associate Justice of the Supreme Court of the United States","institution_name":"Supreme Court of the United States","href":"https:\/\/api.oyez.org\/preson_role\/scotus_justice\/2694"}],"thumbnail":{"id":32706,"mime":"image\/png","size":45083,"href":"https:\/\/api.oyez.org\/sites\/default\/files\/images\/people\/felix_frankfurter\/felix_frankfurter.thumb.png"},"length_of_service":8611,"identifier":"felix_frankfurter"}],"seniority":9,"ideology":1.35,"href":"https:\/\/api.oyez.org\/decision_vote\/decision_vote\/134130"},{"member":{"ID":15043,"name":"Potter Stewart","href":"https:\/\/api.oyez.org\/people\/potter_stewart","view_count":0,"last_name":"Stewart","roles":[{"id":2687,"type":"scotus_justice","date_start":-353962800,"date_end":362984400,"appointing_president":"Dwight D. Eisenhower","role_title":"Associate Justice of the Supreme Court of the United States","institution_name":"Supreme Court of the United States","href":"https:\/\/api.oyez.org\/preson_role\/scotus_justice\/2687"}],"thumbnail":{"id":32752,"mime":"image\/png","size":56350,"href":"https:\/\/api.oyez.org\/sites\/default\/files\/images\/people\/potter_stewart\/potter_stewart.thumb.png"},"length_of_service":8298,"identifier":"potter_stewart"},"vote":"majority","opinion_type":"none","joining":[{"ID":15050,"name":"Felix Frankfurter","href":"https:\/\/api.oyez.org\/people\/felix_frankfurter","view_count":0,"last_name":"Frankfurter","roles":[{"id":2694,"type":"scotus_justice","date_start":-975780000,"date_end":-231793200,"appointing_president":"Franklin D. Roosevelt","role_title":"Associate Justice of the Supreme Court of the United States","institution_name":"Supreme Court of the United States","href":"https:\/\/api.oyez.org\/preson_role\/scotus_justice\/2694"}],"thumbnail":{"id":32706,"mime":"image\/png","size":45083,"href":"https:\/\/api.oyez.org\/sites\/default\/files\/images\/people\/felix_frankfurter\/felix_frankfurter.thumb.png"},"length_of_service":8611,"identifier":"felix_frankfurter"}],"seniority":0,"ideology":0,"href":"https:\/\/api.oyez.org\/decision_vote\/decision_vote\/134131"},{"member":{"ID":15089,"name":"Hugo L. Black","href":"https:\/\/api.oyez.org\/people\/hugo_l_black","view_count":0,"last_name":"Black","roles":[{"id":2733,"type":"scotus_justice","date_start":-1021489200,"date_end":53931600,"appointing_president":"Franklin D. Roosevelt","role_title":"Associate Justice","institution_name":"Supreme Court of the United States","href":"https:\/\/api.oyez.org\/preson_role\/scotus_justice\/2733"}],"thumbnail":{"id":32719,"mime":"image\/png","size":51667,"href":"https:\/\/api.oyez.org\/sites\/default\/files\/images\/people\/hugo_l_black\/hugo_l_black.thumb.png"},"length_of_service":12447,"identifier":"hugo_l_black"},"vote":"minority","opinion_type":"dissent","joining":null,"seniority":2,"ideology":-2.07,"href":"https:\/\/api.oyez.org\/decision_vote\/decision_vote\/134132"},{"member":{"ID":15099,"name":"Earl Warren","href":"https:\/\/api.oyez.org\/people\/earl_warren","view_count":0,"last_name":"Warren","roles":[{"id":2743,"type":"scotus_justice","date_start":-512503200,"date_end":-16570800,"appointing_president":"Dwight D. Eisenhower","role_title":"Chief Justice of the United States","institution_name":"Supreme Court of the United States","href":"https:\/\/api.oyez.org\/preson_role\/scotus_justice\/2743"}],"thumbnail":{"id":32704,"mime":"image\/png","size":50444,"href":"https:\/\/api.oyez.org\/sites\/default\/files\/images\/people\/earl_warren\/earl_warren.thumb.png"},"length_of_service":5740,"identifier":"earl_warren"},"vote":"minority","opinion_type":"none","joining":[{"ID":15089,"name":"Hugo L. Black","href":"https:\/\/api.oyez.org\/people\/hugo_l_black","view_count":0,"last_name":"Black","roles":[{"id":2733,"type":"scotus_justice","date_start":-1021489200,"date_end":53931600,"appointing_president":"Franklin D. Roosevelt","role_title":"Associate Justice","institution_name":"Supreme Court of the United States","href":"https:\/\/api.oyez.org\/preson_role\/scotus_justice\/2733"}],"thumbnail":{"id":32719,"mime":"image\/png","size":51667,"href":"https:\/\/api.oyez.org\/sites\/default\/files\/images\/people\/hugo_l_black\/hugo_l_black.thumb.png"},"length_of_service":12447,"identifier":"hugo_l_black"},{"ID":15140,"name":"William J. Brennan, Jr.","href":"https:\/\/api.oyez.org\/people\/william_j_brennan_jr","view_count":0,"last_name":"Brennan","roles":[{"id":2786,"type":"scotus_justice","date_start":-416862000,"date_end":648450000,"appointing_president":"Dwight D. Eisenhower","role_title":"Associate Justice of the Supreme Court of the United States","institution_name":"Supreme Court of the United States","href":"https:\/\/api.oyez.org\/preson_role\/scotus_justice\/2786"}],"thumbnail":{"id":32778,"mime":"image\/png","size":56873,"href":"https:\/\/api.oyez.org\/sites\/default\/files\/images\/people\/william_j_brennan_jr\/william_j_brennan_jr.thumb.png"},"length_of_service":12330,"identifier":"william_j_brennan_jr"}],"seniority":1,"ideology":-1.64,"href":"https:\/\/api.oyez.org\/decision_vote\/decision_vote\/134133"},{"member":{"ID":15107,"name":"William O. Douglas","href":"https:\/\/api.oyez.org\/people\/william_o_douglas","view_count":0,"last_name":"Douglas","roles":[{"id":2751,"type":"scotus_justice","date_start":-969127200,"date_end":185004000,"appointing_president":"Franklin D. Roosevelt","role_title":"Associate Justice of the Supreme Court of the United States","institution_name":"Supreme Court of the United States","href":"https:\/\/api.oyez.org\/preson_role\/scotus_justice\/2751"}],"thumbnail":{"id":32781,"mime":"image\/png","size":56651,"href":"https:\/\/api.oyez.org\/sites\/default\/files\/images\/people\/william_o_douglas\/william_o_douglas.thumb.png"},"length_of_service":13358,"identifier":"william_o_douglas"},"vote":"minority","opinion_type":"none","joining":[{"ID":15089,"name":"Hugo L. Black","href":"https:\/\/api.oyez.org\/people\/hugo_l_black","view_count":0,"last_name":"Black","roles":[{"id":2733,"type":"scotus_justice","date_start":-1021489200,"date_end":53931600,"appointing_president":"Franklin D. Roosevelt","role_title":"Associate Justice","institution_name":"Supreme Court of the United States","href":"https:\/\/api.oyez.org\/preson_role\/scotus_justice\/2733"}],"thumbnail":{"id":32719,"mime":"image\/png","size":51667,"href":"https:\/\/api.oyez.org\/sites\/default\/files\/images\/people\/hugo_l_black\/hugo_l_black.thumb.png"},"length_of_service":12447,"identifier":"hugo_l_black"},{"ID":15140,"name":"William J. Brennan, Jr.","href":"https:\/\/api.oyez.org\/people\/william_j_brennan_jr","view_count":0,"last_name":"Brennan","roles":[{"id":2786,"type":"scotus_justice","date_start":-416862000,"date_end":648450000,"appointing_president":"Dwight D. Eisenhower","role_title":"Associate Justice of the Supreme Court of the United States","institution_name":"Supreme Court of the United States","href":"https:\/\/api.oyez.org\/preson_role\/scotus_justice\/2786"}],"thumbnail":{"id":32778,"mime":"image\/png","size":56873,"href":"https:\/\/api.oyez.org\/sites\/default\/files\/images\/people\/william_j_brennan_jr\/william_j_brennan_jr.thumb.png"},"length_of_service":12330,"identifier":"william_j_brennan_jr"}],"seniority":4,"ideology":-5.367,"href":"https:\/\/api.oyez.org\/decision_vote\/decision_vote\/134134"},{"member":{"ID":15140,"name":"William J. Brennan, Jr.","href":"https:\/\/api.oyez.org\/people\/william_j_brennan_jr","view_count":0,"last_name":"Brennan","roles":[{"id":2786,"type":"scotus_justice","date_start":-416862000,"date_end":648450000,"appointing_president":"Dwight D. Eisenhower","role_title":"Associate Justice of the Supreme Court of the United States","institution_name":"Supreme Court of the United States","href":"https:\/\/api.oyez.org\/preson_role\/scotus_justice\/2786"}],"thumbnail":{"id":32778,"mime":"image\/png","size":56873,"href":"https:\/\/api.oyez.org\/sites\/default\/files\/images\/people\/william_j_brennan_jr\/william_j_brennan_jr.thumb.png"},"length_of_service":12330,"identifier":"william_j_brennan_jr"},"vote":"minority","opinion_type":"dissent","joining":null,"seniority":8,"ideology":-0.825,"href":"https:\/\/api.oyez.org\/decision_vote\/decision_vote\/134135"}],"majority_vote":5,"minority_vote":4,"winning_party":"Illinois","decision_type":"majority opinion","href":"https:\/\/api.oyez.org\/case_decision\/case_decision\/8412"}],"first_party_label":"Petitioner","second_party_label":"Respondent","heard_by":[{"ID":15306,"name":"Warren Court (1957-1958)","href":"https:\/\/api.oyez.org\/courts\/warren6","view_count":0,"members":[{"ID":15099,"name":"Earl Warren","href":"https:\/\/api.oyez.org\/people\/earl_warren","view_count":0,"last_name":"Warren","roles":[{"id":2743,"type":"scotus_justice","date_start":-512503200,"date_end":-16570800,"appointing_president":"Dwight D. Eisenhower","role_title":"Chief Justice of the United States","institution_name":"Supreme Court of the United States","href":"https:\/\/api.oyez.org\/preson_role\/scotus_justice\/2743"}],"thumbnail":{"id":32704,"mime":"image\/png","size":50444,"href":"https:\/\/api.oyez.org\/sites\/default\/files\/images\/people\/earl_warren\/earl_warren.thumb.png"},"length_of_service":5740,"identifier":"earl_warren"},{"ID":15089,"name":"Hugo L. Black","href":"https:\/\/api.oyez.org\/people\/hugo_l_black","view_count":0,"last_name":"Black","roles":[{"id":2733,"type":"scotus_justice","date_start":-1021489200,"date_end":53931600,"appointing_president":"Franklin D. Roosevelt","role_title":"Associate Justice","institution_name":"Supreme Court of the United States","href":"https:\/\/api.oyez.org\/preson_role\/scotus_justice\/2733"}],"thumbnail":{"id":32719,"mime":"image\/png","size":51667,"href":"https:\/\/api.oyez.org\/sites\/default\/files\/images\/people\/hugo_l_black\/hugo_l_black.thumb.png"},"length_of_service":12447,"identifier":"hugo_l_black"},{"ID":15050,"name":"Felix Frankfurter","href":"https:\/\/api.oyez.org\/people\/felix_frankfurter","view_count":0,"last_name":"Frankfurter","roles":[{"id":2694,"type":"scotus_justice","date_start":-975780000,"date_end":-231793200,"appointing_president":"Franklin D. Roosevelt","role_title":"Associate Justice of the Supreme Court of the United States","institution_name":"Supreme Court of the United States","href":"https:\/\/api.oyez.org\/preson_role\/scotus_justice\/2694"}],"thumbnail":{"id":32706,"mime":"image\/png","size":45083,"href":"https:\/\/api.oyez.org\/sites\/default\/files\/images\/people\/felix_frankfurter\/felix_frankfurter.thumb.png"},"length_of_service":8611,"identifier":"felix_frankfurter"},{"ID":15107,"name":"William O. Douglas","href":"https:\/\/api.oyez.org\/people\/william_o_douglas","view_count":0,"last_name":"Douglas","roles":[{"id":2751,"type":"scotus_justice","date_start":-969127200,"date_end":185004000,"appointing_president":"Franklin D. Roosevelt","role_title":"Associate Justice of the Supreme Court of the United States","institution_name":"Supreme Court of the United States","href":"https:\/\/api.oyez.org\/preson_role\/scotus_justice\/2751"}],"thumbnail":{"id":32781,"mime":"image\/png","size":56651,"href":"https:\/\/api.oyez.org\/sites\/default\/files\/images\/people\/william_o_douglas\/william_o_douglas.thumb.png"},"length_of_service":13358,"identifier":"william_o_douglas"},{"ID":15127,"name":"Harold Burton","href":"https:\/\/api.oyez.org\/people\/harold_burton","view_count":0,"last_name":"Burton","roles":[{"id":2772,"type":"scotus_justice","date_start":-765309600,"date_end":-354049200,"appointing_president":"Harry S. Truman","role_title":"Associate Justice of the Supreme Court of the United States","institution_name":"Supreme Court of the United States","href":"https:\/\/api.oyez.org\/preson_role\/scotus_justice\/2772"}],"thumbnail":{"id":32711,"mime":"image\/png","size":34138,"href":"https:\/\/api.oyez.org\/sites\/default\/files\/images\/people\/harold_burton\/harold_burton.thumb.png"},"length_of_service":4760,"identifier":"harold_burton"},{"ID":15083,"name":"Tom C. Clark","href":"https:\/\/api.oyez.org\/people\/tom_c_clark","view_count":0,"last_name":"Clark","roles":[{"id":2727,"type":"scotus_justice","date_start":-642366000,"date_end":-80679600,"appointing_president":"Harry S. Truman","role_title":"Associate Justice of the Supreme Court of the United States","institution_name":"Supreme Court of the United States","href":"https:\/\/api.oyez.org\/preson_role\/scotus_justice\/2727"}],"thumbnail":{"id":32771,"mime":"image\/png","size":50879,"href":"https:\/\/api.oyez.org\/sites\/default\/files\/images\/people\/tom_c_clark\/tom_c_clark.thumb.png"},"length_of_service":6501,"identifier":"tom_c_clark"},{"ID":15097,"name":"John M. Harlan II","href":"https:\/\/api.oyez.org\/people\/john_m_harlan2","view_count":0,"last_name":"Harlan","roles":[{"id":2741,"type":"scotus_justice","date_start":-465933600,"date_end":54450000,"appointing_president":"Dwight D. Eisenhower","role_title":"Associate Justice of the Supreme Court of the United States","institution_name":"Supreme Court of the United States","href":"https:\/\/api.oyez.org\/preson_role\/scotus_justice\/2741"}],"thumbnail":{"id":32728,"mime":"image\/png","size":53784,"href":"https:\/\/api.oyez.org\/sites\/default\/files\/images\/people\/john_m_harlan2\/john_m_harlan2.thumb.png"},"length_of_service":6023,"identifier":"john_m_harlan2"},{"ID":15140,"name":"William J. Brennan, Jr.","href":"https:\/\/api.oyez.org\/people\/william_j_brennan_jr","view_count":0,"last_name":"Brennan","roles":[{"id":2786,"type":"scotus_justice","date_start":-416862000,"date_end":648450000,"appointing_president":"Dwight D. Eisenhower","role_title":"Associate Justice of the Supreme Court of the United States","institution_name":"Supreme Court of the United States","href":"https:\/\/api.oyez.org\/preson_role\/scotus_justice\/2786"}],"thumbnail":{"id":32778,"mime":"image\/png","size":56873,"href":"https:\/\/api.oyez.org\/sites\/default\/files\/images\/people\/william_j_brennan_jr\/william_j_brennan_jr.thumb.png"},"length_of_service":12330,"identifier":"william_j_brennan_jr"},{"ID":15082,"name":"Charles E. Whittaker","href":"https:\/\/api.oyez.org\/people\/charles_e_whittaker","view_count":0,"last_name":"Whittaker","roles":[{"id":2726,"type":"scotus_justice","date_start":-403034400,"date_end":-244749600,"appointing_president":"Dwight D. Eisenhower","role_title":"Associate Justice of the Supreme Court of the United States","institution_name":"Supreme Court of the United States","href":"https:\/\/api.oyez.org\/preson_role\/scotus_justice\/2726"}],"thumbnail":{"id":32700,"mime":"image\/png","size":50854,"href":"https:\/\/api.oyez.org\/sites\/default\/files\/images\/people\/charles_e_whittaker\/charles_e_whittaker.thumb.png"},"length_of_service":1832,"identifier":"charles_e_whittaker"}],"court_start":-403034400,"images":[{"id":12268,"mime":"image\/jpeg","size":26881,"href":"https:\/\/api.oyez.org\/sites\/default\/files\/images\/courts\/warren6.jpg"}],"identifier":"warren6"}],"decided_by":{"ID":15306,"name":"Warren Court (1957-1958)","href":"https:\/\/api.oyez.org\/courts\/warren6","view_count":0,"members":[{"ID":15099,"name":"Earl Warren","href":"https:\/\/api.oyez.org\/people\/earl_warren","view_count":0,"last_name":"Warren","roles":[{"id":2743,"type":"scotus_justice","date_start":-512503200,"date_end":-16570800,"appointing_president":"Dwight D. Eisenhower","role_title":"Chief Justice of the United States","institution_name":"Supreme Court of the United States","href":"https:\/\/api.oyez.org\/preson_role\/scotus_justice\/2743"}],"thumbnail":{"id":32704,"mime":"image\/png","size":50444,"href":"https:\/\/api.oyez.org\/sites\/default\/files\/images\/people\/earl_warren\/earl_warren.thumb.png"},"length_of_service":5740,"identifier":"earl_warren"},{"ID":15089,"name":"Hugo L. Black","href":"https:\/\/api.oyez.org\/people\/hugo_l_black","view_count":0,"last_name":"Black","roles":[{"id":2733,"type":"scotus_justice","date_start":-1021489200,"date_end":53931600,"appointing_president":"Franklin D. Roosevelt","role_title":"Associate Justice","institution_name":"Supreme Court of the United States","href":"https:\/\/api.oyez.org\/preson_role\/scotus_justice\/2733"}],"thumbnail":{"id":32719,"mime":"image\/png","size":51667,"href":"https:\/\/api.oyez.org\/sites\/default\/files\/images\/people\/hugo_l_black\/hugo_l_black.thumb.png"},"length_of_service":12447,"identifier":"hugo_l_black"},{"ID":15050,"name":"Felix Frankfurter","href":"https:\/\/api.oyez.org\/people\/felix_frankfurter","view_count":0,"last_name":"Frankfurter","roles":[{"id":2694,"type":"scotus_justice","date_start":-975780000,"date_end":-231793200,"appointing_president":"Franklin D. Roosevelt","role_title":"Associate Justice of the Supreme Court of the United States","institution_name":"Supreme Court of the United States","href":"https:\/\/api.oyez.org\/preson_role\/scotus_justice\/2694"}],"thumbnail":{"id":32706,"mime":"image\/png","size":45083,"href":"https:\/\/api.oyez.org\/sites\/default\/files\/images\/people\/felix_frankfurter\/felix_frankfurter.thumb.png"},"length_of_service":8611,"identifier":"felix_frankfurter"},{"ID":15107,"name":"William O. Douglas","href":"https:\/\/api.oyez.org\/people\/william_o_douglas","view_count":0,"last_name":"Douglas","roles":[{"id":2751,"type":"scotus_justice","date_start":-969127200,"date_end":185004000,"appointing_president":"Franklin D. Roosevelt","role_title":"Associate Justice of the Supreme Court of the United States","institution_name":"Supreme Court of the United States","href":"https:\/\/api.oyez.org\/preson_role\/scotus_justice\/2751"}],"thumbnail":{"id":32781,"mime":"image\/png","size":56651,"href":"https:\/\/api.oyez.org\/sites\/default\/files\/images\/people\/william_o_douglas\/william_o_douglas.thumb.png"},"length_of_service":13358,"identifier":"william_o_douglas"},{"ID":15127,"name":"Harold Burton","href":"https:\/\/api.oyez.org\/people\/harold_burton","view_count":0,"last_name":"Burton","roles":[{"id":2772,"type":"scotus_justice","date_start":-765309600,"date_end":-354049200,"appointing_president":"Harry S. Truman","role_title":"Associate Justice of the Supreme Court of the United States","institution_name":"Supreme Court of the United States","href":"https:\/\/api.oyez.org\/preson_role\/scotus_justice\/2772"}],"thumbnail":{"id":32711,"mime":"image\/png","size":34138,"href":"https:\/\/api.oyez.org\/sites\/default\/files\/images\/people\/harold_burton\/harold_burton.thumb.png"},"length_of_service":4760,"identifier":"harold_burton"},{"ID":15083,"name":"Tom C. Clark","href":"https:\/\/api.oyez.org\/people\/tom_c_clark","view_count":0,"last_name":"Clark","roles":[{"id":2727,"type":"scotus_justice","date_start":-642366000,"date_end":-80679600,"appointing_president":"Harry S. Truman","role_title":"Associate Justice of the Supreme Court of the United States","institution_name":"Supreme Court of the United States","href":"https:\/\/api.oyez.org\/preson_role\/scotus_justice\/2727"}],"thumbnail":{"id":32771,"mime":"image\/png","size":50879,"href":"https:\/\/api.oyez.org\/sites\/default\/files\/images\/people\/tom_c_clark\/tom_c_clark.thumb.png"},"length_of_service":6501,"identifier":"tom_c_clark"},{"ID":15097,"name":"John M. Harlan II","href":"https:\/\/api.oyez.org\/people\/john_m_harlan2","view_count":0,"last_name":"Harlan","roles":[{"id":2741,"type":"scotus_justice","date_start":-465933600,"date_end":54450000,"appointing_president":"Dwight D. Eisenhower","role_title":"Associate Justice of the Supreme Court of the United States","institution_name":"Supreme Court of the United States","href":"https:\/\/api.oyez.org\/preson_role\/scotus_justice\/2741"}],"thumbnail":{"id":32728,"mime":"image\/png","size":53784,"href":"https:\/\/api.oyez.org\/sites\/default\/files\/images\/people\/john_m_harlan2\/john_m_harlan2.thumb.png"},"length_of_service":6023,"identifier":"john_m_harlan2"},{"ID":15140,"name":"William J. Brennan, Jr.","href":"https:\/\/api.oyez.org\/people\/william_j_brennan_jr","view_count":0,"last_name":"Brennan","roles":[{"id":2786,"type":"scotus_justice","date_start":-416862000,"date_end":648450000,"appointing_president":"Dwight D. Eisenhower","role_title":"Associate Justice of the Supreme Court of the United States","institution_name":"Supreme Court of the United States","href":"https:\/\/api.oyez.org\/preson_role\/scotus_justice\/2786"}],"thumbnail":{"id":32778,"mime":"image\/png","size":56873,"href":"https:\/\/api.oyez.org\/sites\/default\/files\/images\/people\/william_j_brennan_jr\/william_j_brennan_jr.thumb.png"},"length_of_service":12330,"identifier":"william_j_brennan_jr"},{"ID":15082,"name":"Charles E. Whittaker","href":"https:\/\/api.oyez.org\/people\/charles_e_whittaker","view_count":0,"last_name":"Whittaker","roles":[{"id":2726,"type":"scotus_justice","date_start":-403034400,"date_end":-244749600,"appointing_president":"Dwight D. Eisenhower","role_title":"Associate Justice of the Supreme Court of the United States","institution_name":"Supreme Court of the United States","href":"https:\/\/api.oyez.org\/preson_role\/scotus_justice\/2726"}],"thumbnail":{"id":32700,"mime":"image\/png","size":50854,"href":"https:\/\/api.oyez.org\/sites\/default\/files\/images\/people\/charles_e_whittaker\/charles_e_whittaker.thumb.png"},"length_of_service":1832,"identifier":"charles_e_whittaker"}],"court_start":-403034400,"images":[{"id":12268,"mime":"image\/jpeg","size":26881,"href":"https:\/\/api.oyez.org\/sites\/default\/files\/images\/courts\/warren6.jpg"}],"identifier":"warren6"},"term":"1958","location":null,"opinion_announcement":null,"description":null,"written_opinion":[{"id":14955,"title":"Syllabus","author":null,"type":{"value":"syllabus","label":"Syllabus"},"justia_opinion_id":1942316,"justia_opinion_url":"https:\/\/supreme.justia.com\/cases\/federal\/us\/359\/121\/","judge_full_name":null,"judge_last_name":null,"title_overwrite":null,"href":"https:\/\/api.oyez.org\/case_document\/written_opinion\/14955"},{"id":14956,"title":"View Case","author":null,"type":{"value":"case","label":null},"justia_opinion_id":1942317,"justia_opinion_url":"https:\/\/supreme.justia.com\/cases\/federal\/us\/359\/121\/case.html","judge_full_name":null,"judge_last_name":null,"title_overwrite":null,"href":"https:\/\/api.oyez.org\/case_document\/written_opinion\/14956"}],"related_cases":null,"justia_url":"https:\/\/supreme.justia.com\/cases\/federal\/us\/359\/121\/","argument2_url":null}