{"ID":59690,"name":"Scales v. United States","href":"https:\/\/api.oyez.org\/cases\/1960\/1","view_count":0,"docket_number":"1","additional_docket_numbers":null,"manner_of_jurisdiction":"Writ of \u003Ci\u003Ecertiorari\u003C\/i\u003E","first_party":"Junius Irving Scales","second_party":"United States","timeline":[{"event":"Argued","dates":[-336942000],"href":"https:\/\/api.oyez.org\/case_timeline\/case_timeline\/47655"},{"event":"Reargued","dates":[-291150000],"href":"https:\/\/api.oyez.org\/case_timeline\/case_timeline\/52668"},{"event":"Decided","dates":[-270586800],"href":"https:\/\/api.oyez.org\/case_timeline\/case_timeline\/47656"}],"lower_court":{"ID":7,"name":"United States Court of Appeals for the Second Circuit","href":"https:\/\/api.oyez.org\/taxonomy\/term\/7"},"facts_of_the_case":"\u003Cp\u003EThe Smith Act\u0027s membership clause prohibited membership in organizations advocating the violent or forceful overthrow of the United States government. Junius Scales was criminally charged with membership in the Communist Party of the United States (\u0022Party\u0022) because it advocated the overthrow of the government \u0022as speedily as circumstances would permit.\u0022 Challenging his felony charge, Scales claimed that the Internal Security Act of 1950 (\u0022Security Act\u0022) stated that membership in a Communist organization shall not constitute a per se violation of any criminal statute. After failing in both a district and appellate court, the Supreme Court granted review.\u003C\/p\u003E\n","question":"\u003Cp\u003EDoes a Communist Party member\u0027s conviction under the Smith Act, which makes a felony the knowing membership in organizations advocating the violent or forceful overthrow of the United States government, violate the Fifth Amendment\u0027s due process clause in light of the apparent protections afforded to such members under the Internal Security Act?\u003C\/p\u003E\n","conclusion":"\u003Cp\u003ENo. In a 5-to-4 decision, the Court held that the Security Act protects \u0022per se\u0022 members of an organization from criminal prosecution. The Smith Act, by contrast, goes beyond \u0022per se\u0022 participation by targeting those whose membership in an organization entails their knowing and deliberate participation in criminal activity. In light of this distinction, the Court noted, the two Acts are not conflicted. Since Scales, at the very least, knew, encouraged, and provoked illegal Party activities over the course of his eight year membership, he was guilty under the Smith Act of complicity in the commission of criminal activity.\u003C\/p\u003E\n","advocates":[{"advocate":{"ID":43387,"name":"Telford Taylor","href":"https:\/\/api.oyez.org\/people\/telford_taylor","view_count":0,"last_name":"Taylor","roles":null,"thumbnail":null,"length_of_service":0,"identifier":"telford_taylor"},"advocate_description":"for the petitioner","href":"https:\/\/api.oyez.org\/case_advocate\/case_advocate\/21014"},{"advocate":{"ID":35692,"name":"Mr John F. Davis","href":"https:\/\/api.oyez.org\/people\/mr_john_f_davis","view_count":0,"last_name":"Davis","roles":null,"thumbnail":null,"length_of_service":0,"identifier":"mr_john_f_davis"},"advocate_description":"for the United States","href":"https:\/\/api.oyez.org\/case_advocate\/case_advocate\/21015"}],"oral_argument_audio":[{"id":13552,"title":"Oral Argument - April 29, 1959 (Part 1)","public_note":null,"unavailable":null,"display_title":null,"href":"https:\/\/api.oyez.org\/case_media\/oral_argument_audio\/13552"},{"id":13619,"title":"Oral Argument - April 29, 1959 (Part 2)","public_note":null,"unavailable":null,"display_title":null,"href":"https:\/\/api.oyez.org\/case_media\/oral_argument_audio\/13619"},{"id":23575,"title":"Oral Reargument - October 10, 1960 (Part 1)","public_note":null,"unavailable":null,"display_title":null,"href":"https:\/\/api.oyez.org\/case_media\/oral_argument_audio\/23575"},{"id":23597,"title":"Oral Reargument - October 10, 1960 (Part 2)","public_note":null,"unavailable":null,"display_title":null,"href":"https:\/\/api.oyez.org\/case_media\/oral_argument_audio\/23597"}],"citation":{"volume":"367","page":"203","year":"1961","href":"https:\/\/api.oyez.org\/case_citation\/case_citation\/24472"},"decisions":[{"description":"Membership in the Communist Party is a felony under the Smith Act","votes":[{"member":{"ID":15097,"name":"John M. Harlan II","href":"https:\/\/api.oyez.org\/people\/john_m_harlan2","view_count":0,"last_name":"Harlan","roles":[{"id":2741,"type":"scotus_justice","date_start":-465933600,"date_end":54450000,"appointing_president":"Dwight D. Eisenhower","role_title":"Associate Justice of the Supreme Court of the United States","institution_name":"Supreme Court of the United States","href":"https:\/\/api.oyez.org\/preson_role\/scotus_justice\/2741"}],"thumbnail":{"id":32728,"mime":"image\/png","size":53784,"href":"https:\/\/api.oyez.org\/sites\/default\/files\/images\/people\/john_m_harlan2\/john_m_harlan2.thumb.png"},"length_of_service":6023,"identifier":"john_m_harlan2"},"vote":"majority","opinion_type":"majority","joining":null,"seniority":6,"ideology":1.907,"href":"https:\/\/api.oyez.org\/decision_vote\/decision_vote\/134172"},{"member":{"ID":15043,"name":"Potter Stewart","href":"https:\/\/api.oyez.org\/people\/potter_stewart","view_count":0,"last_name":"Stewart","roles":[{"id":2687,"type":"scotus_justice","date_start":-353962800,"date_end":362984400,"appointing_president":"Dwight D. Eisenhower","role_title":"Associate Justice of the Supreme Court of the United States","institution_name":"Supreme Court of the United States","href":"https:\/\/api.oyez.org\/preson_role\/scotus_justice\/2687"}],"thumbnail":{"id":32752,"mime":"image\/png","size":56350,"href":"https:\/\/api.oyez.org\/sites\/default\/files\/images\/people\/potter_stewart\/potter_stewart.thumb.png"},"length_of_service":8298,"identifier":"potter_stewart"},"vote":"majority","opinion_type":"none","joining":[{"ID":15097,"name":"John M. Harlan II","href":"https:\/\/api.oyez.org\/people\/john_m_harlan2","view_count":0,"last_name":"Harlan","roles":[{"id":2741,"type":"scotus_justice","date_start":-465933600,"date_end":54450000,"appointing_president":"Dwight D. Eisenhower","role_title":"Associate Justice of the Supreme Court of the United States","institution_name":"Supreme Court of the United States","href":"https:\/\/api.oyez.org\/preson_role\/scotus_justice\/2741"}],"thumbnail":{"id":32728,"mime":"image\/png","size":53784,"href":"https:\/\/api.oyez.org\/sites\/default\/files\/images\/people\/john_m_harlan2\/john_m_harlan2.thumb.png"},"length_of_service":6023,"identifier":"john_m_harlan2"}],"seniority":9,"ideology":0.48,"href":"https:\/\/api.oyez.org\/decision_vote\/decision_vote\/134173"},{"member":{"ID":15082,"name":"Charles E. Whittaker","href":"https:\/\/api.oyez.org\/people\/charles_e_whittaker","view_count":0,"last_name":"Whittaker","roles":[{"id":2726,"type":"scotus_justice","date_start":-403034400,"date_end":-244749600,"appointing_president":"Dwight D. Eisenhower","role_title":"Associate Justice of the Supreme Court of the United States","institution_name":"Supreme Court of the United States","href":"https:\/\/api.oyez.org\/preson_role\/scotus_justice\/2726"}],"thumbnail":{"id":32700,"mime":"image\/png","size":50854,"href":"https:\/\/api.oyez.org\/sites\/default\/files\/images\/people\/charles_e_whittaker\/charles_e_whittaker.thumb.png"},"length_of_service":1832,"identifier":"charles_e_whittaker"},"vote":"majority","opinion_type":"none","joining":[{"ID":15097,"name":"John M. Harlan II","href":"https:\/\/api.oyez.org\/people\/john_m_harlan2","view_count":0,"last_name":"Harlan","roles":[{"id":2741,"type":"scotus_justice","date_start":-465933600,"date_end":54450000,"appointing_president":"Dwight D. Eisenhower","role_title":"Associate Justice of the Supreme Court of the United States","institution_name":"Supreme Court of the United States","href":"https:\/\/api.oyez.org\/preson_role\/scotus_justice\/2741"}],"thumbnail":{"id":32728,"mime":"image\/png","size":53784,"href":"https:\/\/api.oyez.org\/sites\/default\/files\/images\/people\/john_m_harlan2\/john_m_harlan2.thumb.png"},"length_of_service":6023,"identifier":"john_m_harlan2"}],"seniority":8,"ideology":1.278,"href":"https:\/\/api.oyez.org\/decision_vote\/decision_vote\/134174"},{"member":{"ID":15083,"name":"Tom C. Clark","href":"https:\/\/api.oyez.org\/people\/tom_c_clark","view_count":0,"last_name":"Clark","roles":[{"id":2727,"type":"scotus_justice","date_start":-642366000,"date_end":-80679600,"appointing_president":"Harry S. Truman","role_title":"Associate Justice of the Supreme Court of the United States","institution_name":"Supreme Court of the United States","href":"https:\/\/api.oyez.org\/preson_role\/scotus_justice\/2727"}],"thumbnail":{"id":32771,"mime":"image\/png","size":50879,"href":"https:\/\/api.oyez.org\/sites\/default\/files\/images\/people\/tom_c_clark\/tom_c_clark.thumb.png"},"length_of_service":6501,"identifier":"tom_c_clark"},"vote":"majority","opinion_type":"none","joining":[{"ID":15097,"name":"John M. Harlan II","href":"https:\/\/api.oyez.org\/people\/john_m_harlan2","view_count":0,"last_name":"Harlan","roles":[{"id":2741,"type":"scotus_justice","date_start":-465933600,"date_end":54450000,"appointing_president":"Dwight D. Eisenhower","role_title":"Associate Justice of the Supreme Court of the United States","institution_name":"Supreme Court of the United States","href":"https:\/\/api.oyez.org\/preson_role\/scotus_justice\/2741"}],"thumbnail":{"id":32728,"mime":"image\/png","size":53784,"href":"https:\/\/api.oyez.org\/sites\/default\/files\/images\/people\/john_m_harlan2\/john_m_harlan2.thumb.png"},"length_of_service":6023,"identifier":"john_m_harlan2"}],"seniority":5,"ideology":0.797,"href":"https:\/\/api.oyez.org\/decision_vote\/decision_vote\/134175"},{"member":{"ID":15050,"name":"Felix Frankfurter","href":"https:\/\/api.oyez.org\/people\/felix_frankfurter","view_count":0,"last_name":"Frankfurter","roles":[{"id":2694,"type":"scotus_justice","date_start":-975780000,"date_end":-231793200,"appointing_president":"Franklin D. Roosevelt","role_title":"Associate Justice of the Supreme Court of the United States","institution_name":"Supreme Court of the United States","href":"https:\/\/api.oyez.org\/preson_role\/scotus_justice\/2694"}],"thumbnail":{"id":32706,"mime":"image\/png","size":45083,"href":"https:\/\/api.oyez.org\/sites\/default\/files\/images\/people\/felix_frankfurter\/felix_frankfurter.thumb.png"},"length_of_service":8611,"identifier":"felix_frankfurter"},"vote":"majority","opinion_type":"none","joining":[{"ID":15097,"name":"John M. Harlan II","href":"https:\/\/api.oyez.org\/people\/john_m_harlan2","view_count":0,"last_name":"Harlan","roles":[{"id":2741,"type":"scotus_justice","date_start":-465933600,"date_end":54450000,"appointing_president":"Dwight D. Eisenhower","role_title":"Associate Justice of the Supreme Court of the United States","institution_name":"Supreme Court of the United States","href":"https:\/\/api.oyez.org\/preson_role\/scotus_justice\/2741"}],"thumbnail":{"id":32728,"mime":"image\/png","size":53784,"href":"https:\/\/api.oyez.org\/sites\/default\/files\/images\/people\/john_m_harlan2\/john_m_harlan2.thumb.png"},"length_of_service":6023,"identifier":"john_m_harlan2"}],"seniority":3,"ideology":1.763,"href":"https:\/\/api.oyez.org\/decision_vote\/decision_vote\/134176"},{"member":{"ID":15089,"name":"Hugo L. Black","href":"https:\/\/api.oyez.org\/people\/hugo_l_black","view_count":0,"last_name":"Black","roles":[{"id":2733,"type":"scotus_justice","date_start":-1021489200,"date_end":53931600,"appointing_president":"Franklin D. Roosevelt","role_title":"Associate Justice","institution_name":"Supreme Court of the United States","href":"https:\/\/api.oyez.org\/preson_role\/scotus_justice\/2733"}],"thumbnail":{"id":32719,"mime":"image\/png","size":51667,"href":"https:\/\/api.oyez.org\/sites\/default\/files\/images\/people\/hugo_l_black\/hugo_l_black.thumb.png"},"length_of_service":12447,"identifier":"hugo_l_black"},"vote":"minority","opinion_type":"dissent","joining":null,"seniority":2,"ideology":-1.935,"href":"https:\/\/api.oyez.org\/decision_vote\/decision_vote\/134177"},{"member":{"ID":15107,"name":"William O. Douglas","href":"https:\/\/api.oyez.org\/people\/william_o_douglas","view_count":0,"last_name":"Douglas","roles":[{"id":2751,"type":"scotus_justice","date_start":-969127200,"date_end":185004000,"appointing_president":"Franklin D. Roosevelt","role_title":"Associate Justice of the Supreme Court of the United States","institution_name":"Supreme Court of the United States","href":"https:\/\/api.oyez.org\/preson_role\/scotus_justice\/2751"}],"thumbnail":{"id":32781,"mime":"image\/png","size":56651,"href":"https:\/\/api.oyez.org\/sites\/default\/files\/images\/people\/william_o_douglas\/william_o_douglas.thumb.png"},"length_of_service":13358,"identifier":"william_o_douglas"},"vote":"minority","opinion_type":"dissent","joining":[{"ID":15140,"name":"William J. Brennan, Jr.","href":"https:\/\/api.oyez.org\/people\/william_j_brennan_jr","view_count":0,"last_name":"Brennan","roles":[{"id":2786,"type":"scotus_justice","date_start":-416862000,"date_end":648450000,"appointing_president":"Dwight D. Eisenhower","role_title":"Associate Justice of the Supreme Court of the United States","institution_name":"Supreme Court of the United States","href":"https:\/\/api.oyez.org\/preson_role\/scotus_justice\/2786"}],"thumbnail":{"id":32778,"mime":"image\/png","size":56873,"href":"https:\/\/api.oyez.org\/sites\/default\/files\/images\/people\/william_j_brennan_jr\/william_j_brennan_jr.thumb.png"},"length_of_service":12330,"identifier":"william_j_brennan_jr"}],"seniority":4,"ideology":-5.882,"href":"https:\/\/api.oyez.org\/decision_vote\/decision_vote\/134178"},{"member":{"ID":15140,"name":"William J. Brennan, Jr.","href":"https:\/\/api.oyez.org\/people\/william_j_brennan_jr","view_count":0,"last_name":"Brennan","roles":[{"id":2786,"type":"scotus_justice","date_start":-416862000,"date_end":648450000,"appointing_president":"Dwight D. Eisenhower","role_title":"Associate Justice of the Supreme Court of the United States","institution_name":"Supreme Court of the United States","href":"https:\/\/api.oyez.org\/preson_role\/scotus_justice\/2786"}],"thumbnail":{"id":32778,"mime":"image\/png","size":56873,"href":"https:\/\/api.oyez.org\/sites\/default\/files\/images\/people\/william_j_brennan_jr\/william_j_brennan_jr.thumb.png"},"length_of_service":12330,"identifier":"william_j_brennan_jr"},"vote":"minority","opinion_type":"dissent","joining":null,"seniority":7,"ideology":-0.893,"href":"https:\/\/api.oyez.org\/decision_vote\/decision_vote\/134179"},{"member":{"ID":15099,"name":"Earl Warren","href":"https:\/\/api.oyez.org\/people\/earl_warren","view_count":0,"last_name":"Warren","roles":[{"id":2743,"type":"scotus_justice","date_start":-512503200,"date_end":-16570800,"appointing_president":"Dwight D. Eisenhower","role_title":"Chief Justice of the United States","institution_name":"Supreme Court of the United States","href":"https:\/\/api.oyez.org\/preson_role\/scotus_justice\/2743"}],"thumbnail":{"id":32704,"mime":"image\/png","size":50444,"href":"https:\/\/api.oyez.org\/sites\/default\/files\/images\/people\/earl_warren\/earl_warren.thumb.png"},"length_of_service":5740,"identifier":"earl_warren"},"vote":"minority","opinion_type":"none","joining":[{"ID":15140,"name":"William J. Brennan, Jr.","href":"https:\/\/api.oyez.org\/people\/william_j_brennan_jr","view_count":0,"last_name":"Brennan","roles":[{"id":2786,"type":"scotus_justice","date_start":-416862000,"date_end":648450000,"appointing_president":"Dwight D. Eisenhower","role_title":"Associate Justice of the Supreme Court of the United States","institution_name":"Supreme Court of the United States","href":"https:\/\/api.oyez.org\/preson_role\/scotus_justice\/2786"}],"thumbnail":{"id":32778,"mime":"image\/png","size":56873,"href":"https:\/\/api.oyez.org\/sites\/default\/files\/images\/people\/william_j_brennan_jr\/william_j_brennan_jr.thumb.png"},"length_of_service":12330,"identifier":"william_j_brennan_jr"}],"seniority":1,"ideology":-1.433,"href":"https:\/\/api.oyez.org\/decision_vote\/decision_vote\/134180"}],"majority_vote":5,"minority_vote":4,"winning_party":"United States","decision_type":"majority opinion","href":"https:\/\/api.oyez.org\/case_decision\/case_decision\/8418"}],"first_party_label":"Petitioner","second_party_label":"Respondent","heard_by":[{"ID":15293,"name":"Warren Court (1958-1962)","href":"https:\/\/api.oyez.org\/courts\/warren7","view_count":0,"members":[{"ID":15099,"name":"Earl Warren","href":"https:\/\/api.oyez.org\/people\/earl_warren","view_count":0,"last_name":"Warren","roles":[{"id":2743,"type":"scotus_justice","date_start":-512503200,"date_end":-16570800,"appointing_president":"Dwight D. Eisenhower","role_title":"Chief Justice of the United States","institution_name":"Supreme Court of the United States","href":"https:\/\/api.oyez.org\/preson_role\/scotus_justice\/2743"}],"thumbnail":{"id":32704,"mime":"image\/png","size":50444,"href":"https:\/\/api.oyez.org\/sites\/default\/files\/images\/people\/earl_warren\/earl_warren.thumb.png"},"length_of_service":5740,"identifier":"earl_warren"},{"ID":15089,"name":"Hugo L. Black","href":"https:\/\/api.oyez.org\/people\/hugo_l_black","view_count":0,"last_name":"Black","roles":[{"id":2733,"type":"scotus_justice","date_start":-1021489200,"date_end":53931600,"appointing_president":"Franklin D. Roosevelt","role_title":"Associate Justice","institution_name":"Supreme Court of the United States","href":"https:\/\/api.oyez.org\/preson_role\/scotus_justice\/2733"}],"thumbnail":{"id":32719,"mime":"image\/png","size":51667,"href":"https:\/\/api.oyez.org\/sites\/default\/files\/images\/people\/hugo_l_black\/hugo_l_black.thumb.png"},"length_of_service":12447,"identifier":"hugo_l_black"},{"ID":15050,"name":"Felix Frankfurter","href":"https:\/\/api.oyez.org\/people\/felix_frankfurter","view_count":0,"last_name":"Frankfurter","roles":[{"id":2694,"type":"scotus_justice","date_start":-975780000,"date_end":-231793200,"appointing_president":"Franklin D. Roosevelt","role_title":"Associate Justice of the Supreme Court of the United States","institution_name":"Supreme Court of the United States","href":"https:\/\/api.oyez.org\/preson_role\/scotus_justice\/2694"}],"thumbnail":{"id":32706,"mime":"image\/png","size":45083,"href":"https:\/\/api.oyez.org\/sites\/default\/files\/images\/people\/felix_frankfurter\/felix_frankfurter.thumb.png"},"length_of_service":8611,"identifier":"felix_frankfurter"},{"ID":15107,"name":"William O. Douglas","href":"https:\/\/api.oyez.org\/people\/william_o_douglas","view_count":0,"last_name":"Douglas","roles":[{"id":2751,"type":"scotus_justice","date_start":-969127200,"date_end":185004000,"appointing_president":"Franklin D. Roosevelt","role_title":"Associate Justice of the Supreme Court of the United States","institution_name":"Supreme Court of the United States","href":"https:\/\/api.oyez.org\/preson_role\/scotus_justice\/2751"}],"thumbnail":{"id":32781,"mime":"image\/png","size":56651,"href":"https:\/\/api.oyez.org\/sites\/default\/files\/images\/people\/william_o_douglas\/william_o_douglas.thumb.png"},"length_of_service":13358,"identifier":"william_o_douglas"},{"ID":15083,"name":"Tom C. Clark","href":"https:\/\/api.oyez.org\/people\/tom_c_clark","view_count":0,"last_name":"Clark","roles":[{"id":2727,"type":"scotus_justice","date_start":-642366000,"date_end":-80679600,"appointing_president":"Harry S. Truman","role_title":"Associate Justice of the Supreme Court of the United States","institution_name":"Supreme Court of the United States","href":"https:\/\/api.oyez.org\/preson_role\/scotus_justice\/2727"}],"thumbnail":{"id":32771,"mime":"image\/png","size":50879,"href":"https:\/\/api.oyez.org\/sites\/default\/files\/images\/people\/tom_c_clark\/tom_c_clark.thumb.png"},"length_of_service":6501,"identifier":"tom_c_clark"},{"ID":15097,"name":"John M. Harlan II","href":"https:\/\/api.oyez.org\/people\/john_m_harlan2","view_count":0,"last_name":"Harlan","roles":[{"id":2741,"type":"scotus_justice","date_start":-465933600,"date_end":54450000,"appointing_president":"Dwight D. Eisenhower","role_title":"Associate Justice of the Supreme Court of the United States","institution_name":"Supreme Court of the United States","href":"https:\/\/api.oyez.org\/preson_role\/scotus_justice\/2741"}],"thumbnail":{"id":32728,"mime":"image\/png","size":53784,"href":"https:\/\/api.oyez.org\/sites\/default\/files\/images\/people\/john_m_harlan2\/john_m_harlan2.thumb.png"},"length_of_service":6023,"identifier":"john_m_harlan2"},{"ID":15140,"name":"William J. Brennan, Jr.","href":"https:\/\/api.oyez.org\/people\/william_j_brennan_jr","view_count":0,"last_name":"Brennan","roles":[{"id":2786,"type":"scotus_justice","date_start":-416862000,"date_end":648450000,"appointing_president":"Dwight D. Eisenhower","role_title":"Associate Justice of the Supreme Court of the United States","institution_name":"Supreme Court of the United States","href":"https:\/\/api.oyez.org\/preson_role\/scotus_justice\/2786"}],"thumbnail":{"id":32778,"mime":"image\/png","size":56873,"href":"https:\/\/api.oyez.org\/sites\/default\/files\/images\/people\/william_j_brennan_jr\/william_j_brennan_jr.thumb.png"},"length_of_service":12330,"identifier":"william_j_brennan_jr"},{"ID":15082,"name":"Charles E. Whittaker","href":"https:\/\/api.oyez.org\/people\/charles_e_whittaker","view_count":0,"last_name":"Whittaker","roles":[{"id":2726,"type":"scotus_justice","date_start":-403034400,"date_end":-244749600,"appointing_president":"Dwight D. Eisenhower","role_title":"Associate Justice of the Supreme Court of the United States","institution_name":"Supreme Court of the United States","href":"https:\/\/api.oyez.org\/preson_role\/scotus_justice\/2726"}],"thumbnail":{"id":32700,"mime":"image\/png","size":50854,"href":"https:\/\/api.oyez.org\/sites\/default\/files\/images\/people\/charles_e_whittaker\/charles_e_whittaker.thumb.png"},"length_of_service":1832,"identifier":"charles_e_whittaker"},{"ID":15043,"name":"Potter Stewart","href":"https:\/\/api.oyez.org\/people\/potter_stewart","view_count":0,"last_name":"Stewart","roles":[{"id":2687,"type":"scotus_justice","date_start":-353962800,"date_end":362984400,"appointing_president":"Dwight D. Eisenhower","role_title":"Associate Justice of the Supreme Court of the United States","institution_name":"Supreme Court of the United States","href":"https:\/\/api.oyez.org\/preson_role\/scotus_justice\/2687"}],"thumbnail":{"id":32752,"mime":"image\/png","size":56350,"href":"https:\/\/api.oyez.org\/sites\/default\/files\/images\/people\/potter_stewart\/potter_stewart.thumb.png"},"length_of_service":8298,"identifier":"potter_stewart"}],"court_start":-354049200,"images":[{"id":12262,"mime":"image\/jpeg","size":26798,"href":"https:\/\/api.oyez.org\/sites\/default\/files\/images\/courts\/warren7.jpg"}],"identifier":"warren7"}],"decided_by":{"ID":15293,"name":"Warren Court (1958-1962)","href":"https:\/\/api.oyez.org\/courts\/warren7","view_count":0,"members":[{"ID":15099,"name":"Earl Warren","href":"https:\/\/api.oyez.org\/people\/earl_warren","view_count":0,"last_name":"Warren","roles":[{"id":2743,"type":"scotus_justice","date_start":-512503200,"date_end":-16570800,"appointing_president":"Dwight D. Eisenhower","role_title":"Chief Justice of the United States","institution_name":"Supreme Court of the United States","href":"https:\/\/api.oyez.org\/preson_role\/scotus_justice\/2743"}],"thumbnail":{"id":32704,"mime":"image\/png","size":50444,"href":"https:\/\/api.oyez.org\/sites\/default\/files\/images\/people\/earl_warren\/earl_warren.thumb.png"},"length_of_service":5740,"identifier":"earl_warren"},{"ID":15089,"name":"Hugo L. Black","href":"https:\/\/api.oyez.org\/people\/hugo_l_black","view_count":0,"last_name":"Black","roles":[{"id":2733,"type":"scotus_justice","date_start":-1021489200,"date_end":53931600,"appointing_president":"Franklin D. Roosevelt","role_title":"Associate Justice","institution_name":"Supreme Court of the United States","href":"https:\/\/api.oyez.org\/preson_role\/scotus_justice\/2733"}],"thumbnail":{"id":32719,"mime":"image\/png","size":51667,"href":"https:\/\/api.oyez.org\/sites\/default\/files\/images\/people\/hugo_l_black\/hugo_l_black.thumb.png"},"length_of_service":12447,"identifier":"hugo_l_black"},{"ID":15050,"name":"Felix Frankfurter","href":"https:\/\/api.oyez.org\/people\/felix_frankfurter","view_count":0,"last_name":"Frankfurter","roles":[{"id":2694,"type":"scotus_justice","date_start":-975780000,"date_end":-231793200,"appointing_president":"Franklin D. Roosevelt","role_title":"Associate Justice of the Supreme Court of the United States","institution_name":"Supreme Court of the United States","href":"https:\/\/api.oyez.org\/preson_role\/scotus_justice\/2694"}],"thumbnail":{"id":32706,"mime":"image\/png","size":45083,"href":"https:\/\/api.oyez.org\/sites\/default\/files\/images\/people\/felix_frankfurter\/felix_frankfurter.thumb.png"},"length_of_service":8611,"identifier":"felix_frankfurter"},{"ID":15107,"name":"William O. Douglas","href":"https:\/\/api.oyez.org\/people\/william_o_douglas","view_count":0,"last_name":"Douglas","roles":[{"id":2751,"type":"scotus_justice","date_start":-969127200,"date_end":185004000,"appointing_president":"Franklin D. Roosevelt","role_title":"Associate Justice of the Supreme Court of the United States","institution_name":"Supreme Court of the United States","href":"https:\/\/api.oyez.org\/preson_role\/scotus_justice\/2751"}],"thumbnail":{"id":32781,"mime":"image\/png","size":56651,"href":"https:\/\/api.oyez.org\/sites\/default\/files\/images\/people\/william_o_douglas\/william_o_douglas.thumb.png"},"length_of_service":13358,"identifier":"william_o_douglas"},{"ID":15083,"name":"Tom C. Clark","href":"https:\/\/api.oyez.org\/people\/tom_c_clark","view_count":0,"last_name":"Clark","roles":[{"id":2727,"type":"scotus_justice","date_start":-642366000,"date_end":-80679600,"appointing_president":"Harry S. Truman","role_title":"Associate Justice of the Supreme Court of the United States","institution_name":"Supreme Court of the United States","href":"https:\/\/api.oyez.org\/preson_role\/scotus_justice\/2727"}],"thumbnail":{"id":32771,"mime":"image\/png","size":50879,"href":"https:\/\/api.oyez.org\/sites\/default\/files\/images\/people\/tom_c_clark\/tom_c_clark.thumb.png"},"length_of_service":6501,"identifier":"tom_c_clark"},{"ID":15097,"name":"John M. Harlan II","href":"https:\/\/api.oyez.org\/people\/john_m_harlan2","view_count":0,"last_name":"Harlan","roles":[{"id":2741,"type":"scotus_justice","date_start":-465933600,"date_end":54450000,"appointing_president":"Dwight D. Eisenhower","role_title":"Associate Justice of the Supreme Court of the United States","institution_name":"Supreme Court of the United States","href":"https:\/\/api.oyez.org\/preson_role\/scotus_justice\/2741"}],"thumbnail":{"id":32728,"mime":"image\/png","size":53784,"href":"https:\/\/api.oyez.org\/sites\/default\/files\/images\/people\/john_m_harlan2\/john_m_harlan2.thumb.png"},"length_of_service":6023,"identifier":"john_m_harlan2"},{"ID":15140,"name":"William J. Brennan, Jr.","href":"https:\/\/api.oyez.org\/people\/william_j_brennan_jr","view_count":0,"last_name":"Brennan","roles":[{"id":2786,"type":"scotus_justice","date_start":-416862000,"date_end":648450000,"appointing_president":"Dwight D. Eisenhower","role_title":"Associate Justice of the Supreme Court of the United States","institution_name":"Supreme Court of the United States","href":"https:\/\/api.oyez.org\/preson_role\/scotus_justice\/2786"}],"thumbnail":{"id":32778,"mime":"image\/png","size":56873,"href":"https:\/\/api.oyez.org\/sites\/default\/files\/images\/people\/william_j_brennan_jr\/william_j_brennan_jr.thumb.png"},"length_of_service":12330,"identifier":"william_j_brennan_jr"},{"ID":15082,"name":"Charles E. Whittaker","href":"https:\/\/api.oyez.org\/people\/charles_e_whittaker","view_count":0,"last_name":"Whittaker","roles":[{"id":2726,"type":"scotus_justice","date_start":-403034400,"date_end":-244749600,"appointing_president":"Dwight D. Eisenhower","role_title":"Associate Justice of the Supreme Court of the United States","institution_name":"Supreme Court of the United States","href":"https:\/\/api.oyez.org\/preson_role\/scotus_justice\/2726"}],"thumbnail":{"id":32700,"mime":"image\/png","size":50854,"href":"https:\/\/api.oyez.org\/sites\/default\/files\/images\/people\/charles_e_whittaker\/charles_e_whittaker.thumb.png"},"length_of_service":1832,"identifier":"charles_e_whittaker"},{"ID":15043,"name":"Potter Stewart","href":"https:\/\/api.oyez.org\/people\/potter_stewart","view_count":0,"last_name":"Stewart","roles":[{"id":2687,"type":"scotus_justice","date_start":-353962800,"date_end":362984400,"appointing_president":"Dwight D. Eisenhower","role_title":"Associate Justice of the Supreme Court of the United States","institution_name":"Supreme Court of the United States","href":"https:\/\/api.oyez.org\/preson_role\/scotus_justice\/2687"}],"thumbnail":{"id":32752,"mime":"image\/png","size":56350,"href":"https:\/\/api.oyez.org\/sites\/default\/files\/images\/people\/potter_stewart\/potter_stewart.thumb.png"},"length_of_service":8298,"identifier":"potter_stewart"}],"court_start":-354049200,"images":[{"id":12262,"mime":"image\/jpeg","size":26798,"href":"https:\/\/api.oyez.org\/sites\/default\/files\/images\/courts\/warren7.jpg"}],"identifier":"warren7"},"term":"1960","location":null,"opinion_announcement":null,"description":"Scales was prosecuted and convicted of a felony for his membership in the Communist Party, which advocated the violent overthrow of the government, and was illegal under the Smith Act.","written_opinion":[{"id":14313,"title":"Syllabus","author":null,"type":{"value":"syllabus","label":"Syllabus"},"justia_opinion_id":1943368,"justia_opinion_url":"https:\/\/supreme.justia.com\/cases\/federal\/us\/367\/203\/","judge_full_name":null,"judge_last_name":null,"title_overwrite":null,"href":"https:\/\/api.oyez.org\/case_document\/written_opinion\/14313"},{"id":14314,"title":"View Case","author":null,"type":{"value":"case","label":null},"justia_opinion_id":1943369,"justia_opinion_url":"https:\/\/supreme.justia.com\/cases\/federal\/us\/367\/203\/case.html","judge_full_name":null,"judge_last_name":null,"title_overwrite":null,"href":"https:\/\/api.oyez.org\/case_document\/written_opinion\/14314"}],"related_cases":null,"justia_url":"https:\/\/supreme.justia.com\/cases\/federal\/us\/367\/203\/","argument2_url":null}