{"ID":60221,"name":"Mercantile Nat\u0027l Bank at Dallas v. Langdeau","href":"https:\/\/api.oyez.org\/cases\/1962\/14_0","view_count":0,"docket_number":"14","additional_docket_numbers":["15"],"manner_of_jurisdiction":"Writ of \u003Ci\u003Ecertiorari\u003C\/i\u003E","first_party":"Mercantile Nat\u0027l Bank at Dallas","second_party":"C. H. Langdeau, Receiver for I.C.T. Ins. Co.","timeline":[{"event":"Argued","dates":[-247514400,-247428000],"href":"https:\/\/api.oyez.org\/case_timeline\/case_timeline\/48558"},{"event":"Reargued","dates":[-223236000],"href":"https:\/\/api.oyez.org\/case_timeline\/case_timeline\/51709"},{"event":"Decided","dates":[-219175200],"href":"https:\/\/api.oyez.org\/case_timeline\/case_timeline\/48559"}],"lower_court":{"ID":65,"name":"Supreme Court of Texas","href":"https:\/\/api.oyez.org\/taxonomy\/term\/65"},"facts_of_the_case":null,"question":null,"conclusion":null,"advocates":[{"advocate":{"ID":27369,"name":"Hubert D. Johnson","href":"https:\/\/api.oyez.org\/people\/hubert_d_johnson","view_count":0,"last_name":"Johnson","roles":null,"thumbnail":null,"length_of_service":0,"identifier":"hubert_d_johnson"},"advocate_description":"for the appellants","href":"https:\/\/api.oyez.org\/case_advocate\/case_advocate\/21030"},{"advocate":{"ID":36692,"name":"Marvin S. Sloman","href":"https:\/\/api.oyez.org\/people\/marvin_s_sloman","view_count":0,"last_name":"Sloman","roles":null,"thumbnail":null,"length_of_service":0,"identifier":"marvin_s_sloman"},"advocate_description":"for the appellants on reargument","href":"https:\/\/api.oyez.org\/case_advocate\/case_advocate\/21031"},{"advocate":{"ID":38481,"name":"Quentin Keith","href":"https:\/\/api.oyez.org\/people\/quentin_keith","view_count":0,"last_name":"Keith","roles":null,"thumbnail":null,"length_of_service":0,"identifier":"quentin_keith"},"advocate_description":"for the appellee","href":"https:\/\/api.oyez.org\/case_advocate\/case_advocate\/21032"},{"advocate":{"ID":44287,"name":"William E. Cureton","href":"https:\/\/api.oyez.org\/people\/william_e_cureton","view_count":0,"last_name":"Cureton","roles":null,"thumbnail":null,"length_of_service":0,"identifier":"william_e_cureton"},"advocate_description":"for the appellee","href":"https:\/\/api.oyez.org\/case_advocate\/case_advocate\/21033"}],"oral_argument_audio":[{"id":14571,"title":"Oral Argument - February 28, 1962","public_note":null,"unavailable":null,"display_title":null,"href":"https:\/\/api.oyez.org\/case_media\/oral_argument_audio\/14571"},{"id":14699,"title":"Oral Reargument - December 05, 1962","public_note":null,"unavailable":null,"display_title":null,"href":"https:\/\/api.oyez.org\/case_media\/oral_argument_audio\/14699"},{"id":14775,"title":"Oral Argument - February 27, 1962","public_note":null,"unavailable":null,"display_title":null,"href":"https:\/\/api.oyez.org\/case_media\/oral_argument_audio\/14775"}],"citation":{"volume":"371","page":"555","year":"1963","href":"https:\/\/api.oyez.org\/case_citation\/case_citation\/25003"},"decisions":[{"description":"By statute, national banks must be sued in their domicile counties","votes":[{"member":{"ID":15071,"name":"Byron R. White","href":"https:\/\/api.oyez.org\/people\/byron_r_white","view_count":0,"last_name":"White","roles":[{"id":2715,"type":"scotus_justice","date_start":-243367200,"date_end":741243600,"appointing_president":"John F. Kennedy","role_title":"Associate Justice of the Supreme Court of the United States","institution_name":"Supreme Court of the United States","href":"https:\/\/api.oyez.org\/preson_role\/scotus_justice\/2715"}],"thumbnail":{"id":32699,"mime":"image\/png","size":55559,"href":"https:\/\/api.oyez.org\/sites\/default\/files\/images\/people\/byron_r_white\/byron_r_white.thumb.png"},"length_of_service":11396,"identifier":"byron_r_white"},"vote":"majority","opinion_type":"majority","joining":null,"seniority":8,"ideology":-0.246,"href":"https:\/\/api.oyez.org\/decision_vote\/decision_vote\/134217"},{"member":{"ID":15140,"name":"William J. Brennan, Jr.","href":"https:\/\/api.oyez.org\/people\/william_j_brennan_jr","view_count":0,"last_name":"Brennan","roles":[{"id":2786,"type":"scotus_justice","date_start":-416862000,"date_end":648450000,"appointing_president":"Dwight D. Eisenhower","role_title":"Associate Justice of the Supreme Court of the United States","institution_name":"Supreme Court of the United States","href":"https:\/\/api.oyez.org\/preson_role\/scotus_justice\/2786"}],"thumbnail":{"id":32778,"mime":"image\/png","size":56873,"href":"https:\/\/api.oyez.org\/sites\/default\/files\/images\/people\/william_j_brennan_jr\/william_j_brennan_jr.thumb.png"},"length_of_service":12330,"identifier":"william_j_brennan_jr"},"vote":"majority","opinion_type":"none","joining":[{"ID":15071,"name":"Byron R. White","href":"https:\/\/api.oyez.org\/people\/byron_r_white","view_count":0,"last_name":"White","roles":[{"id":2715,"type":"scotus_justice","date_start":-243367200,"date_end":741243600,"appointing_president":"John F. Kennedy","role_title":"Associate Justice of the Supreme Court of the United States","institution_name":"Supreme Court of the United States","href":"https:\/\/api.oyez.org\/preson_role\/scotus_justice\/2715"}],"thumbnail":{"id":32699,"mime":"image\/png","size":55559,"href":"https:\/\/api.oyez.org\/sites\/default\/files\/images\/people\/byron_r_white\/byron_r_white.thumb.png"},"length_of_service":11396,"identifier":"byron_r_white"}],"seniority":6,"ideology":-1.193,"href":"https:\/\/api.oyez.org\/decision_vote\/decision_vote\/134218"},{"member":{"ID":15043,"name":"Potter Stewart","href":"https:\/\/api.oyez.org\/people\/potter_stewart","view_count":0,"last_name":"Stewart","roles":[{"id":2687,"type":"scotus_justice","date_start":-353962800,"date_end":362984400,"appointing_president":"Dwight D. Eisenhower","role_title":"Associate Justice of the Supreme Court of the United States","institution_name":"Supreme Court of the United States","href":"https:\/\/api.oyez.org\/preson_role\/scotus_justice\/2687"}],"thumbnail":{"id":32752,"mime":"image\/png","size":56350,"href":"https:\/\/api.oyez.org\/sites\/default\/files\/images\/people\/potter_stewart\/potter_stewart.thumb.png"},"length_of_service":8298,"identifier":"potter_stewart"},"vote":"majority","opinion_type":"none","joining":[{"ID":15071,"name":"Byron R. White","href":"https:\/\/api.oyez.org\/people\/byron_r_white","view_count":0,"last_name":"White","roles":[{"id":2715,"type":"scotus_justice","date_start":-243367200,"date_end":741243600,"appointing_president":"John F. Kennedy","role_title":"Associate Justice of the Supreme Court of the United States","institution_name":"Supreme Court of the United States","href":"https:\/\/api.oyez.org\/preson_role\/scotus_justice\/2715"}],"thumbnail":{"id":32699,"mime":"image\/png","size":55559,"href":"https:\/\/api.oyez.org\/sites\/default\/files\/images\/people\/byron_r_white\/byron_r_white.thumb.png"},"length_of_service":11396,"identifier":"byron_r_white"}],"seniority":7,"ideology":0.374,"href":"https:\/\/api.oyez.org\/decision_vote\/decision_vote\/134219"},{"member":{"ID":15099,"name":"Earl Warren","href":"https:\/\/api.oyez.org\/people\/earl_warren","view_count":0,"last_name":"Warren","roles":[{"id":2743,"type":"scotus_justice","date_start":-512503200,"date_end":-16570800,"appointing_president":"Dwight D. Eisenhower","role_title":"Chief Justice of the United States","institution_name":"Supreme Court of the United States","href":"https:\/\/api.oyez.org\/preson_role\/scotus_justice\/2743"}],"thumbnail":{"id":32704,"mime":"image\/png","size":50444,"href":"https:\/\/api.oyez.org\/sites\/default\/files\/images\/people\/earl_warren\/earl_warren.thumb.png"},"length_of_service":5740,"identifier":"earl_warren"},"vote":"majority","opinion_type":"none","joining":[{"ID":15071,"name":"Byron R. White","href":"https:\/\/api.oyez.org\/people\/byron_r_white","view_count":0,"last_name":"White","roles":[{"id":2715,"type":"scotus_justice","date_start":-243367200,"date_end":741243600,"appointing_president":"John F. Kennedy","role_title":"Associate Justice of the Supreme Court of the United States","institution_name":"Supreme Court of the United States","href":"https:\/\/api.oyez.org\/preson_role\/scotus_justice\/2715"}],"thumbnail":{"id":32699,"mime":"image\/png","size":55559,"href":"https:\/\/api.oyez.org\/sites\/default\/files\/images\/people\/byron_r_white\/byron_r_white.thumb.png"},"length_of_service":11396,"identifier":"byron_r_white"}],"seniority":1,"ideology":-1.51,"href":"https:\/\/api.oyez.org\/decision_vote\/decision_vote\/134220"},{"member":{"ID":15044,"name":"Arthur J. Goldberg","href":"https:\/\/api.oyez.org\/people\/arthur_j_goldberg","view_count":0,"last_name":"Goldberg","roles":[{"id":2688,"type":"scotus_justice","date_start":-228855600,"date_end":-140036400,"appointing_president":"John F. Kennedy","role_title":"Associate Justice of the Supreme Court of the United States","institution_name":"Supreme Court of the United States","href":"https:\/\/api.oyez.org\/preson_role\/scotus_justice\/2688"}],"thumbnail":{"id":32695,"mime":"image\/png","size":50285,"href":"https:\/\/api.oyez.org\/sites\/default\/files\/images\/people\/arthur_j_goldberg\/arthur_j_goldberg.thumb.png"},"length_of_service":1028,"identifier":"arthur_j_goldberg"},"vote":"majority","opinion_type":"none","joining":[{"ID":15071,"name":"Byron R. White","href":"https:\/\/api.oyez.org\/people\/byron_r_white","view_count":0,"last_name":"White","roles":[{"id":2715,"type":"scotus_justice","date_start":-243367200,"date_end":741243600,"appointing_president":"John F. Kennedy","role_title":"Associate Justice of the Supreme Court of the United States","institution_name":"Supreme Court of the United States","href":"https:\/\/api.oyez.org\/preson_role\/scotus_justice\/2715"}],"thumbnail":{"id":32699,"mime":"image\/png","size":55559,"href":"https:\/\/api.oyez.org\/sites\/default\/files\/images\/people\/byron_r_white\/byron_r_white.thumb.png"},"length_of_service":11396,"identifier":"byron_r_white"}],"seniority":9,"ideology":-1.095,"href":"https:\/\/api.oyez.org\/decision_vote\/decision_vote\/134221"},{"member":{"ID":15089,"name":"Hugo L. Black","href":"https:\/\/api.oyez.org\/people\/hugo_l_black","view_count":0,"last_name":"Black","roles":[{"id":2733,"type":"scotus_justice","date_start":-1021489200,"date_end":53931600,"appointing_president":"Franklin D. Roosevelt","role_title":"Associate Justice","institution_name":"Supreme Court of the United States","href":"https:\/\/api.oyez.org\/preson_role\/scotus_justice\/2733"}],"thumbnail":{"id":32719,"mime":"image\/png","size":51667,"href":"https:\/\/api.oyez.org\/sites\/default\/files\/images\/people\/hugo_l_black\/hugo_l_black.thumb.png"},"length_of_service":12447,"identifier":"hugo_l_black"},"vote":"minority","opinion_type":"none","joining":null,"seniority":2,"ideology":-1.732,"href":"https:\/\/api.oyez.org\/decision_vote\/decision_vote\/134222"},{"member":{"ID":15107,"name":"William O. Douglas","href":"https:\/\/api.oyez.org\/people\/william_o_douglas","view_count":0,"last_name":"Douglas","roles":[{"id":2751,"type":"scotus_justice","date_start":-969127200,"date_end":185004000,"appointing_president":"Franklin D. Roosevelt","role_title":"Associate Justice of the Supreme Court of the United States","institution_name":"Supreme Court of the United States","href":"https:\/\/api.oyez.org\/preson_role\/scotus_justice\/2751"}],"thumbnail":{"id":32781,"mime":"image\/png","size":56651,"href":"https:\/\/api.oyez.org\/sites\/default\/files\/images\/people\/william_o_douglas\/william_o_douglas.thumb.png"},"length_of_service":13358,"identifier":"william_o_douglas"},"vote":"minority","opinion_type":"none","joining":null,"seniority":3,"ideology":-6.328,"href":"https:\/\/api.oyez.org\/decision_vote\/decision_vote\/134223"},{"member":{"ID":15097,"name":"John M. Harlan II","href":"https:\/\/api.oyez.org\/people\/john_m_harlan2","view_count":0,"last_name":"Harlan","roles":[{"id":2741,"type":"scotus_justice","date_start":-465933600,"date_end":54450000,"appointing_president":"Dwight D. Eisenhower","role_title":"Associate Justice of the Supreme Court of the United States","institution_name":"Supreme Court of the United States","href":"https:\/\/api.oyez.org\/preson_role\/scotus_justice\/2741"}],"thumbnail":{"id":32728,"mime":"image\/png","size":53784,"href":"https:\/\/api.oyez.org\/sites\/default\/files\/images\/people\/john_m_harlan2\/john_m_harlan2.thumb.png"},"length_of_service":6023,"identifier":"john_m_harlan2"},"vote":"minority","opinion_type":"dissent","joining":null,"seniority":5,"ideology":2.525,"href":"https:\/\/api.oyez.org\/decision_vote\/decision_vote\/134224"},{"member":{"ID":15083,"name":"Tom C. Clark","href":"https:\/\/api.oyez.org\/people\/tom_c_clark","view_count":0,"last_name":"Clark","roles":[{"id":2727,"type":"scotus_justice","date_start":-642366000,"date_end":-80679600,"appointing_president":"Harry S. Truman","role_title":"Associate Justice of the Supreme Court of the United States","institution_name":"Supreme Court of the United States","href":"https:\/\/api.oyez.org\/preson_role\/scotus_justice\/2727"}],"thumbnail":{"id":32771,"mime":"image\/png","size":50879,"href":"https:\/\/api.oyez.org\/sites\/default\/files\/images\/people\/tom_c_clark\/tom_c_clark.thumb.png"},"length_of_service":6501,"identifier":"tom_c_clark"},"vote":"none","opinion_type":"none","joining":null,"seniority":4,"ideology":0.346,"href":"https:\/\/api.oyez.org\/decision_vote\/decision_vote\/134225"}],"majority_vote":5,"minority_vote":3,"winning_party":"Mercantile National Bank","decision_type":"majority opinion","href":"https:\/\/api.oyez.org\/case_decision\/case_decision\/8423"}],"first_party_label":"Petitioner","second_party_label":"Respondent","heard_by":[{"ID":15293,"name":"Warren Court (1958-1962)","href":"https:\/\/api.oyez.org\/courts\/warren7","view_count":0,"members":[{"ID":15099,"name":"Earl Warren","href":"https:\/\/api.oyez.org\/people\/earl_warren","view_count":0,"last_name":"Warren","roles":[{"id":2743,"type":"scotus_justice","date_start":-512503200,"date_end":-16570800,"appointing_president":"Dwight D. Eisenhower","role_title":"Chief Justice of the United States","institution_name":"Supreme Court of the United States","href":"https:\/\/api.oyez.org\/preson_role\/scotus_justice\/2743"}],"thumbnail":{"id":32704,"mime":"image\/png","size":50444,"href":"https:\/\/api.oyez.org\/sites\/default\/files\/images\/people\/earl_warren\/earl_warren.thumb.png"},"length_of_service":5740,"identifier":"earl_warren"},{"ID":15089,"name":"Hugo L. Black","href":"https:\/\/api.oyez.org\/people\/hugo_l_black","view_count":0,"last_name":"Black","roles":[{"id":2733,"type":"scotus_justice","date_start":-1021489200,"date_end":53931600,"appointing_president":"Franklin D. Roosevelt","role_title":"Associate Justice","institution_name":"Supreme Court of the United States","href":"https:\/\/api.oyez.org\/preson_role\/scotus_justice\/2733"}],"thumbnail":{"id":32719,"mime":"image\/png","size":51667,"href":"https:\/\/api.oyez.org\/sites\/default\/files\/images\/people\/hugo_l_black\/hugo_l_black.thumb.png"},"length_of_service":12447,"identifier":"hugo_l_black"},{"ID":15050,"name":"Felix Frankfurter","href":"https:\/\/api.oyez.org\/people\/felix_frankfurter","view_count":0,"last_name":"Frankfurter","roles":[{"id":2694,"type":"scotus_justice","date_start":-975780000,"date_end":-231793200,"appointing_president":"Franklin D. Roosevelt","role_title":"Associate Justice of the Supreme Court of the United States","institution_name":"Supreme Court of the United States","href":"https:\/\/api.oyez.org\/preson_role\/scotus_justice\/2694"}],"thumbnail":{"id":32706,"mime":"image\/png","size":45083,"href":"https:\/\/api.oyez.org\/sites\/default\/files\/images\/people\/felix_frankfurter\/felix_frankfurter.thumb.png"},"length_of_service":8611,"identifier":"felix_frankfurter"},{"ID":15107,"name":"William O. Douglas","href":"https:\/\/api.oyez.org\/people\/william_o_douglas","view_count":0,"last_name":"Douglas","roles":[{"id":2751,"type":"scotus_justice","date_start":-969127200,"date_end":185004000,"appointing_president":"Franklin D. Roosevelt","role_title":"Associate Justice of the Supreme Court of the United States","institution_name":"Supreme Court of the United States","href":"https:\/\/api.oyez.org\/preson_role\/scotus_justice\/2751"}],"thumbnail":{"id":32781,"mime":"image\/png","size":56651,"href":"https:\/\/api.oyez.org\/sites\/default\/files\/images\/people\/william_o_douglas\/william_o_douglas.thumb.png"},"length_of_service":13358,"identifier":"william_o_douglas"},{"ID":15083,"name":"Tom C. Clark","href":"https:\/\/api.oyez.org\/people\/tom_c_clark","view_count":0,"last_name":"Clark","roles":[{"id":2727,"type":"scotus_justice","date_start":-642366000,"date_end":-80679600,"appointing_president":"Harry S. Truman","role_title":"Associate Justice of the Supreme Court of the United States","institution_name":"Supreme Court of the United States","href":"https:\/\/api.oyez.org\/preson_role\/scotus_justice\/2727"}],"thumbnail":{"id":32771,"mime":"image\/png","size":50879,"href":"https:\/\/api.oyez.org\/sites\/default\/files\/images\/people\/tom_c_clark\/tom_c_clark.thumb.png"},"length_of_service":6501,"identifier":"tom_c_clark"},{"ID":15097,"name":"John M. Harlan II","href":"https:\/\/api.oyez.org\/people\/john_m_harlan2","view_count":0,"last_name":"Harlan","roles":[{"id":2741,"type":"scotus_justice","date_start":-465933600,"date_end":54450000,"appointing_president":"Dwight D. Eisenhower","role_title":"Associate Justice of the Supreme Court of the United States","institution_name":"Supreme Court of the United States","href":"https:\/\/api.oyez.org\/preson_role\/scotus_justice\/2741"}],"thumbnail":{"id":32728,"mime":"image\/png","size":53784,"href":"https:\/\/api.oyez.org\/sites\/default\/files\/images\/people\/john_m_harlan2\/john_m_harlan2.thumb.png"},"length_of_service":6023,"identifier":"john_m_harlan2"},{"ID":15140,"name":"William J. Brennan, Jr.","href":"https:\/\/api.oyez.org\/people\/william_j_brennan_jr","view_count":0,"last_name":"Brennan","roles":[{"id":2786,"type":"scotus_justice","date_start":-416862000,"date_end":648450000,"appointing_president":"Dwight D. Eisenhower","role_title":"Associate Justice of the Supreme Court of the United States","institution_name":"Supreme Court of the United States","href":"https:\/\/api.oyez.org\/preson_role\/scotus_justice\/2786"}],"thumbnail":{"id":32778,"mime":"image\/png","size":56873,"href":"https:\/\/api.oyez.org\/sites\/default\/files\/images\/people\/william_j_brennan_jr\/william_j_brennan_jr.thumb.png"},"length_of_service":12330,"identifier":"william_j_brennan_jr"},{"ID":15082,"name":"Charles E. Whittaker","href":"https:\/\/api.oyez.org\/people\/charles_e_whittaker","view_count":0,"last_name":"Whittaker","roles":[{"id":2726,"type":"scotus_justice","date_start":-403034400,"date_end":-244749600,"appointing_president":"Dwight D. Eisenhower","role_title":"Associate Justice of the Supreme Court of the United States","institution_name":"Supreme Court of the United States","href":"https:\/\/api.oyez.org\/preson_role\/scotus_justice\/2726"}],"thumbnail":{"id":32700,"mime":"image\/png","size":50854,"href":"https:\/\/api.oyez.org\/sites\/default\/files\/images\/people\/charles_e_whittaker\/charles_e_whittaker.thumb.png"},"length_of_service":1832,"identifier":"charles_e_whittaker"},{"ID":15043,"name":"Potter Stewart","href":"https:\/\/api.oyez.org\/people\/potter_stewart","view_count":0,"last_name":"Stewart","roles":[{"id":2687,"type":"scotus_justice","date_start":-353962800,"date_end":362984400,"appointing_president":"Dwight D. Eisenhower","role_title":"Associate Justice of the Supreme Court of the United States","institution_name":"Supreme Court of the United States","href":"https:\/\/api.oyez.org\/preson_role\/scotus_justice\/2687"}],"thumbnail":{"id":32752,"mime":"image\/png","size":56350,"href":"https:\/\/api.oyez.org\/sites\/default\/files\/images\/people\/potter_stewart\/potter_stewart.thumb.png"},"length_of_service":8298,"identifier":"potter_stewart"}],"court_start":-354049200,"images":[{"id":12262,"mime":"image\/jpeg","size":26798,"href":"https:\/\/api.oyez.org\/sites\/default\/files\/images\/courts\/warren7.jpg"}],"identifier":"warren7"}],"decided_by":{"ID":15292,"name":"Warren Court (1962-1965)","href":"https:\/\/api.oyez.org\/courts\/warren11","view_count":0,"members":[{"ID":15099,"name":"Earl Warren","href":"https:\/\/api.oyez.org\/people\/earl_warren","view_count":0,"last_name":"Warren","roles":[{"id":2743,"type":"scotus_justice","date_start":-512503200,"date_end":-16570800,"appointing_president":"Dwight D. Eisenhower","role_title":"Chief Justice of the United States","institution_name":"Supreme Court of the United States","href":"https:\/\/api.oyez.org\/preson_role\/scotus_justice\/2743"}],"thumbnail":{"id":32704,"mime":"image\/png","size":50444,"href":"https:\/\/api.oyez.org\/sites\/default\/files\/images\/people\/earl_warren\/earl_warren.thumb.png"},"length_of_service":5740,"identifier":"earl_warren"},{"ID":15089,"name":"Hugo L. Black","href":"https:\/\/api.oyez.org\/people\/hugo_l_black","view_count":0,"last_name":"Black","roles":[{"id":2733,"type":"scotus_justice","date_start":-1021489200,"date_end":53931600,"appointing_president":"Franklin D. Roosevelt","role_title":"Associate Justice","institution_name":"Supreme Court of the United States","href":"https:\/\/api.oyez.org\/preson_role\/scotus_justice\/2733"}],"thumbnail":{"id":32719,"mime":"image\/png","size":51667,"href":"https:\/\/api.oyez.org\/sites\/default\/files\/images\/people\/hugo_l_black\/hugo_l_black.thumb.png"},"length_of_service":12447,"identifier":"hugo_l_black"},{"ID":15107,"name":"William O. Douglas","href":"https:\/\/api.oyez.org\/people\/william_o_douglas","view_count":0,"last_name":"Douglas","roles":[{"id":2751,"type":"scotus_justice","date_start":-969127200,"date_end":185004000,"appointing_president":"Franklin D. Roosevelt","role_title":"Associate Justice of the Supreme Court of the United States","institution_name":"Supreme Court of the United States","href":"https:\/\/api.oyez.org\/preson_role\/scotus_justice\/2751"}],"thumbnail":{"id":32781,"mime":"image\/png","size":56651,"href":"https:\/\/api.oyez.org\/sites\/default\/files\/images\/people\/william_o_douglas\/william_o_douglas.thumb.png"},"length_of_service":13358,"identifier":"william_o_douglas"},{"ID":15083,"name":"Tom C. Clark","href":"https:\/\/api.oyez.org\/people\/tom_c_clark","view_count":0,"last_name":"Clark","roles":[{"id":2727,"type":"scotus_justice","date_start":-642366000,"date_end":-80679600,"appointing_president":"Harry S. Truman","role_title":"Associate Justice of the Supreme Court of the United States","institution_name":"Supreme Court of the United States","href":"https:\/\/api.oyez.org\/preson_role\/scotus_justice\/2727"}],"thumbnail":{"id":32771,"mime":"image\/png","size":50879,"href":"https:\/\/api.oyez.org\/sites\/default\/files\/images\/people\/tom_c_clark\/tom_c_clark.thumb.png"},"length_of_service":6501,"identifier":"tom_c_clark"},{"ID":15097,"name":"John M. Harlan II","href":"https:\/\/api.oyez.org\/people\/john_m_harlan2","view_count":0,"last_name":"Harlan","roles":[{"id":2741,"type":"scotus_justice","date_start":-465933600,"date_end":54450000,"appointing_president":"Dwight D. Eisenhower","role_title":"Associate Justice of the Supreme Court of the United States","institution_name":"Supreme Court of the United States","href":"https:\/\/api.oyez.org\/preson_role\/scotus_justice\/2741"}],"thumbnail":{"id":32728,"mime":"image\/png","size":53784,"href":"https:\/\/api.oyez.org\/sites\/default\/files\/images\/people\/john_m_harlan2\/john_m_harlan2.thumb.png"},"length_of_service":6023,"identifier":"john_m_harlan2"},{"ID":15140,"name":"William J. Brennan, Jr.","href":"https:\/\/api.oyez.org\/people\/william_j_brennan_jr","view_count":0,"last_name":"Brennan","roles":[{"id":2786,"type":"scotus_justice","date_start":-416862000,"date_end":648450000,"appointing_president":"Dwight D. Eisenhower","role_title":"Associate Justice of the Supreme Court of the United States","institution_name":"Supreme Court of the United States","href":"https:\/\/api.oyez.org\/preson_role\/scotus_justice\/2786"}],"thumbnail":{"id":32778,"mime":"image\/png","size":56873,"href":"https:\/\/api.oyez.org\/sites\/default\/files\/images\/people\/william_j_brennan_jr\/william_j_brennan_jr.thumb.png"},"length_of_service":12330,"identifier":"william_j_brennan_jr"},{"ID":15043,"name":"Potter Stewart","href":"https:\/\/api.oyez.org\/people\/potter_stewart","view_count":0,"last_name":"Stewart","roles":[{"id":2687,"type":"scotus_justice","date_start":-353962800,"date_end":362984400,"appointing_president":"Dwight D. Eisenhower","role_title":"Associate Justice of the Supreme Court of the United States","institution_name":"Supreme Court of the United States","href":"https:\/\/api.oyez.org\/preson_role\/scotus_justice\/2687"}],"thumbnail":{"id":32752,"mime":"image\/png","size":56350,"href":"https:\/\/api.oyez.org\/sites\/default\/files\/images\/people\/potter_stewart\/potter_stewart.thumb.png"},"length_of_service":8298,"identifier":"potter_stewart"},{"ID":15071,"name":"Byron R. White","href":"https:\/\/api.oyez.org\/people\/byron_r_white","view_count":0,"last_name":"White","roles":[{"id":2715,"type":"scotus_justice","date_start":-243367200,"date_end":741243600,"appointing_president":"John F. Kennedy","role_title":"Associate Justice of the Supreme Court of the United States","institution_name":"Supreme Court of the United States","href":"https:\/\/api.oyez.org\/preson_role\/scotus_justice\/2715"}],"thumbnail":{"id":32699,"mime":"image\/png","size":55559,"href":"https:\/\/api.oyez.org\/sites\/default\/files\/images\/people\/byron_r_white\/byron_r_white.thumb.png"},"length_of_service":11396,"identifier":"byron_r_white"},{"ID":15044,"name":"Arthur J. Goldberg","href":"https:\/\/api.oyez.org\/people\/arthur_j_goldberg","view_count":0,"last_name":"Goldberg","roles":[{"id":2688,"type":"scotus_justice","date_start":-228855600,"date_end":-140036400,"appointing_president":"John F. Kennedy","role_title":"Associate Justice of the Supreme Court of the United States","institution_name":"Supreme Court of the United States","href":"https:\/\/api.oyez.org\/preson_role\/scotus_justice\/2688"}],"thumbnail":{"id":32695,"mime":"image\/png","size":50285,"href":"https:\/\/api.oyez.org\/sites\/default\/files\/images\/people\/arthur_j_goldberg\/arthur_j_goldberg.thumb.png"},"length_of_service":1028,"identifier":"arthur_j_goldberg"}],"court_start":-228855600,"images":[{"id":12261,"mime":"image\/jpeg","size":58247,"href":"https:\/\/api.oyez.org\/sites\/default\/files\/images\/courts\/warren11.jpg"}],"identifier":"warren11"},"term":"1962","location":null,"opinion_announcement":null,"description":null,"written_opinion":[{"id":13995,"title":"Syllabus","author":null,"type":{"value":"syllabus","label":"Syllabus"},"justia_opinion_id":1944086,"justia_opinion_url":"https:\/\/supreme.justia.com\/cases\/federal\/us\/371\/555\/","judge_full_name":null,"judge_last_name":null,"title_overwrite":null,"href":"https:\/\/api.oyez.org\/case_document\/written_opinion\/13995"},{"id":13996,"title":"View Case","author":null,"type":{"value":"case","label":null},"justia_opinion_id":1944087,"justia_opinion_url":"https:\/\/supreme.justia.com\/cases\/federal\/us\/371\/555\/case.html","judge_full_name":null,"judge_last_name":null,"title_overwrite":null,"href":"https:\/\/api.oyez.org\/case_document\/written_opinion\/13996"}],"related_cases":null,"justia_url":"https:\/\/supreme.justia.com\/cases\/federal\/us\/371\/555\/","argument2_url":null}