{"ID":60628,"name":"Louisiana v. Mississippi","href":"https:\/\/api.oyez.org\/cases\/1965\/14_orig","view_count":0,"docket_number":"14-orig","additional_docket_numbers":null,"manner_of_jurisdiction":"Original jurisdiction","first_party":"Louisiana","second_party":"Mississippi","timeline":[{"event":"Argued","dates":[-130183200,-191268000],"href":"https:\/\/api.oyez.org\/case_timeline\/case_timeline\/49226"},{"event":"Decided","dates":[-116964000],"href":"https:\/\/api.oyez.org\/case_timeline\/case_timeline\/49227"}],"lower_court":null,"facts_of_the_case":null,"question":null,"conclusion":null,"advocates":[{"advocate":{"ID":31862,"name":"John L. Madden","href":"https:\/\/api.oyez.org\/people\/john_l_madden","view_count":0,"last_name":"Madden","roles":null,"thumbnail":null,"length_of_service":0,"identifier":"john_l_madden"},"advocate_description":"Assistant Attorney General of Louisiana, for the plaintiff","href":"https:\/\/api.oyez.org\/case_advocate\/case_advocate\/21097"},{"advocate":{"ID":22028,"name":"Edward M. Carmouche","href":"https:\/\/api.oyez.org\/people\/edward_m_carmouche","view_count":0,"last_name":"Carmouche","roles":null,"thumbnail":null,"length_of_service":0,"identifier":"edward_m_carmouche"},"advocate_description":"Assistant Attorney General of Louisiana, for the plaintiff","href":"https:\/\/api.oyez.org\/case_advocate\/case_advocate\/21098"},{"advocate":{"ID":36345,"name":"Martin R. McLendon","href":"https:\/\/api.oyez.org\/people\/martin_r_mclendon","view_count":0,"last_name":"McLendon","roles":null,"thumbnail":null,"length_of_service":0,"identifier":"martin_r_mclendon"},"advocate_description":"Assistant Attorney General of Mississippi, for the defendants","href":"https:\/\/api.oyez.org\/case_advocate\/case_advocate\/21099"},{"advocate":{"ID":35178,"name":"Landman Teller","href":"https:\/\/api.oyez.org\/people\/landman_teller","view_count":0,"last_name":"Teller","roles":null,"thumbnail":null,"length_of_service":0,"identifier":"landman_teller"},"advocate_description":"Special Assistant to the Attorney General, for the defendants","href":"https:\/\/api.oyez.org\/case_advocate\/case_advocate\/21100"}],"oral_argument_audio":[{"id":14026,"title":"Oral Argument - November 16, 1965","public_note":null,"unavailable":null,"display_title":null,"href":"https:\/\/api.oyez.org\/case_media\/oral_argument_audio\/14026"},{"id":15067,"title":"Oral Argument - December 10, 1963 (Part 1)","public_note":null,"unavailable":null,"display_title":null,"href":"https:\/\/api.oyez.org\/case_media\/oral_argument_audio\/15067"},{"id":15465,"title":"Oral Argument - December 10, 1963 (Part 2)","public_note":null,"unavailable":null,"display_title":null,"href":"https:\/\/api.oyez.org\/case_media\/oral_argument_audio\/15465"}],"citation":{"volume":"384","page":"24","year":"1966","href":"https:\/\/api.oyez.org\/case_citation\/case_citation\/25410"},"decisions":[{"description":"Confirmed the report of the special master as to the true boundary between the states and ruled that the oil well became located within Mississippi in 1955.","votes":[{"member":{"ID":15097,"name":"John M. Harlan II","href":"https:\/\/api.oyez.org\/people\/john_m_harlan2","view_count":0,"last_name":"Harlan","roles":[{"id":2741,"type":"scotus_justice","date_start":-465933600,"date_end":54450000,"appointing_president":"Dwight D. Eisenhower","role_title":"Associate Justice of the Supreme Court of the United States","institution_name":"Supreme Court of the United States","href":"https:\/\/api.oyez.org\/preson_role\/scotus_justice\/2741"}],"thumbnail":{"id":32728,"mime":"image\/png","size":53784,"href":"https:\/\/api.oyez.org\/sites\/default\/files\/images\/people\/john_m_harlan2\/john_m_harlan2.thumb.png"},"length_of_service":6023,"identifier":"john_m_harlan2"},"vote":"majority","opinion_type":"none","joining":null,"seniority":5,"ideology":2.328,"href":"https:\/\/api.oyez.org\/decision_vote\/decision_vote\/193972"},{"member":{"ID":15089,"name":"Hugo L. Black","href":"https:\/\/api.oyez.org\/people\/hugo_l_black","view_count":0,"last_name":"Black","roles":[{"id":2733,"type":"scotus_justice","date_start":-1021489200,"date_end":53931600,"appointing_president":"Franklin D. Roosevelt","role_title":"Associate Justice","institution_name":"Supreme Court of the United States","href":"https:\/\/api.oyez.org\/preson_role\/scotus_justice\/2733"}],"thumbnail":{"id":32719,"mime":"image\/png","size":51667,"href":"https:\/\/api.oyez.org\/sites\/default\/files\/images\/people\/hugo_l_black\/hugo_l_black.thumb.png"},"length_of_service":12447,"identifier":"hugo_l_black"},"vote":"majority","opinion_type":"none","joining":null,"seniority":2,"ideology":-0.535,"href":"https:\/\/api.oyez.org\/decision_vote\/decision_vote\/193973"},{"member":{"ID":15107,"name":"William O. Douglas","href":"https:\/\/api.oyez.org\/people\/william_o_douglas","view_count":0,"last_name":"Douglas","roles":[{"id":2751,"type":"scotus_justice","date_start":-969127200,"date_end":185004000,"appointing_president":"Franklin D. Roosevelt","role_title":"Associate Justice of the Supreme Court of the United States","institution_name":"Supreme Court of the United States","href":"https:\/\/api.oyez.org\/preson_role\/scotus_justice\/2751"}],"thumbnail":{"id":32781,"mime":"image\/png","size":56651,"href":"https:\/\/api.oyez.org\/sites\/default\/files\/images\/people\/william_o_douglas\/william_o_douglas.thumb.png"},"length_of_service":13358,"identifier":"william_o_douglas"},"vote":"majority","opinion_type":"none","joining":null,"seniority":3,"ideology":-6.961,"href":"https:\/\/api.oyez.org\/decision_vote\/decision_vote\/193974"},{"member":{"ID":15043,"name":"Potter Stewart","href":"https:\/\/api.oyez.org\/people\/potter_stewart","view_count":0,"last_name":"Stewart","roles":[{"id":2687,"type":"scotus_justice","date_start":-353962800,"date_end":362984400,"appointing_president":"Dwight D. Eisenhower","role_title":"Associate Justice of the Supreme Court of the United States","institution_name":"Supreme Court of the United States","href":"https:\/\/api.oyez.org\/preson_role\/scotus_justice\/2687"}],"thumbnail":{"id":32752,"mime":"image\/png","size":56350,"href":"https:\/\/api.oyez.org\/sites\/default\/files\/images\/people\/potter_stewart\/potter_stewart.thumb.png"},"length_of_service":8298,"identifier":"potter_stewart"},"vote":"majority","opinion_type":"none","joining":null,"seniority":7,"ideology":0.626,"href":"https:\/\/api.oyez.org\/decision_vote\/decision_vote\/193975"},{"member":{"ID":15140,"name":"William J. Brennan, Jr.","href":"https:\/\/api.oyez.org\/people\/william_j_brennan_jr","view_count":0,"last_name":"Brennan","roles":[{"id":2786,"type":"scotus_justice","date_start":-416862000,"date_end":648450000,"appointing_president":"Dwight D. Eisenhower","role_title":"Associate Justice of the Supreme Court of the United States","institution_name":"Supreme Court of the United States","href":"https:\/\/api.oyez.org\/preson_role\/scotus_justice\/2786"}],"thumbnail":{"id":32778,"mime":"image\/png","size":56873,"href":"https:\/\/api.oyez.org\/sites\/default\/files\/images\/people\/william_j_brennan_jr\/william_j_brennan_jr.thumb.png"},"length_of_service":12330,"identifier":"william_j_brennan_jr"},"vote":"majority","opinion_type":"none","joining":null,"seniority":6,"ideology":-1.087,"href":"https:\/\/api.oyez.org\/decision_vote\/decision_vote\/193976"},{"member":{"ID":15071,"name":"Byron R. White","href":"https:\/\/api.oyez.org\/people\/byron_r_white","view_count":0,"last_name":"White","roles":[{"id":2715,"type":"scotus_justice","date_start":-243367200,"date_end":741243600,"appointing_president":"John F. Kennedy","role_title":"Associate Justice of the Supreme Court of the United States","institution_name":"Supreme Court of the United States","href":"https:\/\/api.oyez.org\/preson_role\/scotus_justice\/2715"}],"thumbnail":{"id":32699,"mime":"image\/png","size":55559,"href":"https:\/\/api.oyez.org\/sites\/default\/files\/images\/people\/byron_r_white\/byron_r_white.thumb.png"},"length_of_service":11396,"identifier":"byron_r_white"},"vote":"majority","opinion_type":"none","joining":null,"seniority":8,"ideology":-0.174,"href":"https:\/\/api.oyez.org\/decision_vote\/decision_vote\/193977"},{"member":{"ID":15099,"name":"Earl Warren","href":"https:\/\/api.oyez.org\/people\/earl_warren","view_count":0,"last_name":"Warren","roles":[{"id":2743,"type":"scotus_justice","date_start":-512503200,"date_end":-16570800,"appointing_president":"Dwight D. Eisenhower","role_title":"Chief Justice of the United States","institution_name":"Supreme Court of the United States","href":"https:\/\/api.oyez.org\/preson_role\/scotus_justice\/2743"}],"thumbnail":{"id":32704,"mime":"image\/png","size":50444,"href":"https:\/\/api.oyez.org\/sites\/default\/files\/images\/people\/earl_warren\/earl_warren.thumb.png"},"length_of_service":5740,"identifier":"earl_warren"},"vote":"majority","opinion_type":"none","joining":null,"seniority":1,"ideology":-1.298,"href":"https:\/\/api.oyez.org\/decision_vote\/decision_vote\/193978"},{"member":{"ID":15083,"name":"Tom C. Clark","href":"https:\/\/api.oyez.org\/people\/tom_c_clark","view_count":0,"last_name":"Clark","roles":[{"id":2727,"type":"scotus_justice","date_start":-642366000,"date_end":-80679600,"appointing_president":"Harry S. Truman","role_title":"Associate Justice of the Supreme Court of the United States","institution_name":"Supreme Court of the United States","href":"https:\/\/api.oyez.org\/preson_role\/scotus_justice\/2727"}],"thumbnail":{"id":32771,"mime":"image\/png","size":50879,"href":"https:\/\/api.oyez.org\/sites\/default\/files\/images\/people\/tom_c_clark\/tom_c_clark.thumb.png"},"length_of_service":6501,"identifier":"tom_c_clark"},"vote":"majority","opinion_type":"none","joining":null,"seniority":4,"ideology":-0.051,"href":"https:\/\/api.oyez.org\/decision_vote\/decision_vote\/193979"},{"member":{"ID":15061,"name":"Abe Fortas","href":"https:\/\/api.oyez.org\/people\/abe_fortas","view_count":0,"last_name":"Fortas","roles":[{"id":2705,"type":"scotus_justice","date_start":-133902000,"date_end":-20026800,"appointing_president":"Lyndon B. Johnson","role_title":"Associate Justice of the Supreme Court of the United States","institution_name":"Supreme Court of the United States","href":"https:\/\/api.oyez.org\/preson_role\/scotus_justice\/2705"}],"thumbnail":{"id":32693,"mime":"image\/png","size":50111,"href":"https:\/\/api.oyez.org\/sites\/default\/files\/images\/people\/abe_fortas\/abe_fortas.thumb.png"},"length_of_service":1318,"identifier":"abe_fortas"},"vote":"majority","opinion_type":"none","joining":null,"seniority":9,"ideology":-1.402,"href":"https:\/\/api.oyez.org\/decision_vote\/decision_vote\/193980"}],"majority_vote":9,"minority_vote":0,"winning_party":"Louisiana","decision_type":null,"href":"https:\/\/api.oyez.org\/case_decision\/case_decision\/15080"}],"first_party_label":"Petitioner","second_party_label":"Respondent","heard_by":[{"ID":15294,"name":"Warren Court (1965-1967)","href":"https:\/\/api.oyez.org\/courts\/warren13","view_count":0,"members":[{"ID":15099,"name":"Earl Warren","href":"https:\/\/api.oyez.org\/people\/earl_warren","view_count":0,"last_name":"Warren","roles":[{"id":2743,"type":"scotus_justice","date_start":-512503200,"date_end":-16570800,"appointing_president":"Dwight D. Eisenhower","role_title":"Chief Justice of the United States","institution_name":"Supreme Court of the United States","href":"https:\/\/api.oyez.org\/preson_role\/scotus_justice\/2743"}],"thumbnail":{"id":32704,"mime":"image\/png","size":50444,"href":"https:\/\/api.oyez.org\/sites\/default\/files\/images\/people\/earl_warren\/earl_warren.thumb.png"},"length_of_service":5740,"identifier":"earl_warren"},{"ID":15089,"name":"Hugo L. Black","href":"https:\/\/api.oyez.org\/people\/hugo_l_black","view_count":0,"last_name":"Black","roles":[{"id":2733,"type":"scotus_justice","date_start":-1021489200,"date_end":53931600,"appointing_president":"Franklin D. Roosevelt","role_title":"Associate Justice","institution_name":"Supreme Court of the United States","href":"https:\/\/api.oyez.org\/preson_role\/scotus_justice\/2733"}],"thumbnail":{"id":32719,"mime":"image\/png","size":51667,"href":"https:\/\/api.oyez.org\/sites\/default\/files\/images\/people\/hugo_l_black\/hugo_l_black.thumb.png"},"length_of_service":12447,"identifier":"hugo_l_black"},{"ID":15107,"name":"William O. Douglas","href":"https:\/\/api.oyez.org\/people\/william_o_douglas","view_count":0,"last_name":"Douglas","roles":[{"id":2751,"type":"scotus_justice","date_start":-969127200,"date_end":185004000,"appointing_president":"Franklin D. Roosevelt","role_title":"Associate Justice of the Supreme Court of the United States","institution_name":"Supreme Court of the United States","href":"https:\/\/api.oyez.org\/preson_role\/scotus_justice\/2751"}],"thumbnail":{"id":32781,"mime":"image\/png","size":56651,"href":"https:\/\/api.oyez.org\/sites\/default\/files\/images\/people\/william_o_douglas\/william_o_douglas.thumb.png"},"length_of_service":13358,"identifier":"william_o_douglas"},{"ID":15083,"name":"Tom C. Clark","href":"https:\/\/api.oyez.org\/people\/tom_c_clark","view_count":0,"last_name":"Clark","roles":[{"id":2727,"type":"scotus_justice","date_start":-642366000,"date_end":-80679600,"appointing_president":"Harry S. Truman","role_title":"Associate Justice of the Supreme Court of the United States","institution_name":"Supreme Court of the United States","href":"https:\/\/api.oyez.org\/preson_role\/scotus_justice\/2727"}],"thumbnail":{"id":32771,"mime":"image\/png","size":50879,"href":"https:\/\/api.oyez.org\/sites\/default\/files\/images\/people\/tom_c_clark\/tom_c_clark.thumb.png"},"length_of_service":6501,"identifier":"tom_c_clark"},{"ID":15097,"name":"John M. Harlan II","href":"https:\/\/api.oyez.org\/people\/john_m_harlan2","view_count":0,"last_name":"Harlan","roles":[{"id":2741,"type":"scotus_justice","date_start":-465933600,"date_end":54450000,"appointing_president":"Dwight D. Eisenhower","role_title":"Associate Justice of the Supreme Court of the United States","institution_name":"Supreme Court of the United States","href":"https:\/\/api.oyez.org\/preson_role\/scotus_justice\/2741"}],"thumbnail":{"id":32728,"mime":"image\/png","size":53784,"href":"https:\/\/api.oyez.org\/sites\/default\/files\/images\/people\/john_m_harlan2\/john_m_harlan2.thumb.png"},"length_of_service":6023,"identifier":"john_m_harlan2"},{"ID":15140,"name":"William J. Brennan, Jr.","href":"https:\/\/api.oyez.org\/people\/william_j_brennan_jr","view_count":0,"last_name":"Brennan","roles":[{"id":2786,"type":"scotus_justice","date_start":-416862000,"date_end":648450000,"appointing_president":"Dwight D. Eisenhower","role_title":"Associate Justice of the Supreme Court of the United States","institution_name":"Supreme Court of the United States","href":"https:\/\/api.oyez.org\/preson_role\/scotus_justice\/2786"}],"thumbnail":{"id":32778,"mime":"image\/png","size":56873,"href":"https:\/\/api.oyez.org\/sites\/default\/files\/images\/people\/william_j_brennan_jr\/william_j_brennan_jr.thumb.png"},"length_of_service":12330,"identifier":"william_j_brennan_jr"},{"ID":15043,"name":"Potter Stewart","href":"https:\/\/api.oyez.org\/people\/potter_stewart","view_count":0,"last_name":"Stewart","roles":[{"id":2687,"type":"scotus_justice","date_start":-353962800,"date_end":362984400,"appointing_president":"Dwight D. Eisenhower","role_title":"Associate Justice of the Supreme Court of the United States","institution_name":"Supreme Court of the United States","href":"https:\/\/api.oyez.org\/preson_role\/scotus_justice\/2687"}],"thumbnail":{"id":32752,"mime":"image\/png","size":56350,"href":"https:\/\/api.oyez.org\/sites\/default\/files\/images\/people\/potter_stewart\/potter_stewart.thumb.png"},"length_of_service":8298,"identifier":"potter_stewart"},{"ID":15071,"name":"Byron R. White","href":"https:\/\/api.oyez.org\/people\/byron_r_white","view_count":0,"last_name":"White","roles":[{"id":2715,"type":"scotus_justice","date_start":-243367200,"date_end":741243600,"appointing_president":"John F. Kennedy","role_title":"Associate Justice of the Supreme Court of the United States","institution_name":"Supreme Court of the United States","href":"https:\/\/api.oyez.org\/preson_role\/scotus_justice\/2715"}],"thumbnail":{"id":32699,"mime":"image\/png","size":55559,"href":"https:\/\/api.oyez.org\/sites\/default\/files\/images\/people\/byron_r_white\/byron_r_white.thumb.png"},"length_of_service":11396,"identifier":"byron_r_white"},{"ID":15061,"name":"Abe Fortas","href":"https:\/\/api.oyez.org\/people\/abe_fortas","view_count":0,"last_name":"Fortas","roles":[{"id":2705,"type":"scotus_justice","date_start":-133902000,"date_end":-20026800,"appointing_president":"Lyndon B. Johnson","role_title":"Associate Justice of the Supreme Court of the United States","institution_name":"Supreme Court of the United States","href":"https:\/\/api.oyez.org\/preson_role\/scotus_justice\/2705"}],"thumbnail":{"id":32693,"mime":"image\/png","size":50111,"href":"https:\/\/api.oyez.org\/sites\/default\/files\/images\/people\/abe_fortas\/abe_fortas.thumb.png"},"length_of_service":1318,"identifier":"abe_fortas"}],"court_start":-133902000,"images":[{"id":12263,"mime":"image\/jpeg","size":36321,"href":"https:\/\/api.oyez.org\/sites\/default\/files\/images\/courts\/warren13.jpg"}],"identifier":"warren13"},{"ID":15292,"name":"Warren Court (1962-1965)","href":"https:\/\/api.oyez.org\/courts\/warren11","view_count":0,"members":[{"ID":15099,"name":"Earl Warren","href":"https:\/\/api.oyez.org\/people\/earl_warren","view_count":0,"last_name":"Warren","roles":[{"id":2743,"type":"scotus_justice","date_start":-512503200,"date_end":-16570800,"appointing_president":"Dwight D. Eisenhower","role_title":"Chief Justice of the United States","institution_name":"Supreme Court of the United States","href":"https:\/\/api.oyez.org\/preson_role\/scotus_justice\/2743"}],"thumbnail":{"id":32704,"mime":"image\/png","size":50444,"href":"https:\/\/api.oyez.org\/sites\/default\/files\/images\/people\/earl_warren\/earl_warren.thumb.png"},"length_of_service":5740,"identifier":"earl_warren"},{"ID":15089,"name":"Hugo L. Black","href":"https:\/\/api.oyez.org\/people\/hugo_l_black","view_count":0,"last_name":"Black","roles":[{"id":2733,"type":"scotus_justice","date_start":-1021489200,"date_end":53931600,"appointing_president":"Franklin D. Roosevelt","role_title":"Associate Justice","institution_name":"Supreme Court of the United States","href":"https:\/\/api.oyez.org\/preson_role\/scotus_justice\/2733"}],"thumbnail":{"id":32719,"mime":"image\/png","size":51667,"href":"https:\/\/api.oyez.org\/sites\/default\/files\/images\/people\/hugo_l_black\/hugo_l_black.thumb.png"},"length_of_service":12447,"identifier":"hugo_l_black"},{"ID":15107,"name":"William O. Douglas","href":"https:\/\/api.oyez.org\/people\/william_o_douglas","view_count":0,"last_name":"Douglas","roles":[{"id":2751,"type":"scotus_justice","date_start":-969127200,"date_end":185004000,"appointing_president":"Franklin D. Roosevelt","role_title":"Associate Justice of the Supreme Court of the United States","institution_name":"Supreme Court of the United States","href":"https:\/\/api.oyez.org\/preson_role\/scotus_justice\/2751"}],"thumbnail":{"id":32781,"mime":"image\/png","size":56651,"href":"https:\/\/api.oyez.org\/sites\/default\/files\/images\/people\/william_o_douglas\/william_o_douglas.thumb.png"},"length_of_service":13358,"identifier":"william_o_douglas"},{"ID":15083,"name":"Tom C. Clark","href":"https:\/\/api.oyez.org\/people\/tom_c_clark","view_count":0,"last_name":"Clark","roles":[{"id":2727,"type":"scotus_justice","date_start":-642366000,"date_end":-80679600,"appointing_president":"Harry S. Truman","role_title":"Associate Justice of the Supreme Court of the United States","institution_name":"Supreme Court of the United States","href":"https:\/\/api.oyez.org\/preson_role\/scotus_justice\/2727"}],"thumbnail":{"id":32771,"mime":"image\/png","size":50879,"href":"https:\/\/api.oyez.org\/sites\/default\/files\/images\/people\/tom_c_clark\/tom_c_clark.thumb.png"},"length_of_service":6501,"identifier":"tom_c_clark"},{"ID":15097,"name":"John M. Harlan II","href":"https:\/\/api.oyez.org\/people\/john_m_harlan2","view_count":0,"last_name":"Harlan","roles":[{"id":2741,"type":"scotus_justice","date_start":-465933600,"date_end":54450000,"appointing_president":"Dwight D. Eisenhower","role_title":"Associate Justice of the Supreme Court of the United States","institution_name":"Supreme Court of the United States","href":"https:\/\/api.oyez.org\/preson_role\/scotus_justice\/2741"}],"thumbnail":{"id":32728,"mime":"image\/png","size":53784,"href":"https:\/\/api.oyez.org\/sites\/default\/files\/images\/people\/john_m_harlan2\/john_m_harlan2.thumb.png"},"length_of_service":6023,"identifier":"john_m_harlan2"},{"ID":15140,"name":"William J. Brennan, Jr.","href":"https:\/\/api.oyez.org\/people\/william_j_brennan_jr","view_count":0,"last_name":"Brennan","roles":[{"id":2786,"type":"scotus_justice","date_start":-416862000,"date_end":648450000,"appointing_president":"Dwight D. Eisenhower","role_title":"Associate Justice of the Supreme Court of the United States","institution_name":"Supreme Court of the United States","href":"https:\/\/api.oyez.org\/preson_role\/scotus_justice\/2786"}],"thumbnail":{"id":32778,"mime":"image\/png","size":56873,"href":"https:\/\/api.oyez.org\/sites\/default\/files\/images\/people\/william_j_brennan_jr\/william_j_brennan_jr.thumb.png"},"length_of_service":12330,"identifier":"william_j_brennan_jr"},{"ID":15043,"name":"Potter Stewart","href":"https:\/\/api.oyez.org\/people\/potter_stewart","view_count":0,"last_name":"Stewart","roles":[{"id":2687,"type":"scotus_justice","date_start":-353962800,"date_end":362984400,"appointing_president":"Dwight D. Eisenhower","role_title":"Associate Justice of the Supreme Court of the United States","institution_name":"Supreme Court of the United States","href":"https:\/\/api.oyez.org\/preson_role\/scotus_justice\/2687"}],"thumbnail":{"id":32752,"mime":"image\/png","size":56350,"href":"https:\/\/api.oyez.org\/sites\/default\/files\/images\/people\/potter_stewart\/potter_stewart.thumb.png"},"length_of_service":8298,"identifier":"potter_stewart"},{"ID":15071,"name":"Byron R. White","href":"https:\/\/api.oyez.org\/people\/byron_r_white","view_count":0,"last_name":"White","roles":[{"id":2715,"type":"scotus_justice","date_start":-243367200,"date_end":741243600,"appointing_president":"John F. Kennedy","role_title":"Associate Justice of the Supreme Court of the United States","institution_name":"Supreme Court of the United States","href":"https:\/\/api.oyez.org\/preson_role\/scotus_justice\/2715"}],"thumbnail":{"id":32699,"mime":"image\/png","size":55559,"href":"https:\/\/api.oyez.org\/sites\/default\/files\/images\/people\/byron_r_white\/byron_r_white.thumb.png"},"length_of_service":11396,"identifier":"byron_r_white"},{"ID":15044,"name":"Arthur J. Goldberg","href":"https:\/\/api.oyez.org\/people\/arthur_j_goldberg","view_count":0,"last_name":"Goldberg","roles":[{"id":2688,"type":"scotus_justice","date_start":-228855600,"date_end":-140036400,"appointing_president":"John F. Kennedy","role_title":"Associate Justice of the Supreme Court of the United States","institution_name":"Supreme Court of the United States","href":"https:\/\/api.oyez.org\/preson_role\/scotus_justice\/2688"}],"thumbnail":{"id":32695,"mime":"image\/png","size":50285,"href":"https:\/\/api.oyez.org\/sites\/default\/files\/images\/people\/arthur_j_goldberg\/arthur_j_goldberg.thumb.png"},"length_of_service":1028,"identifier":"arthur_j_goldberg"}],"court_start":-228855600,"images":[{"id":12261,"mime":"image\/jpeg","size":58247,"href":"https:\/\/api.oyez.org\/sites\/default\/files\/images\/courts\/warren11.jpg"}],"identifier":"warren11"}],"decided_by":{"ID":15294,"name":"Warren Court (1965-1967)","href":"https:\/\/api.oyez.org\/courts\/warren13","view_count":0,"members":[{"ID":15099,"name":"Earl Warren","href":"https:\/\/api.oyez.org\/people\/earl_warren","view_count":0,"last_name":"Warren","roles":[{"id":2743,"type":"scotus_justice","date_start":-512503200,"date_end":-16570800,"appointing_president":"Dwight D. Eisenhower","role_title":"Chief Justice of the United States","institution_name":"Supreme Court of the United States","href":"https:\/\/api.oyez.org\/preson_role\/scotus_justice\/2743"}],"thumbnail":{"id":32704,"mime":"image\/png","size":50444,"href":"https:\/\/api.oyez.org\/sites\/default\/files\/images\/people\/earl_warren\/earl_warren.thumb.png"},"length_of_service":5740,"identifier":"earl_warren"},{"ID":15089,"name":"Hugo L. Black","href":"https:\/\/api.oyez.org\/people\/hugo_l_black","view_count":0,"last_name":"Black","roles":[{"id":2733,"type":"scotus_justice","date_start":-1021489200,"date_end":53931600,"appointing_president":"Franklin D. Roosevelt","role_title":"Associate Justice","institution_name":"Supreme Court of the United States","href":"https:\/\/api.oyez.org\/preson_role\/scotus_justice\/2733"}],"thumbnail":{"id":32719,"mime":"image\/png","size":51667,"href":"https:\/\/api.oyez.org\/sites\/default\/files\/images\/people\/hugo_l_black\/hugo_l_black.thumb.png"},"length_of_service":12447,"identifier":"hugo_l_black"},{"ID":15107,"name":"William O. Douglas","href":"https:\/\/api.oyez.org\/people\/william_o_douglas","view_count":0,"last_name":"Douglas","roles":[{"id":2751,"type":"scotus_justice","date_start":-969127200,"date_end":185004000,"appointing_president":"Franklin D. Roosevelt","role_title":"Associate Justice of the Supreme Court of the United States","institution_name":"Supreme Court of the United States","href":"https:\/\/api.oyez.org\/preson_role\/scotus_justice\/2751"}],"thumbnail":{"id":32781,"mime":"image\/png","size":56651,"href":"https:\/\/api.oyez.org\/sites\/default\/files\/images\/people\/william_o_douglas\/william_o_douglas.thumb.png"},"length_of_service":13358,"identifier":"william_o_douglas"},{"ID":15083,"name":"Tom C. Clark","href":"https:\/\/api.oyez.org\/people\/tom_c_clark","view_count":0,"last_name":"Clark","roles":[{"id":2727,"type":"scotus_justice","date_start":-642366000,"date_end":-80679600,"appointing_president":"Harry S. Truman","role_title":"Associate Justice of the Supreme Court of the United States","institution_name":"Supreme Court of the United States","href":"https:\/\/api.oyez.org\/preson_role\/scotus_justice\/2727"}],"thumbnail":{"id":32771,"mime":"image\/png","size":50879,"href":"https:\/\/api.oyez.org\/sites\/default\/files\/images\/people\/tom_c_clark\/tom_c_clark.thumb.png"},"length_of_service":6501,"identifier":"tom_c_clark"},{"ID":15097,"name":"John M. Harlan II","href":"https:\/\/api.oyez.org\/people\/john_m_harlan2","view_count":0,"last_name":"Harlan","roles":[{"id":2741,"type":"scotus_justice","date_start":-465933600,"date_end":54450000,"appointing_president":"Dwight D. Eisenhower","role_title":"Associate Justice of the Supreme Court of the United States","institution_name":"Supreme Court of the United States","href":"https:\/\/api.oyez.org\/preson_role\/scotus_justice\/2741"}],"thumbnail":{"id":32728,"mime":"image\/png","size":53784,"href":"https:\/\/api.oyez.org\/sites\/default\/files\/images\/people\/john_m_harlan2\/john_m_harlan2.thumb.png"},"length_of_service":6023,"identifier":"john_m_harlan2"},{"ID":15140,"name":"William J. Brennan, Jr.","href":"https:\/\/api.oyez.org\/people\/william_j_brennan_jr","view_count":0,"last_name":"Brennan","roles":[{"id":2786,"type":"scotus_justice","date_start":-416862000,"date_end":648450000,"appointing_president":"Dwight D. Eisenhower","role_title":"Associate Justice of the Supreme Court of the United States","institution_name":"Supreme Court of the United States","href":"https:\/\/api.oyez.org\/preson_role\/scotus_justice\/2786"}],"thumbnail":{"id":32778,"mime":"image\/png","size":56873,"href":"https:\/\/api.oyez.org\/sites\/default\/files\/images\/people\/william_j_brennan_jr\/william_j_brennan_jr.thumb.png"},"length_of_service":12330,"identifier":"william_j_brennan_jr"},{"ID":15043,"name":"Potter Stewart","href":"https:\/\/api.oyez.org\/people\/potter_stewart","view_count":0,"last_name":"Stewart","roles":[{"id":2687,"type":"scotus_justice","date_start":-353962800,"date_end":362984400,"appointing_president":"Dwight D. Eisenhower","role_title":"Associate Justice of the Supreme Court of the United States","institution_name":"Supreme Court of the United States","href":"https:\/\/api.oyez.org\/preson_role\/scotus_justice\/2687"}],"thumbnail":{"id":32752,"mime":"image\/png","size":56350,"href":"https:\/\/api.oyez.org\/sites\/default\/files\/images\/people\/potter_stewart\/potter_stewart.thumb.png"},"length_of_service":8298,"identifier":"potter_stewart"},{"ID":15071,"name":"Byron R. White","href":"https:\/\/api.oyez.org\/people\/byron_r_white","view_count":0,"last_name":"White","roles":[{"id":2715,"type":"scotus_justice","date_start":-243367200,"date_end":741243600,"appointing_president":"John F. Kennedy","role_title":"Associate Justice of the Supreme Court of the United States","institution_name":"Supreme Court of the United States","href":"https:\/\/api.oyez.org\/preson_role\/scotus_justice\/2715"}],"thumbnail":{"id":32699,"mime":"image\/png","size":55559,"href":"https:\/\/api.oyez.org\/sites\/default\/files\/images\/people\/byron_r_white\/byron_r_white.thumb.png"},"length_of_service":11396,"identifier":"byron_r_white"},{"ID":15061,"name":"Abe Fortas","href":"https:\/\/api.oyez.org\/people\/abe_fortas","view_count":0,"last_name":"Fortas","roles":[{"id":2705,"type":"scotus_justice","date_start":-133902000,"date_end":-20026800,"appointing_president":"Lyndon B. Johnson","role_title":"Associate Justice of the Supreme Court of the United States","institution_name":"Supreme Court of the United States","href":"https:\/\/api.oyez.org\/preson_role\/scotus_justice\/2705"}],"thumbnail":{"id":32693,"mime":"image\/png","size":50111,"href":"https:\/\/api.oyez.org\/sites\/default\/files\/images\/people\/abe_fortas\/abe_fortas.thumb.png"},"length_of_service":1318,"identifier":"abe_fortas"}],"court_start":-133902000,"images":[{"id":12263,"mime":"image\/jpeg","size":36321,"href":"https:\/\/api.oyez.org\/sites\/default\/files\/images\/courts\/warren13.jpg"}],"identifier":"warren13"},"term":"1965","location":null,"opinion_announcement":null,"description":null,"written_opinion":[{"id":12991,"title":"Syllabus","author":null,"type":{"value":"syllabus","label":"Syllabus"},"justia_opinion_id":1946076,"justia_opinion_url":"https:\/\/supreme.justia.com\/cases\/federal\/us\/384\/24\/","judge_full_name":null,"judge_last_name":null,"title_overwrite":null,"href":"https:\/\/api.oyez.org\/case_document\/written_opinion\/12991"},{"id":12992,"title":"View Case","author":null,"type":{"value":"case","label":null},"justia_opinion_id":1946077,"justia_opinion_url":"https:\/\/supreme.justia.com\/cases\/federal\/us\/384\/24\/case.html","judge_full_name":null,"judge_last_name":null,"title_overwrite":null,"href":"https:\/\/api.oyez.org\/case_document\/written_opinion\/12992"}],"related_cases":null,"justia_url":"https:\/\/supreme.justia.com\/cases\/federal\/us\/384\/24\/","argument2_url":null}