{"ID":61660,"name":"Younger v. Harris","href":"https:\/\/api.oyez.org\/cases\/1970\/2","view_count":0,"docket_number":"2","additional_docket_numbers":null,"manner_of_jurisdiction":"Appeal","first_party":"Evelle J. Younger, District Attorney of Los Angeles County","second_party":"John Harris, Jr. et al.","timeline":[{"event":"Argued","dates":[-23738400],"href":"https:\/\/api.oyez.org\/case_timeline\/case_timeline\/52323"},{"event":"Reargued","dates":[10213200,27583200],"href":"https:\/\/api.oyez.org\/case_timeline\/case_timeline\/51987"},{"event":"Decided","dates":[36136800],"href":"https:\/\/api.oyez.org\/case_timeline\/case_timeline\/52322"}],"lower_court":{"ID":146,"name":"Federal district court","href":"https:\/\/api.oyez.org\/courts\/federal_district_court"},"facts_of_the_case":"\u003Cp\u003ECalifornia\u0027s Criminal Syndicalism Act prohibited advocating, teaching, or aiding the commission of a crime or unlawful acts of violence or terrorism. John Harris, a socialist, was indicted under the statute. Harris claimed the law had a \u0022chilling effect\u0022 on his freedom of speech. After a California state court upheld Harris\u0027 conviction, a federal district court struck down the Act because of vagueness and overbreadth.\u003C\/p\u003E\n","question":"\u003Cp\u003EDid the federal court, in stopping a prosecution in a state court, violate constitutional principles of federalism?\u003C\/p\u003E\n","conclusion":"\u003Cp\u003EIn an 8-to-1 decision, the Court held that \u0022settled doctrines\u0022 of federalism narrowly confined the availability of injunctive relief against state criminal prosecutions. Specifically, the Court found that a federal court could not properly enjoin enforcement of a statute \u0022solely on the basis of showing that the statute \u0027on its face\u0027 abridges First Amendment rights.\u0022 The Court referred to \u0022the basic doctrine of equity jurisprudence,\u0022 under which federal courts were required to show proper respect for state functions and notions of comity.\u003C\/p\u003E\n","advocates":null,"oral_argument_audio":[{"id":15350,"title":"Oral Reargument - April 29, 1970","public_note":null,"unavailable":null,"display_title":null,"href":"https:\/\/api.oyez.org\/case_media\/oral_argument_audio\/15350"},{"id":15030,"title":"Oral Reargument - November 16, 1970","public_note":null,"unavailable":null,"display_title":null,"href":"https:\/\/api.oyez.org\/case_media\/oral_argument_audio\/15030"},{"id":15102,"title":"Oral Argument - April 01, 1969","public_note":null,"unavailable":null,"display_title":null,"href":"https:\/\/api.oyez.org\/case_media\/oral_argument_audio\/15102"}],"citation":{"volume":"401","page":"37","year":"1971","href":"https:\/\/api.oyez.org\/case_citation\/case_citation\/26442"},"decisions":[{"description":"The appellants\u0027 lacked standing as the action remained pending in state court; the threat to freedom of speech was insufficient to warrant a facial challenge to the statute.","votes":[{"member":{"ID":15073,"name":"Warren E. Burger","href":"https:\/\/api.oyez.org\/people\/warren_e_burger","view_count":0,"last_name":"Burger","roles":[{"id":2717,"type":"scotus_justice","date_start":-16570800,"date_end":528094800,"appointing_president":"Richard Nixon","role_title":"Chief Justice of the United States","institution_name":"Supreme Court of the United States","href":"https:\/\/api.oyez.org\/preson_role\/scotus_justice\/2717"}],"thumbnail":{"id":32773,"mime":"image\/png","size":52511,"href":"https:\/\/api.oyez.org\/sites\/default\/files\/images\/people\/warren_e_burger\/warren_e_burger.thumb.png"},"length_of_service":6304,"identifier":"warren_e_burger"},"vote":"majority","opinion_type":"none","joining":null,"seniority":1,"ideology":2.213,"href":"https:\/\/api.oyez.org\/decision_vote\/decision_vote\/201148"},{"member":{"ID":15089,"name":"Hugo L. Black","href":"https:\/\/api.oyez.org\/people\/hugo_l_black","view_count":0,"last_name":"Black","roles":[{"id":2733,"type":"scotus_justice","date_start":-1021489200,"date_end":53931600,"appointing_president":"Franklin D. Roosevelt","role_title":"Associate Justice","institution_name":"Supreme Court of the United States","href":"https:\/\/api.oyez.org\/preson_role\/scotus_justice\/2733"}],"thumbnail":{"id":32719,"mime":"image\/png","size":51667,"href":"https:\/\/api.oyez.org\/sites\/default\/files\/images\/people\/hugo_l_black\/hugo_l_black.thumb.png"},"length_of_service":12447,"identifier":"hugo_l_black"},"vote":"majority","opinion_type":"majority","joining":null,"seniority":2,"ideology":0,"href":"https:\/\/api.oyez.org\/decision_vote\/decision_vote\/201149"},{"member":{"ID":15107,"name":"William O. Douglas","href":"https:\/\/api.oyez.org\/people\/william_o_douglas","view_count":0,"last_name":"Douglas","roles":[{"id":2751,"type":"scotus_justice","date_start":-969127200,"date_end":185004000,"appointing_president":"Franklin D. Roosevelt","role_title":"Associate Justice of the Supreme Court of the United States","institution_name":"Supreme Court of the United States","href":"https:\/\/api.oyez.org\/preson_role\/scotus_justice\/2751"}],"thumbnail":{"id":32781,"mime":"image\/png","size":56651,"href":"https:\/\/api.oyez.org\/sites\/default\/files\/images\/people\/william_o_douglas\/william_o_douglas.thumb.png"},"length_of_service":13358,"identifier":"william_o_douglas"},"vote":"minority","opinion_type":"dissent","joining":null,"seniority":3,"ideology":-7.53,"href":"https:\/\/api.oyez.org\/decision_vote\/decision_vote\/201150"},{"member":{"ID":15097,"name":"John M. Harlan II","href":"https:\/\/api.oyez.org\/people\/john_m_harlan2","view_count":0,"last_name":"Harlan","roles":[{"id":2741,"type":"scotus_justice","date_start":-465933600,"date_end":54450000,"appointing_president":"Dwight D. Eisenhower","role_title":"Associate Justice of the Supreme Court of the United States","institution_name":"Supreme Court of the United States","href":"https:\/\/api.oyez.org\/preson_role\/scotus_justice\/2741"}],"thumbnail":{"id":32728,"mime":"image\/png","size":53784,"href":"https:\/\/api.oyez.org\/sites\/default\/files\/images\/people\/john_m_harlan2\/john_m_harlan2.thumb.png"},"length_of_service":6023,"identifier":"john_m_harlan2"},"vote":"majority","opinion_type":"none","joining":[{"ID":15043,"name":"Potter Stewart","href":"https:\/\/api.oyez.org\/people\/potter_stewart","view_count":0,"last_name":"Stewart","roles":[{"id":2687,"type":"scotus_justice","date_start":-353962800,"date_end":362984400,"appointing_president":"Dwight D. Eisenhower","role_title":"Associate Justice of the Supreme Court of the United States","institution_name":"Supreme Court of the United States","href":"https:\/\/api.oyez.org\/preson_role\/scotus_justice\/2687"}],"thumbnail":{"id":32752,"mime":"image\/png","size":56350,"href":"https:\/\/api.oyez.org\/sites\/default\/files\/images\/people\/potter_stewart\/potter_stewart.thumb.png"},"length_of_service":8298,"identifier":"potter_stewart"}],"seniority":4,"ideology":0.675,"href":"https:\/\/api.oyez.org\/decision_vote\/decision_vote\/201151"},{"member":{"ID":15140,"name":"William J. Brennan, Jr.","href":"https:\/\/api.oyez.org\/people\/william_j_brennan_jr","view_count":0,"last_name":"Brennan","roles":[{"id":2786,"type":"scotus_justice","date_start":-416862000,"date_end":648450000,"appointing_president":"Dwight D. Eisenhower","role_title":"Associate Justice of the Supreme Court of the United States","institution_name":"Supreme Court of the United States","href":"https:\/\/api.oyez.org\/preson_role\/scotus_justice\/2786"}],"thumbnail":{"id":32778,"mime":"image\/png","size":56873,"href":"https:\/\/api.oyez.org\/sites\/default\/files\/images\/people\/william_j_brennan_jr\/william_j_brennan_jr.thumb.png"},"length_of_service":12330,"identifier":"william_j_brennan_jr"},"vote":"majority","opinion_type":"special concurrence","joining":null,"seniority":5,"ideology":-1.063,"href":"https:\/\/api.oyez.org\/decision_vote\/decision_vote\/201152"},{"member":{"ID":15043,"name":"Potter Stewart","href":"https:\/\/api.oyez.org\/people\/potter_stewart","view_count":0,"last_name":"Stewart","roles":[{"id":2687,"type":"scotus_justice","date_start":-353962800,"date_end":362984400,"appointing_president":"Dwight D. Eisenhower","role_title":"Associate Justice of the Supreme Court of the United States","institution_name":"Supreme Court of the United States","href":"https:\/\/api.oyez.org\/preson_role\/scotus_justice\/2687"}],"thumbnail":{"id":32752,"mime":"image\/png","size":56350,"href":"https:\/\/api.oyez.org\/sites\/default\/files\/images\/people\/potter_stewart\/potter_stewart.thumb.png"},"length_of_service":8298,"identifier":"potter_stewart"},"vote":"majority","opinion_type":"concurrence","joining":null,"seniority":6,"ideology":0.521,"href":"https:\/\/api.oyez.org\/decision_vote\/decision_vote\/201153"},{"member":{"ID":15071,"name":"Byron R. White","href":"https:\/\/api.oyez.org\/people\/byron_r_white","view_count":0,"last_name":"White","roles":[{"id":2715,"type":"scotus_justice","date_start":-243367200,"date_end":741243600,"appointing_president":"John F. Kennedy","role_title":"Associate Justice of the Supreme Court of the United States","institution_name":"Supreme Court of the United States","href":"https:\/\/api.oyez.org\/preson_role\/scotus_justice\/2715"}],"thumbnail":{"id":32699,"mime":"image\/png","size":55559,"href":"https:\/\/api.oyez.org\/sites\/default\/files\/images\/people\/byron_r_white\/byron_r_white.thumb.png"},"length_of_service":11396,"identifier":"byron_r_white"},"vote":"majority","opinion_type":"none","joining":[{"ID":15140,"name":"William J. Brennan, Jr.","href":"https:\/\/api.oyez.org\/people\/william_j_brennan_jr","view_count":0,"last_name":"Brennan","roles":[{"id":2786,"type":"scotus_justice","date_start":-416862000,"date_end":648450000,"appointing_president":"Dwight D. Eisenhower","role_title":"Associate Justice of the Supreme Court of the United States","institution_name":"Supreme Court of the United States","href":"https:\/\/api.oyez.org\/preson_role\/scotus_justice\/2786"}],"thumbnail":{"id":32778,"mime":"image\/png","size":56873,"href":"https:\/\/api.oyez.org\/sites\/default\/files\/images\/people\/william_j_brennan_jr\/william_j_brennan_jr.thumb.png"},"length_of_service":12330,"identifier":"william_j_brennan_jr"}],"seniority":7,"ideology":0.477,"href":"https:\/\/api.oyez.org\/decision_vote\/decision_vote\/201154"},{"member":{"ID":15104,"name":"Thurgood Marshall","href":"https:\/\/api.oyez.org\/people\/thurgood_marshall","view_count":0,"last_name":"Marshall","roles":[{"id":2748,"type":"scotus_justice","date_start":-71002800,"date_end":686293200,"appointing_president":"Lyndon B. Johnson","role_title":"Associate Justice of the Supreme Court of the United States","institution_name":"Supreme Court of the United States","href":"https:\/\/api.oyez.org\/preson_role\/scotus_justice\/2748"}],"thumbnail":{"id":32770,"mime":"image\/png","size":59272,"href":"https:\/\/api.oyez.org\/sites\/default\/files\/images\/people\/thurgood_marshall\/thurgood_marshall.thumb.png"},"length_of_service":8765,"identifier":"thurgood_marshall"},"vote":"majority","opinion_type":"none","joining":[{"ID":15140,"name":"William J. Brennan, Jr.","href":"https:\/\/api.oyez.org\/people\/william_j_brennan_jr","view_count":0,"last_name":"Brennan","roles":[{"id":2786,"type":"scotus_justice","date_start":-416862000,"date_end":648450000,"appointing_president":"Dwight D. Eisenhower","role_title":"Associate Justice of the Supreme Court of the United States","institution_name":"Supreme Court of the United States","href":"https:\/\/api.oyez.org\/preson_role\/scotus_justice\/2786"}],"thumbnail":{"id":32778,"mime":"image\/png","size":56873,"href":"https:\/\/api.oyez.org\/sites\/default\/files\/images\/people\/william_j_brennan_jr\/william_j_brennan_jr.thumb.png"},"length_of_service":12330,"identifier":"william_j_brennan_jr"}],"seniority":8,"ideology":-0.985,"href":"https:\/\/api.oyez.org\/decision_vote\/decision_vote\/201155"},{"member":{"ID":15045,"name":"Harry A. Blackmun","href":"https:\/\/api.oyez.org\/people\/harry_a_blackmun","view_count":0,"last_name":"Blackmun","roles":[{"id":2689,"type":"scotus_justice","date_start":13755600,"date_end":775890000,"appointing_president":"Richard Nixon","role_title":"Associate Justice of the Supreme Court of the United States","institution_name":"Supreme Court of the United States","href":"https:\/\/api.oyez.org\/preson_role\/scotus_justice\/2689"}],"thumbnail":{"id":32712,"mime":"image\/png","size":50281,"href":"https:\/\/api.oyez.org\/sites\/default\/files\/images\/people\/harry_a_blackmun\/harry_a_blackmun.thumb.png"},"length_of_service":8821,"identifier":"harry_a_blackmun"},"vote":"majority","opinion_type":"none","joining":null,"seniority":9,"ideology":1.764,"href":"https:\/\/api.oyez.org\/decision_vote\/decision_vote\/201156"}],"majority_vote":8,"minority_vote":1,"winning_party":"Younger","decision_type":"majority opinion","href":"https:\/\/api.oyez.org\/case_decision\/case_decision\/15878"}],"first_party_label":"Appellant","second_party_label":"Appellee","heard_by":[{"ID":15305,"name":"Warren Court (1967-1969)","href":"https:\/\/api.oyez.org\/courts\/warren15","view_count":0,"members":[{"ID":15099,"name":"Earl Warren","href":"https:\/\/api.oyez.org\/people\/earl_warren","view_count":0,"last_name":"Warren","roles":[{"id":2743,"type":"scotus_justice","date_start":-512503200,"date_end":-16570800,"appointing_president":"Dwight D. Eisenhower","role_title":"Chief Justice of the United States","institution_name":"Supreme Court of the United States","href":"https:\/\/api.oyez.org\/preson_role\/scotus_justice\/2743"}],"thumbnail":{"id":32704,"mime":"image\/png","size":50444,"href":"https:\/\/api.oyez.org\/sites\/default\/files\/images\/people\/earl_warren\/earl_warren.thumb.png"},"length_of_service":5740,"identifier":"earl_warren"},{"ID":15089,"name":"Hugo L. Black","href":"https:\/\/api.oyez.org\/people\/hugo_l_black","view_count":0,"last_name":"Black","roles":[{"id":2733,"type":"scotus_justice","date_start":-1021489200,"date_end":53931600,"appointing_president":"Franklin D. Roosevelt","role_title":"Associate Justice","institution_name":"Supreme Court of the United States","href":"https:\/\/api.oyez.org\/preson_role\/scotus_justice\/2733"}],"thumbnail":{"id":32719,"mime":"image\/png","size":51667,"href":"https:\/\/api.oyez.org\/sites\/default\/files\/images\/people\/hugo_l_black\/hugo_l_black.thumb.png"},"length_of_service":12447,"identifier":"hugo_l_black"},{"ID":15107,"name":"William O. Douglas","href":"https:\/\/api.oyez.org\/people\/william_o_douglas","view_count":0,"last_name":"Douglas","roles":[{"id":2751,"type":"scotus_justice","date_start":-969127200,"date_end":185004000,"appointing_president":"Franklin D. Roosevelt","role_title":"Associate Justice of the Supreme Court of the United States","institution_name":"Supreme Court of the United States","href":"https:\/\/api.oyez.org\/preson_role\/scotus_justice\/2751"}],"thumbnail":{"id":32781,"mime":"image\/png","size":56651,"href":"https:\/\/api.oyez.org\/sites\/default\/files\/images\/people\/william_o_douglas\/william_o_douglas.thumb.png"},"length_of_service":13358,"identifier":"william_o_douglas"},{"ID":15097,"name":"John M. Harlan II","href":"https:\/\/api.oyez.org\/people\/john_m_harlan2","view_count":0,"last_name":"Harlan","roles":[{"id":2741,"type":"scotus_justice","date_start":-465933600,"date_end":54450000,"appointing_president":"Dwight D. Eisenhower","role_title":"Associate Justice of the Supreme Court of the United States","institution_name":"Supreme Court of the United States","href":"https:\/\/api.oyez.org\/preson_role\/scotus_justice\/2741"}],"thumbnail":{"id":32728,"mime":"image\/png","size":53784,"href":"https:\/\/api.oyez.org\/sites\/default\/files\/images\/people\/john_m_harlan2\/john_m_harlan2.thumb.png"},"length_of_service":6023,"identifier":"john_m_harlan2"},{"ID":15140,"name":"William J. Brennan, Jr.","href":"https:\/\/api.oyez.org\/people\/william_j_brennan_jr","view_count":0,"last_name":"Brennan","roles":[{"id":2786,"type":"scotus_justice","date_start":-416862000,"date_end":648450000,"appointing_president":"Dwight D. Eisenhower","role_title":"Associate Justice of the Supreme Court of the United States","institution_name":"Supreme Court of the United States","href":"https:\/\/api.oyez.org\/preson_role\/scotus_justice\/2786"}],"thumbnail":{"id":32778,"mime":"image\/png","size":56873,"href":"https:\/\/api.oyez.org\/sites\/default\/files\/images\/people\/william_j_brennan_jr\/william_j_brennan_jr.thumb.png"},"length_of_service":12330,"identifier":"william_j_brennan_jr"},{"ID":15043,"name":"Potter Stewart","href":"https:\/\/api.oyez.org\/people\/potter_stewart","view_count":0,"last_name":"Stewart","roles":[{"id":2687,"type":"scotus_justice","date_start":-353962800,"date_end":362984400,"appointing_president":"Dwight D. Eisenhower","role_title":"Associate Justice of the Supreme Court of the United States","institution_name":"Supreme Court of the United States","href":"https:\/\/api.oyez.org\/preson_role\/scotus_justice\/2687"}],"thumbnail":{"id":32752,"mime":"image\/png","size":56350,"href":"https:\/\/api.oyez.org\/sites\/default\/files\/images\/people\/potter_stewart\/potter_stewart.thumb.png"},"length_of_service":8298,"identifier":"potter_stewart"},{"ID":15071,"name":"Byron R. White","href":"https:\/\/api.oyez.org\/people\/byron_r_white","view_count":0,"last_name":"White","roles":[{"id":2715,"type":"scotus_justice","date_start":-243367200,"date_end":741243600,"appointing_president":"John F. Kennedy","role_title":"Associate Justice of the Supreme Court of the United States","institution_name":"Supreme Court of the United States","href":"https:\/\/api.oyez.org\/preson_role\/scotus_justice\/2715"}],"thumbnail":{"id":32699,"mime":"image\/png","size":55559,"href":"https:\/\/api.oyez.org\/sites\/default\/files\/images\/people\/byron_r_white\/byron_r_white.thumb.png"},"length_of_service":11396,"identifier":"byron_r_white"},{"ID":15061,"name":"Abe Fortas","href":"https:\/\/api.oyez.org\/people\/abe_fortas","view_count":0,"last_name":"Fortas","roles":[{"id":2705,"type":"scotus_justice","date_start":-133902000,"date_end":-20026800,"appointing_president":"Lyndon B. Johnson","role_title":"Associate Justice of the Supreme Court of the United States","institution_name":"Supreme Court of the United States","href":"https:\/\/api.oyez.org\/preson_role\/scotus_justice\/2705"}],"thumbnail":{"id":32693,"mime":"image\/png","size":50111,"href":"https:\/\/api.oyez.org\/sites\/default\/files\/images\/people\/abe_fortas\/abe_fortas.thumb.png"},"length_of_service":1318,"identifier":"abe_fortas"},{"ID":15104,"name":"Thurgood Marshall","href":"https:\/\/api.oyez.org\/people\/thurgood_marshall","view_count":0,"last_name":"Marshall","roles":[{"id":2748,"type":"scotus_justice","date_start":-71002800,"date_end":686293200,"appointing_president":"Lyndon B. Johnson","role_title":"Associate Justice of the Supreme Court of the United States","institution_name":"Supreme Court of the United States","href":"https:\/\/api.oyez.org\/preson_role\/scotus_justice\/2748"}],"thumbnail":{"id":32770,"mime":"image\/png","size":59272,"href":"https:\/\/api.oyez.org\/sites\/default\/files\/images\/people\/thurgood_marshall\/thurgood_marshall.thumb.png"},"length_of_service":8765,"identifier":"thurgood_marshall"}],"court_start":-71002800,"images":[{"id":78537,"mime":"image\/jpeg","size":1000283,"href":"https:\/\/api.oyez.org\/sites\/default\/files\/images\/courts\/warren15.jpg"}],"identifier":"warren15"}],"decided_by":{"ID":15324,"name":"Burger Court (1970-1971)","href":"https:\/\/api.oyez.org\/courts\/burger2","view_count":0,"members":[{"ID":15073,"name":"Warren E. Burger","href":"https:\/\/api.oyez.org\/people\/warren_e_burger","view_count":0,"last_name":"Burger","roles":[{"id":2717,"type":"scotus_justice","date_start":-16570800,"date_end":528094800,"appointing_president":"Richard Nixon","role_title":"Chief Justice of the United States","institution_name":"Supreme Court of the United States","href":"https:\/\/api.oyez.org\/preson_role\/scotus_justice\/2717"}],"thumbnail":{"id":32773,"mime":"image\/png","size":52511,"href":"https:\/\/api.oyez.org\/sites\/default\/files\/images\/people\/warren_e_burger\/warren_e_burger.thumb.png"},"length_of_service":6304,"identifier":"warren_e_burger"},{"ID":15089,"name":"Hugo L. Black","href":"https:\/\/api.oyez.org\/people\/hugo_l_black","view_count":0,"last_name":"Black","roles":[{"id":2733,"type":"scotus_justice","date_start":-1021489200,"date_end":53931600,"appointing_president":"Franklin D. Roosevelt","role_title":"Associate Justice","institution_name":"Supreme Court of the United States","href":"https:\/\/api.oyez.org\/preson_role\/scotus_justice\/2733"}],"thumbnail":{"id":32719,"mime":"image\/png","size":51667,"href":"https:\/\/api.oyez.org\/sites\/default\/files\/images\/people\/hugo_l_black\/hugo_l_black.thumb.png"},"length_of_service":12447,"identifier":"hugo_l_black"},{"ID":15107,"name":"William O. Douglas","href":"https:\/\/api.oyez.org\/people\/william_o_douglas","view_count":0,"last_name":"Douglas","roles":[{"id":2751,"type":"scotus_justice","date_start":-969127200,"date_end":185004000,"appointing_president":"Franklin D. Roosevelt","role_title":"Associate Justice of the Supreme Court of the United States","institution_name":"Supreme Court of the United States","href":"https:\/\/api.oyez.org\/preson_role\/scotus_justice\/2751"}],"thumbnail":{"id":32781,"mime":"image\/png","size":56651,"href":"https:\/\/api.oyez.org\/sites\/default\/files\/images\/people\/william_o_douglas\/william_o_douglas.thumb.png"},"length_of_service":13358,"identifier":"william_o_douglas"},{"ID":15097,"name":"John M. Harlan II","href":"https:\/\/api.oyez.org\/people\/john_m_harlan2","view_count":0,"last_name":"Harlan","roles":[{"id":2741,"type":"scotus_justice","date_start":-465933600,"date_end":54450000,"appointing_president":"Dwight D. Eisenhower","role_title":"Associate Justice of the Supreme Court of the United States","institution_name":"Supreme Court of the United States","href":"https:\/\/api.oyez.org\/preson_role\/scotus_justice\/2741"}],"thumbnail":{"id":32728,"mime":"image\/png","size":53784,"href":"https:\/\/api.oyez.org\/sites\/default\/files\/images\/people\/john_m_harlan2\/john_m_harlan2.thumb.png"},"length_of_service":6023,"identifier":"john_m_harlan2"},{"ID":15140,"name":"William J. Brennan, Jr.","href":"https:\/\/api.oyez.org\/people\/william_j_brennan_jr","view_count":0,"last_name":"Brennan","roles":[{"id":2786,"type":"scotus_justice","date_start":-416862000,"date_end":648450000,"appointing_president":"Dwight D. Eisenhower","role_title":"Associate Justice of the Supreme Court of the United States","institution_name":"Supreme Court of the United States","href":"https:\/\/api.oyez.org\/preson_role\/scotus_justice\/2786"}],"thumbnail":{"id":32778,"mime":"image\/png","size":56873,"href":"https:\/\/api.oyez.org\/sites\/default\/files\/images\/people\/william_j_brennan_jr\/william_j_brennan_jr.thumb.png"},"length_of_service":12330,"identifier":"william_j_brennan_jr"},{"ID":15043,"name":"Potter Stewart","href":"https:\/\/api.oyez.org\/people\/potter_stewart","view_count":0,"last_name":"Stewart","roles":[{"id":2687,"type":"scotus_justice","date_start":-353962800,"date_end":362984400,"appointing_president":"Dwight D. Eisenhower","role_title":"Associate Justice of the Supreme Court of the United States","institution_name":"Supreme Court of the United States","href":"https:\/\/api.oyez.org\/preson_role\/scotus_justice\/2687"}],"thumbnail":{"id":32752,"mime":"image\/png","size":56350,"href":"https:\/\/api.oyez.org\/sites\/default\/files\/images\/people\/potter_stewart\/potter_stewart.thumb.png"},"length_of_service":8298,"identifier":"potter_stewart"},{"ID":15071,"name":"Byron R. White","href":"https:\/\/api.oyez.org\/people\/byron_r_white","view_count":0,"last_name":"White","roles":[{"id":2715,"type":"scotus_justice","date_start":-243367200,"date_end":741243600,"appointing_president":"John F. Kennedy","role_title":"Associate Justice of the Supreme Court of the United States","institution_name":"Supreme Court of the United States","href":"https:\/\/api.oyez.org\/preson_role\/scotus_justice\/2715"}],"thumbnail":{"id":32699,"mime":"image\/png","size":55559,"href":"https:\/\/api.oyez.org\/sites\/default\/files\/images\/people\/byron_r_white\/byron_r_white.thumb.png"},"length_of_service":11396,"identifier":"byron_r_white"},{"ID":15104,"name":"Thurgood Marshall","href":"https:\/\/api.oyez.org\/people\/thurgood_marshall","view_count":0,"last_name":"Marshall","roles":[{"id":2748,"type":"scotus_justice","date_start":-71002800,"date_end":686293200,"appointing_president":"Lyndon B. Johnson","role_title":"Associate Justice of the Supreme Court of the United States","institution_name":"Supreme Court of the United States","href":"https:\/\/api.oyez.org\/preson_role\/scotus_justice\/2748"}],"thumbnail":{"id":32770,"mime":"image\/png","size":59272,"href":"https:\/\/api.oyez.org\/sites\/default\/files\/images\/people\/thurgood_marshall\/thurgood_marshall.thumb.png"},"length_of_service":8765,"identifier":"thurgood_marshall"},{"ID":15045,"name":"Harry A. Blackmun","href":"https:\/\/api.oyez.org\/people\/harry_a_blackmun","view_count":0,"last_name":"Blackmun","roles":[{"id":2689,"type":"scotus_justice","date_start":13755600,"date_end":775890000,"appointing_president":"Richard Nixon","role_title":"Associate Justice of the Supreme Court of the United States","institution_name":"Supreme Court of the United States","href":"https:\/\/api.oyez.org\/preson_role\/scotus_justice\/2689"}],"thumbnail":{"id":32712,"mime":"image\/png","size":50281,"href":"https:\/\/api.oyez.org\/sites\/default\/files\/images\/people\/harry_a_blackmun\/harry_a_blackmun.thumb.png"},"length_of_service":8821,"identifier":"harry_a_blackmun"}],"court_start":13755600,"images":[{"id":12274,"mime":"image\/jpeg","size":44377,"href":"https:\/\/api.oyez.org\/sites\/default\/files\/images\/courts\/burger2.jpg"}],"identifier":"burger2"},"term":"1970","location":{"latitude":34.052234,"longitude":-118.243685,"name":"City of Los Angeles","street":"Los Angeles CA","city":"Los Angeles","province":"CA","postal_code":null,"province_name":"California"},"opinion_announcement":null,"description":null,"written_opinion":[{"id":11721,"title":"Syllabus","author":null,"type":{"value":"syllabus","label":"Syllabus"},"justia_opinion_id":1949178,"justia_opinion_url":"https:\/\/supreme.justia.com\/cases\/federal\/us\/401\/37\/","judge_full_name":null,"judge_last_name":null,"title_overwrite":null,"href":"https:\/\/api.oyez.org\/case_document\/written_opinion\/11721"},{"id":11722,"title":"View Case","author":null,"type":{"value":"case","label":null},"justia_opinion_id":1949179,"justia_opinion_url":"https:\/\/supreme.justia.com\/cases\/federal\/us\/401\/37\/case.html","judge_full_name":null,"judge_last_name":null,"title_overwrite":null,"href":"https:\/\/api.oyez.org\/case_document\/written_opinion\/11722"}],"related_cases":null,"justia_url":"https:\/\/supreme.justia.com\/cases\/federal\/us\/401\/37\/","argument2_url":null}