{"ID":51330,"name":"United States v. Mandujano","href":"https:\/\/api.oyez.org\/cases\/1975\/74-754","view_count":0,"docket_number":"74-754","additional_docket_numbers":null,"manner_of_jurisdiction":"Writ of \u003Ci\u003Ecertiorari\u003C\/i\u003E","first_party":"United States","second_party":"Mandujano","timeline":[{"event":"Argued","dates":[184399200],"href":"https:\/\/api.oyez.org\/case_timeline\/case_timeline\/31941"},{"event":"Decided","dates":[201330000],"href":"https:\/\/api.oyez.org\/case_timeline\/case_timeline\/31942"}],"lower_court":{"ID":10,"name":"United States Court of Appeals for the Fifth Circuit","href":"https:\/\/api.oyez.org\/taxonomy\/term\/10"},"facts_of_the_case":"","question":"","conclusion":"","advocates":[{"advocate":{"ID":36477,"name":"Michael Allen Peters","href":"https:\/\/api.oyez.org\/people\/michael_allen_peters","view_count":0,"last_name":"Peters","roles":null,"thumbnail":null,"length_of_service":0,"identifier":"michael_allen_peters"},"advocate_description":"for respondent, pro hac vice, by special leave of Court","href":"https:\/\/api.oyez.org\/case_advocate\/case_advocate\/9964"},{"advocate":{"ID":15933,"name":"Mr. Andrew L. Frey","href":"https:\/\/api.oyez.org\/people\/andrew_l_frey","view_count":0,"last_name":"Frey","roles":null,"thumbnail":null,"length_of_service":0,"identifier":"andrew_l_frey"},"advocate_description":"for petitioner","href":"https:\/\/api.oyez.org\/case_advocate\/case_advocate\/9965"}],"oral_argument_audio":[{"id":16031,"title":"Oral Argument - November 05, 1975","public_note":null,"unavailable":null,"display_title":null,"href":"https:\/\/api.oyez.org\/case_media\/oral_argument_audio\/16031"}],"citation":{"volume":"425","page":"564","year":"1976","href":"https:\/\/api.oyez.org\/case_citation\/case_citation\/15258"},"decisions":[{"description":null,"votes":[{"member":{"ID":15043,"name":"Potter Stewart","href":"https:\/\/api.oyez.org\/people\/potter_stewart","view_count":0,"last_name":"Stewart","roles":[{"id":2687,"type":"scotus_justice","date_start":-353962800,"date_end":362984400,"appointing_president":"Dwight D. Eisenhower","role_title":"Associate Justice of the Supreme Court of the United States","institution_name":"Supreme Court of the United States","href":"https:\/\/api.oyez.org\/preson_role\/scotus_justice\/2687"}],"thumbnail":{"id":32752,"mime":"image\/png","size":56350,"href":"https:\/\/api.oyez.org\/sites\/default\/files\/images\/people\/potter_stewart\/potter_stewart.thumb.png"},"length_of_service":8298,"identifier":"potter_stewart"},"vote":"majority","opinion_type":"special concurrence","joining":null,"seniority":3,"ideology":0.505,"href":"https:\/\/api.oyez.org\/decision_vote\/decision_vote\/142137"},{"member":{"ID":15104,"name":"Thurgood Marshall","href":"https:\/\/api.oyez.org\/people\/thurgood_marshall","view_count":0,"last_name":"Marshall","roles":[{"id":2748,"type":"scotus_justice","date_start":-71002800,"date_end":686293200,"appointing_president":"Lyndon B. Johnson","role_title":"Associate Justice of the Supreme Court of the United States","institution_name":"Supreme Court of the United States","href":"https:\/\/api.oyez.org\/preson_role\/scotus_justice\/2748"}],"thumbnail":{"id":32770,"mime":"image\/png","size":59272,"href":"https:\/\/api.oyez.org\/sites\/default\/files\/images\/people\/thurgood_marshall\/thurgood_marshall.thumb.png"},"length_of_service":8765,"identifier":"thurgood_marshall"},"vote":"majority","opinion_type":"none","joining":[{"ID":15140,"name":"William J. Brennan, Jr.","href":"https:\/\/api.oyez.org\/people\/william_j_brennan_jr","view_count":0,"last_name":"Brennan","roles":[{"id":2786,"type":"scotus_justice","date_start":-416862000,"date_end":648450000,"appointing_president":"Dwight D. Eisenhower","role_title":"Associate Justice of the Supreme Court of the United States","institution_name":"Supreme Court of the United States","href":"https:\/\/api.oyez.org\/preson_role\/scotus_justice\/2786"}],"thumbnail":{"id":32778,"mime":"image\/png","size":56873,"href":"https:\/\/api.oyez.org\/sites\/default\/files\/images\/people\/william_j_brennan_jr\/william_j_brennan_jr.thumb.png"},"length_of_service":12330,"identifier":"william_j_brennan_jr"}],"seniority":5,"ideology":-2.011,"href":"https:\/\/api.oyez.org\/decision_vote\/decision_vote\/142138"},{"member":{"ID":15140,"name":"William J. Brennan, Jr.","href":"https:\/\/api.oyez.org\/people\/william_j_brennan_jr","view_count":0,"last_name":"Brennan","roles":[{"id":2786,"type":"scotus_justice","date_start":-416862000,"date_end":648450000,"appointing_president":"Dwight D. Eisenhower","role_title":"Associate Justice of the Supreme Court of the United States","institution_name":"Supreme Court of the United States","href":"https:\/\/api.oyez.org\/preson_role\/scotus_justice\/2786"}],"thumbnail":{"id":32778,"mime":"image\/png","size":56873,"href":"https:\/\/api.oyez.org\/sites\/default\/files\/images\/people\/william_j_brennan_jr\/william_j_brennan_jr.thumb.png"},"length_of_service":12330,"identifier":"william_j_brennan_jr"},"vote":"majority","opinion_type":"special concurrence","joining":null,"seniority":2,"ideology":-2.53,"href":"https:\/\/api.oyez.org\/decision_vote\/decision_vote\/142139"},{"member":{"ID":15071,"name":"Byron R. White","href":"https:\/\/api.oyez.org\/people\/byron_r_white","view_count":0,"last_name":"White","roles":[{"id":2715,"type":"scotus_justice","date_start":-243367200,"date_end":741243600,"appointing_president":"John F. Kennedy","role_title":"Associate Justice of the Supreme Court of the United States","institution_name":"Supreme Court of the United States","href":"https:\/\/api.oyez.org\/preson_role\/scotus_justice\/2715"}],"thumbnail":{"id":32699,"mime":"image\/png","size":55559,"href":"https:\/\/api.oyez.org\/sites\/default\/files\/images\/people\/byron_r_white\/byron_r_white.thumb.png"},"length_of_service":11396,"identifier":"byron_r_white"},"vote":"majority","opinion_type":"none","joining":null,"seniority":4,"ideology":0.498,"href":"https:\/\/api.oyez.org\/decision_vote\/decision_vote\/142140"},{"member":{"ID":15073,"name":"Warren E. Burger","href":"https:\/\/api.oyez.org\/people\/warren_e_burger","view_count":0,"last_name":"Burger","roles":[{"id":2717,"type":"scotus_justice","date_start":-16570800,"date_end":528094800,"appointing_president":"Richard Nixon","role_title":"Chief Justice of the United States","institution_name":"Supreme Court of the United States","href":"https:\/\/api.oyez.org\/preson_role\/scotus_justice\/2717"}],"thumbnail":{"id":32773,"mime":"image\/png","size":52511,"href":"https:\/\/api.oyez.org\/sites\/default\/files\/images\/people\/warren_e_burger\/warren_e_burger.thumb.png"},"length_of_service":6304,"identifier":"warren_e_burger"},"vote":"majority","opinion_type":"plurality","joining":null,"seniority":1,"ideology":1.969,"href":"https:\/\/api.oyez.org\/decision_vote\/decision_vote\/142141"},{"member":{"ID":15045,"name":"Harry A. Blackmun","href":"https:\/\/api.oyez.org\/people\/harry_a_blackmun","view_count":0,"last_name":"Blackmun","roles":[{"id":2689,"type":"scotus_justice","date_start":13755600,"date_end":775890000,"appointing_president":"Richard Nixon","role_title":"Associate Justice of the Supreme Court of the United States","institution_name":"Supreme Court of the United States","href":"https:\/\/api.oyez.org\/preson_role\/scotus_justice\/2689"}],"thumbnail":{"id":32712,"mime":"image\/png","size":50281,"href":"https:\/\/api.oyez.org\/sites\/default\/files\/images\/people\/harry_a_blackmun\/harry_a_blackmun.thumb.png"},"length_of_service":8821,"identifier":"harry_a_blackmun"},"vote":"majority","opinion_type":"none","joining":[{"ID":15043,"name":"Potter Stewart","href":"https:\/\/api.oyez.org\/people\/potter_stewart","view_count":0,"last_name":"Stewart","roles":[{"id":2687,"type":"scotus_justice","date_start":-353962800,"date_end":362984400,"appointing_president":"Dwight D. Eisenhower","role_title":"Associate Justice of the Supreme Court of the United States","institution_name":"Supreme Court of the United States","href":"https:\/\/api.oyez.org\/preson_role\/scotus_justice\/2687"}],"thumbnail":{"id":32752,"mime":"image\/png","size":56350,"href":"https:\/\/api.oyez.org\/sites\/default\/files\/images\/people\/potter_stewart\/potter_stewart.thumb.png"},"length_of_service":8298,"identifier":"potter_stewart"}],"seniority":6,"ideology":0.838,"href":"https:\/\/api.oyez.org\/decision_vote\/decision_vote\/142142"},{"member":{"ID":15119,"name":"Lewis F. Powell, Jr.","href":"https:\/\/api.oyez.org\/people\/lewis_f_powell_jr","view_count":0,"last_name":"Powell","roles":[{"id":2764,"type":"scotus_justice","date_start":63612000,"date_end":551682000,"appointing_president":"Richard Nixon","role_title":"Associate Justice of the Supreme Court of the United States","institution_name":"Supreme Court of the United States","href":"https:\/\/api.oyez.org\/preson_role\/scotus_justice\/2764"}],"thumbnail":{"id":32738,"mime":"image\/png","size":53543,"href":"https:\/\/api.oyez.org\/sites\/default\/files\/images\/people\/lewis_f_powell_jr\/lewis_f_powell_jr.thumb.png"},"length_of_service":5649,"identifier":"lewis_f_powell_jr"},"vote":"majority","opinion_type":"none","joining":null,"seniority":7,"ideology":0.94,"href":"https:\/\/api.oyez.org\/decision_vote\/decision_vote\/142143"},{"member":{"ID":15141,"name":"William H. Rehnquist","href":"https:\/\/api.oyez.org\/people\/william_h_rehnquist","view_count":0,"last_name":"Rehnquist","roles":[{"id":2787,"type":"scotus_justice","date_start":63612000,"date_end":528094800,"appointing_president":"Richard Nixon","role_title":"Associate Justice of the Supreme Court of the United States","institution_name":"Supreme Court of the United States","href":"https:\/\/api.oyez.org\/preson_role\/scotus_justice\/2787"},{"id":2788,"type":"scotus_justice","date_start":528094800,"date_end":1125723600,"appointing_president":"Ronald Reagan","role_title":"Chief Justice of the United States","institution_name":"Supreme Court of the United States","href":"https:\/\/api.oyez.org\/preson_role\/scotus_justice\/2788"}],"thumbnail":{"id":32786,"mime":"image\/png","size":46923,"href":"https:\/\/api.oyez.org\/sites\/default\/files\/images\/people\/william_h_rehnquist\/william_h_rehnquist.thumb.png"},"length_of_service":12293,"identifier":"william_h_rehnquist"},"vote":"majority","opinion_type":"none","joining":null,"seniority":8,"ideology":4.511,"href":"https:\/\/api.oyez.org\/decision_vote\/decision_vote\/142144"},{"member":{"ID":15060,"name":"John Paul Stevens","href":"https:\/\/api.oyez.org\/people\/john_paul_stevens","view_count":0,"last_name":"Stevens","roles":[{"id":2704,"type":"scotus_justice","date_start":188200800,"date_end":1277787600,"appointing_president":"Gerald Ford","role_title":"Associate Justice of the Supreme Court of the United States","institution_name":"Supreme Court of the United States","href":"https:\/\/api.oyez.org\/preson_role\/scotus_justice\/2704"}],"thumbnail":{"id":32732,"mime":"image\/png","size":62101,"href":"https:\/\/api.oyez.org\/sites\/default\/files\/images\/people\/john_paul_stevens\/john_paul_stevens.thumb.png"},"length_of_service":12611,"identifier":"john_paul_stevens"},"vote":"none","opinion_type":"none","joining":null,"seniority":9,"ideology":0.091,"href":"https:\/\/api.oyez.org\/decision_vote\/decision_vote\/142145"}],"majority_vote":8,"minority_vote":0,"winning_party":"United States","decision_type":"plurality opinion","href":"https:\/\/api.oyez.org\/case_decision\/case_decision\/9314"}],"first_party_label":"Petitioner","second_party_label":"Respondent","heard_by":[{"ID":15330,"name":"Burger Court (1972-1975)","href":"https:\/\/api.oyez.org\/courts\/burger4","view_count":0,"members":[{"ID":15073,"name":"Warren E. Burger","href":"https:\/\/api.oyez.org\/people\/warren_e_burger","view_count":0,"last_name":"Burger","roles":[{"id":2717,"type":"scotus_justice","date_start":-16570800,"date_end":528094800,"appointing_president":"Richard Nixon","role_title":"Chief Justice of the United States","institution_name":"Supreme Court of the United States","href":"https:\/\/api.oyez.org\/preson_role\/scotus_justice\/2717"}],"thumbnail":{"id":32773,"mime":"image\/png","size":52511,"href":"https:\/\/api.oyez.org\/sites\/default\/files\/images\/people\/warren_e_burger\/warren_e_burger.thumb.png"},"length_of_service":6304,"identifier":"warren_e_burger"},{"ID":15107,"name":"William O. Douglas","href":"https:\/\/api.oyez.org\/people\/william_o_douglas","view_count":0,"last_name":"Douglas","roles":[{"id":2751,"type":"scotus_justice","date_start":-969127200,"date_end":185004000,"appointing_president":"Franklin D. Roosevelt","role_title":"Associate Justice of the Supreme Court of the United States","institution_name":"Supreme Court of the United States","href":"https:\/\/api.oyez.org\/preson_role\/scotus_justice\/2751"}],"thumbnail":{"id":32781,"mime":"image\/png","size":56651,"href":"https:\/\/api.oyez.org\/sites\/default\/files\/images\/people\/william_o_douglas\/william_o_douglas.thumb.png"},"length_of_service":13358,"identifier":"william_o_douglas"},{"ID":15140,"name":"William J. Brennan, Jr.","href":"https:\/\/api.oyez.org\/people\/william_j_brennan_jr","view_count":0,"last_name":"Brennan","roles":[{"id":2786,"type":"scotus_justice","date_start":-416862000,"date_end":648450000,"appointing_president":"Dwight D. Eisenhower","role_title":"Associate Justice of the Supreme Court of the United States","institution_name":"Supreme Court of the United States","href":"https:\/\/api.oyez.org\/preson_role\/scotus_justice\/2786"}],"thumbnail":{"id":32778,"mime":"image\/png","size":56873,"href":"https:\/\/api.oyez.org\/sites\/default\/files\/images\/people\/william_j_brennan_jr\/william_j_brennan_jr.thumb.png"},"length_of_service":12330,"identifier":"william_j_brennan_jr"},{"ID":15043,"name":"Potter Stewart","href":"https:\/\/api.oyez.org\/people\/potter_stewart","view_count":0,"last_name":"Stewart","roles":[{"id":2687,"type":"scotus_justice","date_start":-353962800,"date_end":362984400,"appointing_president":"Dwight D. Eisenhower","role_title":"Associate Justice of the Supreme Court of the United States","institution_name":"Supreme Court of the United States","href":"https:\/\/api.oyez.org\/preson_role\/scotus_justice\/2687"}],"thumbnail":{"id":32752,"mime":"image\/png","size":56350,"href":"https:\/\/api.oyez.org\/sites\/default\/files\/images\/people\/potter_stewart\/potter_stewart.thumb.png"},"length_of_service":8298,"identifier":"potter_stewart"},{"ID":15071,"name":"Byron R. White","href":"https:\/\/api.oyez.org\/people\/byron_r_white","view_count":0,"last_name":"White","roles":[{"id":2715,"type":"scotus_justice","date_start":-243367200,"date_end":741243600,"appointing_president":"John F. Kennedy","role_title":"Associate Justice of the Supreme Court of the United States","institution_name":"Supreme Court of the United States","href":"https:\/\/api.oyez.org\/preson_role\/scotus_justice\/2715"}],"thumbnail":{"id":32699,"mime":"image\/png","size":55559,"href":"https:\/\/api.oyez.org\/sites\/default\/files\/images\/people\/byron_r_white\/byron_r_white.thumb.png"},"length_of_service":11396,"identifier":"byron_r_white"},{"ID":15104,"name":"Thurgood Marshall","href":"https:\/\/api.oyez.org\/people\/thurgood_marshall","view_count":0,"last_name":"Marshall","roles":[{"id":2748,"type":"scotus_justice","date_start":-71002800,"date_end":686293200,"appointing_president":"Lyndon B. Johnson","role_title":"Associate Justice of the Supreme Court of the United States","institution_name":"Supreme Court of the United States","href":"https:\/\/api.oyez.org\/preson_role\/scotus_justice\/2748"}],"thumbnail":{"id":32770,"mime":"image\/png","size":59272,"href":"https:\/\/api.oyez.org\/sites\/default\/files\/images\/people\/thurgood_marshall\/thurgood_marshall.thumb.png"},"length_of_service":8765,"identifier":"thurgood_marshall"},{"ID":15045,"name":"Harry A. Blackmun","href":"https:\/\/api.oyez.org\/people\/harry_a_blackmun","view_count":0,"last_name":"Blackmun","roles":[{"id":2689,"type":"scotus_justice","date_start":13755600,"date_end":775890000,"appointing_president":"Richard Nixon","role_title":"Associate Justice of the Supreme Court of the United States","institution_name":"Supreme Court of the United States","href":"https:\/\/api.oyez.org\/preson_role\/scotus_justice\/2689"}],"thumbnail":{"id":32712,"mime":"image\/png","size":50281,"href":"https:\/\/api.oyez.org\/sites\/default\/files\/images\/people\/harry_a_blackmun\/harry_a_blackmun.thumb.png"},"length_of_service":8821,"identifier":"harry_a_blackmun"},{"ID":15119,"name":"Lewis F. Powell, Jr.","href":"https:\/\/api.oyez.org\/people\/lewis_f_powell_jr","view_count":0,"last_name":"Powell","roles":[{"id":2764,"type":"scotus_justice","date_start":63612000,"date_end":551682000,"appointing_president":"Richard Nixon","role_title":"Associate Justice of the Supreme Court of the United States","institution_name":"Supreme Court of the United States","href":"https:\/\/api.oyez.org\/preson_role\/scotus_justice\/2764"}],"thumbnail":{"id":32738,"mime":"image\/png","size":53543,"href":"https:\/\/api.oyez.org\/sites\/default\/files\/images\/people\/lewis_f_powell_jr\/lewis_f_powell_jr.thumb.png"},"length_of_service":5649,"identifier":"lewis_f_powell_jr"},{"ID":15141,"name":"William H. Rehnquist","href":"https:\/\/api.oyez.org\/people\/william_h_rehnquist","view_count":0,"last_name":"Rehnquist","roles":[{"id":2787,"type":"scotus_justice","date_start":63612000,"date_end":528094800,"appointing_president":"Richard Nixon","role_title":"Associate Justice of the Supreme Court of the United States","institution_name":"Supreme Court of the United States","href":"https:\/\/api.oyez.org\/preson_role\/scotus_justice\/2787"},{"id":2788,"type":"scotus_justice","date_start":528094800,"date_end":1125723600,"appointing_president":"Ronald Reagan","role_title":"Chief Justice of the United States","institution_name":"Supreme Court of the United States","href":"https:\/\/api.oyez.org\/preson_role\/scotus_justice\/2788"}],"thumbnail":{"id":32786,"mime":"image\/png","size":46923,"href":"https:\/\/api.oyez.org\/sites\/default\/files\/images\/people\/william_h_rehnquist\/william_h_rehnquist.thumb.png"},"length_of_service":12293,"identifier":"william_h_rehnquist"}],"court_start":63612000,"images":[{"id":12278,"mime":"image\/jpeg","size":43427,"href":"https:\/\/api.oyez.org\/sites\/default\/files\/images\/courts\/burger4.jpg"}],"identifier":"burger4"}],"decided_by":{"ID":15329,"name":"Burger Court (1975-1981)","href":"https:\/\/api.oyez.org\/courts\/burger6","view_count":0,"members":[{"ID":15073,"name":"Warren E. Burger","href":"https:\/\/api.oyez.org\/people\/warren_e_burger","view_count":0,"last_name":"Burger","roles":[{"id":2717,"type":"scotus_justice","date_start":-16570800,"date_end":528094800,"appointing_president":"Richard Nixon","role_title":"Chief Justice of the United States","institution_name":"Supreme Court of the United States","href":"https:\/\/api.oyez.org\/preson_role\/scotus_justice\/2717"}],"thumbnail":{"id":32773,"mime":"image\/png","size":52511,"href":"https:\/\/api.oyez.org\/sites\/default\/files\/images\/people\/warren_e_burger\/warren_e_burger.thumb.png"},"length_of_service":6304,"identifier":"warren_e_burger"},{"ID":15140,"name":"William J. Brennan, Jr.","href":"https:\/\/api.oyez.org\/people\/william_j_brennan_jr","view_count":0,"last_name":"Brennan","roles":[{"id":2786,"type":"scotus_justice","date_start":-416862000,"date_end":648450000,"appointing_president":"Dwight D. Eisenhower","role_title":"Associate Justice of the Supreme Court of the United States","institution_name":"Supreme Court of the United States","href":"https:\/\/api.oyez.org\/preson_role\/scotus_justice\/2786"}],"thumbnail":{"id":32778,"mime":"image\/png","size":56873,"href":"https:\/\/api.oyez.org\/sites\/default\/files\/images\/people\/william_j_brennan_jr\/william_j_brennan_jr.thumb.png"},"length_of_service":12330,"identifier":"william_j_brennan_jr"},{"ID":15043,"name":"Potter Stewart","href":"https:\/\/api.oyez.org\/people\/potter_stewart","view_count":0,"last_name":"Stewart","roles":[{"id":2687,"type":"scotus_justice","date_start":-353962800,"date_end":362984400,"appointing_president":"Dwight D. Eisenhower","role_title":"Associate Justice of the Supreme Court of the United States","institution_name":"Supreme Court of the United States","href":"https:\/\/api.oyez.org\/preson_role\/scotus_justice\/2687"}],"thumbnail":{"id":32752,"mime":"image\/png","size":56350,"href":"https:\/\/api.oyez.org\/sites\/default\/files\/images\/people\/potter_stewart\/potter_stewart.thumb.png"},"length_of_service":8298,"identifier":"potter_stewart"},{"ID":15071,"name":"Byron R. White","href":"https:\/\/api.oyez.org\/people\/byron_r_white","view_count":0,"last_name":"White","roles":[{"id":2715,"type":"scotus_justice","date_start":-243367200,"date_end":741243600,"appointing_president":"John F. Kennedy","role_title":"Associate Justice of the Supreme Court of the United States","institution_name":"Supreme Court of the United States","href":"https:\/\/api.oyez.org\/preson_role\/scotus_justice\/2715"}],"thumbnail":{"id":32699,"mime":"image\/png","size":55559,"href":"https:\/\/api.oyez.org\/sites\/default\/files\/images\/people\/byron_r_white\/byron_r_white.thumb.png"},"length_of_service":11396,"identifier":"byron_r_white"},{"ID":15104,"name":"Thurgood Marshall","href":"https:\/\/api.oyez.org\/people\/thurgood_marshall","view_count":0,"last_name":"Marshall","roles":[{"id":2748,"type":"scotus_justice","date_start":-71002800,"date_end":686293200,"appointing_president":"Lyndon B. Johnson","role_title":"Associate Justice of the Supreme Court of the United States","institution_name":"Supreme Court of the United States","href":"https:\/\/api.oyez.org\/preson_role\/scotus_justice\/2748"}],"thumbnail":{"id":32770,"mime":"image\/png","size":59272,"href":"https:\/\/api.oyez.org\/sites\/default\/files\/images\/people\/thurgood_marshall\/thurgood_marshall.thumb.png"},"length_of_service":8765,"identifier":"thurgood_marshall"},{"ID":15045,"name":"Harry A. Blackmun","href":"https:\/\/api.oyez.org\/people\/harry_a_blackmun","view_count":0,"last_name":"Blackmun","roles":[{"id":2689,"type":"scotus_justice","date_start":13755600,"date_end":775890000,"appointing_president":"Richard Nixon","role_title":"Associate Justice of the Supreme Court of the United States","institution_name":"Supreme Court of the United States","href":"https:\/\/api.oyez.org\/preson_role\/scotus_justice\/2689"}],"thumbnail":{"id":32712,"mime":"image\/png","size":50281,"href":"https:\/\/api.oyez.org\/sites\/default\/files\/images\/people\/harry_a_blackmun\/harry_a_blackmun.thumb.png"},"length_of_service":8821,"identifier":"harry_a_blackmun"},{"ID":15119,"name":"Lewis F. Powell, Jr.","href":"https:\/\/api.oyez.org\/people\/lewis_f_powell_jr","view_count":0,"last_name":"Powell","roles":[{"id":2764,"type":"scotus_justice","date_start":63612000,"date_end":551682000,"appointing_president":"Richard Nixon","role_title":"Associate Justice of the Supreme Court of the United States","institution_name":"Supreme Court of the United States","href":"https:\/\/api.oyez.org\/preson_role\/scotus_justice\/2764"}],"thumbnail":{"id":32738,"mime":"image\/png","size":53543,"href":"https:\/\/api.oyez.org\/sites\/default\/files\/images\/people\/lewis_f_powell_jr\/lewis_f_powell_jr.thumb.png"},"length_of_service":5649,"identifier":"lewis_f_powell_jr"},{"ID":15141,"name":"William H. Rehnquist","href":"https:\/\/api.oyez.org\/people\/william_h_rehnquist","view_count":0,"last_name":"Rehnquist","roles":[{"id":2787,"type":"scotus_justice","date_start":63612000,"date_end":528094800,"appointing_president":"Richard Nixon","role_title":"Associate Justice of the Supreme Court of the United States","institution_name":"Supreme Court of the United States","href":"https:\/\/api.oyez.org\/preson_role\/scotus_justice\/2787"},{"id":2788,"type":"scotus_justice","date_start":528094800,"date_end":1125723600,"appointing_president":"Ronald Reagan","role_title":"Chief Justice of the United States","institution_name":"Supreme Court of the United States","href":"https:\/\/api.oyez.org\/preson_role\/scotus_justice\/2788"}],"thumbnail":{"id":32786,"mime":"image\/png","size":46923,"href":"https:\/\/api.oyez.org\/sites\/default\/files\/images\/people\/william_h_rehnquist\/william_h_rehnquist.thumb.png"},"length_of_service":12293,"identifier":"william_h_rehnquist"},{"ID":15060,"name":"John Paul Stevens","href":"https:\/\/api.oyez.org\/people\/john_paul_stevens","view_count":0,"last_name":"Stevens","roles":[{"id":2704,"type":"scotus_justice","date_start":188200800,"date_end":1277787600,"appointing_president":"Gerald Ford","role_title":"Associate Justice of the Supreme Court of the United States","institution_name":"Supreme Court of the United States","href":"https:\/\/api.oyez.org\/preson_role\/scotus_justice\/2704"}],"thumbnail":{"id":32732,"mime":"image\/png","size":62101,"href":"https:\/\/api.oyez.org\/sites\/default\/files\/images\/people\/john_paul_stevens\/john_paul_stevens.thumb.png"},"length_of_service":12611,"identifier":"john_paul_stevens"}],"court_start":188200800,"images":[{"id":12277,"mime":"image\/jpeg","size":44058,"href":"https:\/\/api.oyez.org\/sites\/default\/files\/images\/courts\/burger6.jpg"}],"identifier":"burger6"},"term":"1975","location":null,"opinion_announcement":[{"id":17099,"title":"Opinion Announcement - May 19, 1976","unavailable":null,"href":"https:\/\/api.oyez.org\/case_media\/opinion_announcement_audio\/17099"}],"description":null,"written_opinion":[{"id":9993,"title":"Syllabus","author":null,"type":{"value":"syllabus","label":"Syllabus"},"justia_opinion_id":1951706,"justia_opinion_url":"https:\/\/supreme.justia.com\/cases\/federal\/us\/425\/564\/","judge_full_name":null,"judge_last_name":null,"title_overwrite":null,"href":"https:\/\/api.oyez.org\/case_document\/written_opinion\/9993"},{"id":9994,"title":"View Case","author":null,"type":{"value":"case","label":null},"justia_opinion_id":1951707,"justia_opinion_url":"https:\/\/supreme.justia.com\/cases\/federal\/us\/425\/564\/case.html","judge_full_name":null,"judge_last_name":null,"title_overwrite":null,"href":"https:\/\/api.oyez.org\/case_document\/written_opinion\/9994"}],"related_cases":null,"justia_url":"https:\/\/supreme.justia.com\/cases\/federal\/us\/425\/564\/","argument2_url":null}