{"ID":51512,"name":"Wooley v. Maynard","href":"https:\/\/api.oyez.org\/cases\/1976\/75-1453","view_count":0,"docket_number":"75-1453","additional_docket_numbers":null,"manner_of_jurisdiction":"Appeal","first_party":"Wooley","second_party":"Maynard","timeline":[{"event":"Argued","dates":[218095200],"href":"https:\/\/api.oyez.org\/case_timeline\/case_timeline\/32267"},{"event":"Decided","dates":[230364000],"href":"https:\/\/api.oyez.org\/case_timeline\/case_timeline\/32268"}],"lower_court":null,"facts_of_the_case":"\u003Cp\u003EA New Hampshire law required all noncommercial vehicles to bear license plates containing the state motto \u0022Live Free or Die.\u0022 George Maynard, a Jehovah\u0027s Witness, found the motto to be contrary to his religious and political beliefs and cut the words \u0022or Die\u0022 off his plate. Maynard was convicted of violating the state law and was subsequently fined and given a jail sentence.\u003C\/p\u003E\n","question":"\u003Cp\u003EDid the New Hampshire law unconstitutionally interfere with the freedom of speech guaranteed by the First Amendment?\u003C\/p\u003E\n","conclusion":"\u003Cp\u003EIn a 6-to-3 decision, the Court held that New Hampshire could not constitutionally require citizens to display the state motto upon their vehicle license plates. The Court found that the statute in question effectively required individuals to \u0022use their private property as a \u0027mobile billboard\u0027 for the State\u0027s ideological message.\u0022 The Court held that the State\u0027s interests in requiring the motto did not outweigh free speech principles under the First Amendment, including \u0022the right of individuals to hold a point of view different from the majority and to refuse to foster. . .an idea they find morally objectionable.\u0022\u003C\/p\u003E\n","advocates":[{"advocate":{"ID":39655,"name":"Richard S. Kohn","href":"https:\/\/api.oyez.org\/people\/richard_s_kohn","view_count":0,"last_name":"Kohn","roles":null,"thumbnail":null,"length_of_service":0,"identifier":"richard_s_kohn"},"advocate_description":"Argued the cause for the appellees","href":"https:\/\/api.oyez.org\/case_advocate\/case_advocate\/10351"},{"advocate":{"ID":39605,"name":"Robert V. Johnson, II","href":"https:\/\/api.oyez.org\/people\/robert_v_johnson_ii","view_count":0,"last_name":"Johnson,","roles":null,"thumbnail":null,"length_of_service":0,"identifier":"robert_v_johnson_ii"},"advocate_description":"Argued the cause for the appellants","href":"https:\/\/api.oyez.org\/case_advocate\/case_advocate\/10352"}],"oral_argument_audio":[{"id":16736,"title":"Oral Argument - November 29, 1976","public_note":null,"unavailable":null,"display_title":null,"href":"https:\/\/api.oyez.org\/case_media\/oral_argument_audio\/16736"}],"citation":{"volume":"430","page":"705","year":"1977","href":"https:\/\/api.oyez.org\/case_citation\/case_citation\/15440"},"decisions":[{"description":null,"votes":[{"member":{"ID":15043,"name":"Potter Stewart","href":"https:\/\/api.oyez.org\/people\/potter_stewart","view_count":0,"last_name":"Stewart","roles":[{"id":2687,"type":"scotus_justice","date_start":-353962800,"date_end":362984400,"appointing_president":"Dwight D. Eisenhower","role_title":"Associate Justice of the Supreme Court of the United States","institution_name":"Supreme Court of the United States","href":"https:\/\/api.oyez.org\/preson_role\/scotus_justice\/2687"}],"thumbnail":{"id":32752,"mime":"image\/png","size":56350,"href":"https:\/\/api.oyez.org\/sites\/default\/files\/images\/people\/potter_stewart\/potter_stewart.thumb.png"},"length_of_service":8298,"identifier":"potter_stewart"},"vote":"majority","opinion_type":"none","joining":null,"seniority":3,"ideology":0.498,"href":"https:\/\/api.oyez.org\/decision_vote\/decision_vote\/143906"},{"member":{"ID":15104,"name":"Thurgood Marshall","href":"https:\/\/api.oyez.org\/people\/thurgood_marshall","view_count":0,"last_name":"Marshall","roles":[{"id":2748,"type":"scotus_justice","date_start":-71002800,"date_end":686293200,"appointing_president":"Lyndon B. Johnson","role_title":"Associate Justice of the Supreme Court of the United States","institution_name":"Supreme Court of the United States","href":"https:\/\/api.oyez.org\/preson_role\/scotus_justice\/2748"}],"thumbnail":{"id":32770,"mime":"image\/png","size":59272,"href":"https:\/\/api.oyez.org\/sites\/default\/files\/images\/people\/thurgood_marshall\/thurgood_marshall.thumb.png"},"length_of_service":8765,"identifier":"thurgood_marshall"},"vote":"majority","opinion_type":"none","joining":null,"seniority":5,"ideology":-2.361,"href":"https:\/\/api.oyez.org\/decision_vote\/decision_vote\/143907"},{"member":{"ID":15140,"name":"William J. Brennan, Jr.","href":"https:\/\/api.oyez.org\/people\/william_j_brennan_jr","view_count":0,"last_name":"Brennan","roles":[{"id":2786,"type":"scotus_justice","date_start":-416862000,"date_end":648450000,"appointing_president":"Dwight D. Eisenhower","role_title":"Associate Justice of the Supreme Court of the United States","institution_name":"Supreme Court of the United States","href":"https:\/\/api.oyez.org\/preson_role\/scotus_justice\/2786"}],"thumbnail":{"id":32778,"mime":"image\/png","size":56873,"href":"https:\/\/api.oyez.org\/sites\/default\/files\/images\/people\/william_j_brennan_jr\/william_j_brennan_jr.thumb.png"},"length_of_service":12330,"identifier":"william_j_brennan_jr"},"vote":"majority","opinion_type":"none","joining":null,"seniority":2,"ideology":-2.793,"href":"https:\/\/api.oyez.org\/decision_vote\/decision_vote\/143908"},{"member":{"ID":15071,"name":"Byron R. White","href":"https:\/\/api.oyez.org\/people\/byron_r_white","view_count":0,"last_name":"White","roles":[{"id":2715,"type":"scotus_justice","date_start":-243367200,"date_end":741243600,"appointing_president":"John F. Kennedy","role_title":"Associate Justice of the Supreme Court of the United States","institution_name":"Supreme Court of the United States","href":"https:\/\/api.oyez.org\/preson_role\/scotus_justice\/2715"}],"thumbnail":{"id":32699,"mime":"image\/png","size":55559,"href":"https:\/\/api.oyez.org\/sites\/default\/files\/images\/people\/byron_r_white\/byron_r_white.thumb.png"},"length_of_service":11396,"identifier":"byron_r_white"},"vote":"minority","opinion_type":"dissent","joining":null,"seniority":4,"ideology":0.353,"href":"https:\/\/api.oyez.org\/decision_vote\/decision_vote\/143909"},{"member":{"ID":15073,"name":"Warren E. Burger","href":"https:\/\/api.oyez.org\/people\/warren_e_burger","view_count":0,"last_name":"Burger","roles":[{"id":2717,"type":"scotus_justice","date_start":-16570800,"date_end":528094800,"appointing_president":"Richard Nixon","role_title":"Chief Justice of the United States","institution_name":"Supreme Court of the United States","href":"https:\/\/api.oyez.org\/preson_role\/scotus_justice\/2717"}],"thumbnail":{"id":32773,"mime":"image\/png","size":52511,"href":"https:\/\/api.oyez.org\/sites\/default\/files\/images\/people\/warren_e_burger\/warren_e_burger.thumb.png"},"length_of_service":6304,"identifier":"warren_e_burger"},"vote":"majority","opinion_type":"majority","joining":null,"seniority":1,"ideology":1.898,"href":"https:\/\/api.oyez.org\/decision_vote\/decision_vote\/143910"},{"member":{"ID":15045,"name":"Harry A. Blackmun","href":"https:\/\/api.oyez.org\/people\/harry_a_blackmun","view_count":0,"last_name":"Blackmun","roles":[{"id":2689,"type":"scotus_justice","date_start":13755600,"date_end":775890000,"appointing_president":"Richard Nixon","role_title":"Associate Justice of the Supreme Court of the United States","institution_name":"Supreme Court of the United States","href":"https:\/\/api.oyez.org\/preson_role\/scotus_justice\/2689"}],"thumbnail":{"id":32712,"mime":"image\/png","size":50281,"href":"https:\/\/api.oyez.org\/sites\/default\/files\/images\/people\/harry_a_blackmun\/harry_a_blackmun.thumb.png"},"length_of_service":8821,"identifier":"harry_a_blackmun"},"vote":"minority","opinion_type":"none","joining":[{"ID":15071,"name":"Byron R. White","href":"https:\/\/api.oyez.org\/people\/byron_r_white","view_count":0,"last_name":"White","roles":[{"id":2715,"type":"scotus_justice","date_start":-243367200,"date_end":741243600,"appointing_president":"John F. Kennedy","role_title":"Associate Justice of the Supreme Court of the United States","institution_name":"Supreme Court of the United States","href":"https:\/\/api.oyez.org\/preson_role\/scotus_justice\/2715"}],"thumbnail":{"id":32699,"mime":"image\/png","size":55559,"href":"https:\/\/api.oyez.org\/sites\/default\/files\/images\/people\/byron_r_white\/byron_r_white.thumb.png"},"length_of_service":11396,"identifier":"byron_r_white"},{"ID":15141,"name":"William H. Rehnquist","href":"https:\/\/api.oyez.org\/people\/william_h_rehnquist","view_count":0,"last_name":"Rehnquist","roles":[{"id":2787,"type":"scotus_justice","date_start":63612000,"date_end":528094800,"appointing_president":"Richard Nixon","role_title":"Associate Justice of the Supreme Court of the United States","institution_name":"Supreme Court of the United States","href":"https:\/\/api.oyez.org\/preson_role\/scotus_justice\/2787"},{"id":2788,"type":"scotus_justice","date_start":528094800,"date_end":1125723600,"appointing_president":"Ronald Reagan","role_title":"Chief Justice of the United States","institution_name":"Supreme Court of the United States","href":"https:\/\/api.oyez.org\/preson_role\/scotus_justice\/2788"}],"thumbnail":{"id":32786,"mime":"image\/png","size":46923,"href":"https:\/\/api.oyez.org\/sites\/default\/files\/images\/people\/william_h_rehnquist\/william_h_rehnquist.thumb.png"},"length_of_service":12293,"identifier":"william_h_rehnquist"}],"seniority":6,"ideology":0.62,"href":"https:\/\/api.oyez.org\/decision_vote\/decision_vote\/143911"},{"member":{"ID":15119,"name":"Lewis F. Powell, Jr.","href":"https:\/\/api.oyez.org\/people\/lewis_f_powell_jr","view_count":0,"last_name":"Powell","roles":[{"id":2764,"type":"scotus_justice","date_start":63612000,"date_end":551682000,"appointing_president":"Richard Nixon","role_title":"Associate Justice of the Supreme Court of the United States","institution_name":"Supreme Court of the United States","href":"https:\/\/api.oyez.org\/preson_role\/scotus_justice\/2764"}],"thumbnail":{"id":32738,"mime":"image\/png","size":53543,"href":"https:\/\/api.oyez.org\/sites\/default\/files\/images\/people\/lewis_f_powell_jr\/lewis_f_powell_jr.thumb.png"},"length_of_service":5649,"identifier":"lewis_f_powell_jr"},"vote":"majority","opinion_type":"none","joining":null,"seniority":7,"ideology":0.71,"href":"https:\/\/api.oyez.org\/decision_vote\/decision_vote\/143912"},{"member":{"ID":15141,"name":"William H. Rehnquist","href":"https:\/\/api.oyez.org\/people\/william_h_rehnquist","view_count":0,"last_name":"Rehnquist","roles":[{"id":2787,"type":"scotus_justice","date_start":63612000,"date_end":528094800,"appointing_president":"Richard Nixon","role_title":"Associate Justice of the Supreme Court of the United States","institution_name":"Supreme Court of the United States","href":"https:\/\/api.oyez.org\/preson_role\/scotus_justice\/2787"},{"id":2788,"type":"scotus_justice","date_start":528094800,"date_end":1125723600,"appointing_president":"Ronald Reagan","role_title":"Chief Justice of the United States","institution_name":"Supreme Court of the United States","href":"https:\/\/api.oyez.org\/preson_role\/scotus_justice\/2788"}],"thumbnail":{"id":32786,"mime":"image\/png","size":46923,"href":"https:\/\/api.oyez.org\/sites\/default\/files\/images\/people\/william_h_rehnquist\/william_h_rehnquist.thumb.png"},"length_of_service":12293,"identifier":"william_h_rehnquist"},"vote":"minority","opinion_type":"dissent","joining":[{"ID":15071,"name":"Byron R. White","href":"https:\/\/api.oyez.org\/people\/byron_r_white","view_count":0,"last_name":"White","roles":[{"id":2715,"type":"scotus_justice","date_start":-243367200,"date_end":741243600,"appointing_president":"John F. Kennedy","role_title":"Associate Justice of the Supreme Court of the United States","institution_name":"Supreme Court of the United States","href":"https:\/\/api.oyez.org\/preson_role\/scotus_justice\/2715"}],"thumbnail":{"id":32699,"mime":"image\/png","size":55559,"href":"https:\/\/api.oyez.org\/sites\/default\/files\/images\/people\/byron_r_white\/byron_r_white.thumb.png"},"length_of_service":11396,"identifier":"byron_r_white"}],"seniority":8,"ideology":4.484,"href":"https:\/\/api.oyez.org\/decision_vote\/decision_vote\/143913"},{"member":{"ID":15060,"name":"John Paul Stevens","href":"https:\/\/api.oyez.org\/people\/john_paul_stevens","view_count":0,"last_name":"Stevens","roles":[{"id":2704,"type":"scotus_justice","date_start":188200800,"date_end":1277787600,"appointing_president":"Gerald Ford","role_title":"Associate Justice of the Supreme Court of the United States","institution_name":"Supreme Court of the United States","href":"https:\/\/api.oyez.org\/preson_role\/scotus_justice\/2704"}],"thumbnail":{"id":32732,"mime":"image\/png","size":62101,"href":"https:\/\/api.oyez.org\/sites\/default\/files\/images\/people\/john_paul_stevens\/john_paul_stevens.thumb.png"},"length_of_service":12611,"identifier":"john_paul_stevens"},"vote":"majority","opinion_type":"none","joining":null,"seniority":9,"ideology":-0.145,"href":"https:\/\/api.oyez.org\/decision_vote\/decision_vote\/143914"}],"majority_vote":6,"minority_vote":3,"winning_party":null,"decision_type":"majority opinion","href":"https:\/\/api.oyez.org\/case_decision\/case_decision\/9512"}],"first_party_label":"Appellant","second_party_label":"Appellee","heard_by":[{"ID":15329,"name":"Burger Court (1975-1981)","href":"https:\/\/api.oyez.org\/courts\/burger6","view_count":0,"members":[{"ID":15073,"name":"Warren E. Burger","href":"https:\/\/api.oyez.org\/people\/warren_e_burger","view_count":0,"last_name":"Burger","roles":[{"id":2717,"type":"scotus_justice","date_start":-16570800,"date_end":528094800,"appointing_president":"Richard Nixon","role_title":"Chief Justice of the United States","institution_name":"Supreme Court of the United States","href":"https:\/\/api.oyez.org\/preson_role\/scotus_justice\/2717"}],"thumbnail":{"id":32773,"mime":"image\/png","size":52511,"href":"https:\/\/api.oyez.org\/sites\/default\/files\/images\/people\/warren_e_burger\/warren_e_burger.thumb.png"},"length_of_service":6304,"identifier":"warren_e_burger"},{"ID":15140,"name":"William J. Brennan, Jr.","href":"https:\/\/api.oyez.org\/people\/william_j_brennan_jr","view_count":0,"last_name":"Brennan","roles":[{"id":2786,"type":"scotus_justice","date_start":-416862000,"date_end":648450000,"appointing_president":"Dwight D. Eisenhower","role_title":"Associate Justice of the Supreme Court of the United States","institution_name":"Supreme Court of the United States","href":"https:\/\/api.oyez.org\/preson_role\/scotus_justice\/2786"}],"thumbnail":{"id":32778,"mime":"image\/png","size":56873,"href":"https:\/\/api.oyez.org\/sites\/default\/files\/images\/people\/william_j_brennan_jr\/william_j_brennan_jr.thumb.png"},"length_of_service":12330,"identifier":"william_j_brennan_jr"},{"ID":15043,"name":"Potter Stewart","href":"https:\/\/api.oyez.org\/people\/potter_stewart","view_count":0,"last_name":"Stewart","roles":[{"id":2687,"type":"scotus_justice","date_start":-353962800,"date_end":362984400,"appointing_president":"Dwight D. Eisenhower","role_title":"Associate Justice of the Supreme Court of the United States","institution_name":"Supreme Court of the United States","href":"https:\/\/api.oyez.org\/preson_role\/scotus_justice\/2687"}],"thumbnail":{"id":32752,"mime":"image\/png","size":56350,"href":"https:\/\/api.oyez.org\/sites\/default\/files\/images\/people\/potter_stewart\/potter_stewart.thumb.png"},"length_of_service":8298,"identifier":"potter_stewart"},{"ID":15071,"name":"Byron R. White","href":"https:\/\/api.oyez.org\/people\/byron_r_white","view_count":0,"last_name":"White","roles":[{"id":2715,"type":"scotus_justice","date_start":-243367200,"date_end":741243600,"appointing_president":"John F. Kennedy","role_title":"Associate Justice of the Supreme Court of the United States","institution_name":"Supreme Court of the United States","href":"https:\/\/api.oyez.org\/preson_role\/scotus_justice\/2715"}],"thumbnail":{"id":32699,"mime":"image\/png","size":55559,"href":"https:\/\/api.oyez.org\/sites\/default\/files\/images\/people\/byron_r_white\/byron_r_white.thumb.png"},"length_of_service":11396,"identifier":"byron_r_white"},{"ID":15104,"name":"Thurgood Marshall","href":"https:\/\/api.oyez.org\/people\/thurgood_marshall","view_count":0,"last_name":"Marshall","roles":[{"id":2748,"type":"scotus_justice","date_start":-71002800,"date_end":686293200,"appointing_president":"Lyndon B. Johnson","role_title":"Associate Justice of the Supreme Court of the United States","institution_name":"Supreme Court of the United States","href":"https:\/\/api.oyez.org\/preson_role\/scotus_justice\/2748"}],"thumbnail":{"id":32770,"mime":"image\/png","size":59272,"href":"https:\/\/api.oyez.org\/sites\/default\/files\/images\/people\/thurgood_marshall\/thurgood_marshall.thumb.png"},"length_of_service":8765,"identifier":"thurgood_marshall"},{"ID":15045,"name":"Harry A. Blackmun","href":"https:\/\/api.oyez.org\/people\/harry_a_blackmun","view_count":0,"last_name":"Blackmun","roles":[{"id":2689,"type":"scotus_justice","date_start":13755600,"date_end":775890000,"appointing_president":"Richard Nixon","role_title":"Associate Justice of the Supreme Court of the United States","institution_name":"Supreme Court of the United States","href":"https:\/\/api.oyez.org\/preson_role\/scotus_justice\/2689"}],"thumbnail":{"id":32712,"mime":"image\/png","size":50281,"href":"https:\/\/api.oyez.org\/sites\/default\/files\/images\/people\/harry_a_blackmun\/harry_a_blackmun.thumb.png"},"length_of_service":8821,"identifier":"harry_a_blackmun"},{"ID":15119,"name":"Lewis F. Powell, Jr.","href":"https:\/\/api.oyez.org\/people\/lewis_f_powell_jr","view_count":0,"last_name":"Powell","roles":[{"id":2764,"type":"scotus_justice","date_start":63612000,"date_end":551682000,"appointing_president":"Richard Nixon","role_title":"Associate Justice of the Supreme Court of the United States","institution_name":"Supreme Court of the United States","href":"https:\/\/api.oyez.org\/preson_role\/scotus_justice\/2764"}],"thumbnail":{"id":32738,"mime":"image\/png","size":53543,"href":"https:\/\/api.oyez.org\/sites\/default\/files\/images\/people\/lewis_f_powell_jr\/lewis_f_powell_jr.thumb.png"},"length_of_service":5649,"identifier":"lewis_f_powell_jr"},{"ID":15141,"name":"William H. Rehnquist","href":"https:\/\/api.oyez.org\/people\/william_h_rehnquist","view_count":0,"last_name":"Rehnquist","roles":[{"id":2787,"type":"scotus_justice","date_start":63612000,"date_end":528094800,"appointing_president":"Richard Nixon","role_title":"Associate Justice of the Supreme Court of the United States","institution_name":"Supreme Court of the United States","href":"https:\/\/api.oyez.org\/preson_role\/scotus_justice\/2787"},{"id":2788,"type":"scotus_justice","date_start":528094800,"date_end":1125723600,"appointing_president":"Ronald Reagan","role_title":"Chief Justice of the United States","institution_name":"Supreme Court of the United States","href":"https:\/\/api.oyez.org\/preson_role\/scotus_justice\/2788"}],"thumbnail":{"id":32786,"mime":"image\/png","size":46923,"href":"https:\/\/api.oyez.org\/sites\/default\/files\/images\/people\/william_h_rehnquist\/william_h_rehnquist.thumb.png"},"length_of_service":12293,"identifier":"william_h_rehnquist"},{"ID":15060,"name":"John Paul Stevens","href":"https:\/\/api.oyez.org\/people\/john_paul_stevens","view_count":0,"last_name":"Stevens","roles":[{"id":2704,"type":"scotus_justice","date_start":188200800,"date_end":1277787600,"appointing_president":"Gerald Ford","role_title":"Associate Justice of the Supreme Court of the United States","institution_name":"Supreme Court of the United States","href":"https:\/\/api.oyez.org\/preson_role\/scotus_justice\/2704"}],"thumbnail":{"id":32732,"mime":"image\/png","size":62101,"href":"https:\/\/api.oyez.org\/sites\/default\/files\/images\/people\/john_paul_stevens\/john_paul_stevens.thumb.png"},"length_of_service":12611,"identifier":"john_paul_stevens"}],"court_start":188200800,"images":[{"id":12277,"mime":"image\/jpeg","size":44058,"href":"https:\/\/api.oyez.org\/sites\/default\/files\/images\/courts\/burger6.jpg"}],"identifier":"burger6"}],"decided_by":{"ID":15329,"name":"Burger Court (1975-1981)","href":"https:\/\/api.oyez.org\/courts\/burger6","view_count":0,"members":[{"ID":15073,"name":"Warren E. Burger","href":"https:\/\/api.oyez.org\/people\/warren_e_burger","view_count":0,"last_name":"Burger","roles":[{"id":2717,"type":"scotus_justice","date_start":-16570800,"date_end":528094800,"appointing_president":"Richard Nixon","role_title":"Chief Justice of the United States","institution_name":"Supreme Court of the United States","href":"https:\/\/api.oyez.org\/preson_role\/scotus_justice\/2717"}],"thumbnail":{"id":32773,"mime":"image\/png","size":52511,"href":"https:\/\/api.oyez.org\/sites\/default\/files\/images\/people\/warren_e_burger\/warren_e_burger.thumb.png"},"length_of_service":6304,"identifier":"warren_e_burger"},{"ID":15140,"name":"William J. Brennan, Jr.","href":"https:\/\/api.oyez.org\/people\/william_j_brennan_jr","view_count":0,"last_name":"Brennan","roles":[{"id":2786,"type":"scotus_justice","date_start":-416862000,"date_end":648450000,"appointing_president":"Dwight D. Eisenhower","role_title":"Associate Justice of the Supreme Court of the United States","institution_name":"Supreme Court of the United States","href":"https:\/\/api.oyez.org\/preson_role\/scotus_justice\/2786"}],"thumbnail":{"id":32778,"mime":"image\/png","size":56873,"href":"https:\/\/api.oyez.org\/sites\/default\/files\/images\/people\/william_j_brennan_jr\/william_j_brennan_jr.thumb.png"},"length_of_service":12330,"identifier":"william_j_brennan_jr"},{"ID":15043,"name":"Potter Stewart","href":"https:\/\/api.oyez.org\/people\/potter_stewart","view_count":0,"last_name":"Stewart","roles":[{"id":2687,"type":"scotus_justice","date_start":-353962800,"date_end":362984400,"appointing_president":"Dwight D. Eisenhower","role_title":"Associate Justice of the Supreme Court of the United States","institution_name":"Supreme Court of the United States","href":"https:\/\/api.oyez.org\/preson_role\/scotus_justice\/2687"}],"thumbnail":{"id":32752,"mime":"image\/png","size":56350,"href":"https:\/\/api.oyez.org\/sites\/default\/files\/images\/people\/potter_stewart\/potter_stewart.thumb.png"},"length_of_service":8298,"identifier":"potter_stewart"},{"ID":15071,"name":"Byron R. White","href":"https:\/\/api.oyez.org\/people\/byron_r_white","view_count":0,"last_name":"White","roles":[{"id":2715,"type":"scotus_justice","date_start":-243367200,"date_end":741243600,"appointing_president":"John F. Kennedy","role_title":"Associate Justice of the Supreme Court of the United States","institution_name":"Supreme Court of the United States","href":"https:\/\/api.oyez.org\/preson_role\/scotus_justice\/2715"}],"thumbnail":{"id":32699,"mime":"image\/png","size":55559,"href":"https:\/\/api.oyez.org\/sites\/default\/files\/images\/people\/byron_r_white\/byron_r_white.thumb.png"},"length_of_service":11396,"identifier":"byron_r_white"},{"ID":15104,"name":"Thurgood Marshall","href":"https:\/\/api.oyez.org\/people\/thurgood_marshall","view_count":0,"last_name":"Marshall","roles":[{"id":2748,"type":"scotus_justice","date_start":-71002800,"date_end":686293200,"appointing_president":"Lyndon B. Johnson","role_title":"Associate Justice of the Supreme Court of the United States","institution_name":"Supreme Court of the United States","href":"https:\/\/api.oyez.org\/preson_role\/scotus_justice\/2748"}],"thumbnail":{"id":32770,"mime":"image\/png","size":59272,"href":"https:\/\/api.oyez.org\/sites\/default\/files\/images\/people\/thurgood_marshall\/thurgood_marshall.thumb.png"},"length_of_service":8765,"identifier":"thurgood_marshall"},{"ID":15045,"name":"Harry A. Blackmun","href":"https:\/\/api.oyez.org\/people\/harry_a_blackmun","view_count":0,"last_name":"Blackmun","roles":[{"id":2689,"type":"scotus_justice","date_start":13755600,"date_end":775890000,"appointing_president":"Richard Nixon","role_title":"Associate Justice of the Supreme Court of the United States","institution_name":"Supreme Court of the United States","href":"https:\/\/api.oyez.org\/preson_role\/scotus_justice\/2689"}],"thumbnail":{"id":32712,"mime":"image\/png","size":50281,"href":"https:\/\/api.oyez.org\/sites\/default\/files\/images\/people\/harry_a_blackmun\/harry_a_blackmun.thumb.png"},"length_of_service":8821,"identifier":"harry_a_blackmun"},{"ID":15119,"name":"Lewis F. Powell, Jr.","href":"https:\/\/api.oyez.org\/people\/lewis_f_powell_jr","view_count":0,"last_name":"Powell","roles":[{"id":2764,"type":"scotus_justice","date_start":63612000,"date_end":551682000,"appointing_president":"Richard Nixon","role_title":"Associate Justice of the Supreme Court of the United States","institution_name":"Supreme Court of the United States","href":"https:\/\/api.oyez.org\/preson_role\/scotus_justice\/2764"}],"thumbnail":{"id":32738,"mime":"image\/png","size":53543,"href":"https:\/\/api.oyez.org\/sites\/default\/files\/images\/people\/lewis_f_powell_jr\/lewis_f_powell_jr.thumb.png"},"length_of_service":5649,"identifier":"lewis_f_powell_jr"},{"ID":15141,"name":"William H. Rehnquist","href":"https:\/\/api.oyez.org\/people\/william_h_rehnquist","view_count":0,"last_name":"Rehnquist","roles":[{"id":2787,"type":"scotus_justice","date_start":63612000,"date_end":528094800,"appointing_president":"Richard Nixon","role_title":"Associate Justice of the Supreme Court of the United States","institution_name":"Supreme Court of the United States","href":"https:\/\/api.oyez.org\/preson_role\/scotus_justice\/2787"},{"id":2788,"type":"scotus_justice","date_start":528094800,"date_end":1125723600,"appointing_president":"Ronald Reagan","role_title":"Chief Justice of the United States","institution_name":"Supreme Court of the United States","href":"https:\/\/api.oyez.org\/preson_role\/scotus_justice\/2788"}],"thumbnail":{"id":32786,"mime":"image\/png","size":46923,"href":"https:\/\/api.oyez.org\/sites\/default\/files\/images\/people\/william_h_rehnquist\/william_h_rehnquist.thumb.png"},"length_of_service":12293,"identifier":"william_h_rehnquist"},{"ID":15060,"name":"John Paul Stevens","href":"https:\/\/api.oyez.org\/people\/john_paul_stevens","view_count":0,"last_name":"Stevens","roles":[{"id":2704,"type":"scotus_justice","date_start":188200800,"date_end":1277787600,"appointing_president":"Gerald Ford","role_title":"Associate Justice of the Supreme Court of the United States","institution_name":"Supreme Court of the United States","href":"https:\/\/api.oyez.org\/preson_role\/scotus_justice\/2704"}],"thumbnail":{"id":32732,"mime":"image\/png","size":62101,"href":"https:\/\/api.oyez.org\/sites\/default\/files\/images\/people\/john_paul_stevens\/john_paul_stevens.thumb.png"},"length_of_service":12611,"identifier":"john_paul_stevens"}],"court_start":188200800,"images":[{"id":12277,"mime":"image\/jpeg","size":44058,"href":"https:\/\/api.oyez.org\/sites\/default\/files\/images\/courts\/burger6.jpg"}],"identifier":"burger6"},"term":"1976","location":null,"opinion_announcement":[{"id":17568,"title":"Opinion Announcement - April 20, 1977","unavailable":null,"href":"https:\/\/api.oyez.org\/case_media\/opinion_announcement_audio\/17568"}],"description":null,"written_opinion":[{"id":9631,"title":"Syllabus","author":null,"type":{"value":"syllabus","label":"Syllabus"},"justia_opinion_id":1952176,"justia_opinion_url":"https:\/\/supreme.justia.com\/cases\/federal\/us\/430\/705\/","judge_full_name":null,"judge_last_name":null,"title_overwrite":null,"href":"https:\/\/api.oyez.org\/case_document\/written_opinion\/9631"},{"id":9632,"title":"View Case","author":null,"type":{"value":"case","label":null},"justia_opinion_id":1952177,"justia_opinion_url":"https:\/\/supreme.justia.com\/cases\/federal\/us\/430\/705\/case.html","judge_full_name":null,"judge_last_name":null,"title_overwrite":null,"href":"https:\/\/api.oyez.org\/case_document\/written_opinion\/9632"}],"related_cases":null,"justia_url":"https:\/\/supreme.justia.com\/cases\/federal\/us\/430\/705\/","argument2_url":null}