{"ID":51877,"name":"Quern v. Jordan","href":"https:\/\/api.oyez.org\/cases\/1978\/77-841","view_count":0,"docket_number":"77-841","additional_docket_numbers":null,"manner_of_jurisdiction":"Writ of \u003Ci\u003Ecertiorari\u003C\/i\u003E","first_party":"Quern","second_party":"Jordan","timeline":[{"event":"Argued","dates":[279352800],"href":"https:\/\/api.oyez.org\/case_timeline\/case_timeline\/32903"},{"event":"Decided","dates":[289461600],"href":"https:\/\/api.oyez.org\/case_timeline\/case_timeline\/32904"}],"lower_court":{"ID":12,"name":"United States Court of Appeals for the Seventh Circuit","href":"https:\/\/api.oyez.org\/taxonomy\/term\/12"},"facts_of_the_case":"","question":"","conclusion":"","advocates":[{"advocate":{"ID":46483,"name":"William Wenzel","href":"https:\/\/api.oyez.org\/people\/william_wenzel","view_count":0,"last_name":"Wenzel","roles":null,"thumbnail":null,"length_of_service":0,"identifier":"william_wenzel"},"advocate_description":"","href":"https:\/\/api.oyez.org\/case_advocate\/case_advocate\/11035"},{"advocate":{"ID":41984,"name":"Sheldon Roodman","href":"https:\/\/api.oyez.org\/people\/sheldon_roodman","view_count":0,"last_name":"Roodman","roles":null,"thumbnail":null,"length_of_service":0,"identifier":"sheldon_roodman"},"advocate_description":"for respondent","href":"https:\/\/api.oyez.org\/case_advocate\/case_advocate\/11036"},{"advocate":{"ID":46509,"name":"William A. Wenzel, III","href":"https:\/\/api.oyez.org\/people\/william_a_wenzel_iii","view_count":0,"last_name":"Wenzel,","roles":null,"thumbnail":null,"length_of_service":0,"identifier":"william_a_wenzel_iii"},"advocate_description":"for petitioner","href":"https:\/\/api.oyez.org\/case_advocate\/case_advocate\/11037"}],"oral_argument_audio":[{"id":16544,"title":"Oral Argument - November 08, 1978","public_note":null,"unavailable":null,"display_title":null,"href":"https:\/\/api.oyez.org\/case_media\/oral_argument_audio\/16544"}],"citation":{"volume":"440","page":"332","year":"1979","href":"https:\/\/api.oyez.org\/case_citation\/case_citation\/15805"},"decisions":[{"description":null,"votes":[{"member":{"ID":15043,"name":"Potter Stewart","href":"https:\/\/api.oyez.org\/people\/potter_stewart","view_count":0,"last_name":"Stewart","roles":[{"id":2687,"type":"scotus_justice","date_start":-353962800,"date_end":362984400,"appointing_president":"Dwight D. Eisenhower","role_title":"Associate Justice of the Supreme Court of the United States","institution_name":"Supreme Court of the United States","href":"https:\/\/api.oyez.org\/preson_role\/scotus_justice\/2687"}],"thumbnail":{"id":32752,"mime":"image\/png","size":56350,"href":"https:\/\/api.oyez.org\/sites\/default\/files\/images\/people\/potter_stewart\/potter_stewart.thumb.png"},"length_of_service":8298,"identifier":"potter_stewart"},"vote":"majority","opinion_type":"none","joining":null,"seniority":3,"ideology":0.497,"href":"https:\/\/api.oyez.org\/decision_vote\/decision_vote\/147137"},{"member":{"ID":15104,"name":"Thurgood Marshall","href":"https:\/\/api.oyez.org\/people\/thurgood_marshall","view_count":0,"last_name":"Marshall","roles":[{"id":2748,"type":"scotus_justice","date_start":-71002800,"date_end":686293200,"appointing_president":"Lyndon B. Johnson","role_title":"Associate Justice of the Supreme Court of the United States","institution_name":"Supreme Court of the United States","href":"https:\/\/api.oyez.org\/preson_role\/scotus_justice\/2748"}],"thumbnail":{"id":32770,"mime":"image\/png","size":59272,"href":"https:\/\/api.oyez.org\/sites\/default\/files\/images\/people\/thurgood_marshall\/thurgood_marshall.thumb.png"},"length_of_service":8765,"identifier":"thurgood_marshall"},"vote":"majority","opinion_type":"special concurrence","joining":[{"ID":15140,"name":"William J. Brennan, Jr.","href":"https:\/\/api.oyez.org\/people\/william_j_brennan_jr","view_count":0,"last_name":"Brennan","roles":[{"id":2786,"type":"scotus_justice","date_start":-416862000,"date_end":648450000,"appointing_president":"Dwight D. Eisenhower","role_title":"Associate Justice of the Supreme Court of the United States","institution_name":"Supreme Court of the United States","href":"https:\/\/api.oyez.org\/preson_role\/scotus_justice\/2786"}],"thumbnail":{"id":32778,"mime":"image\/png","size":56873,"href":"https:\/\/api.oyez.org\/sites\/default\/files\/images\/people\/william_j_brennan_jr\/william_j_brennan_jr.thumb.png"},"length_of_service":12330,"identifier":"william_j_brennan_jr"}],"seniority":5,"ideology":-3.069,"href":"https:\/\/api.oyez.org\/decision_vote\/decision_vote\/147138"},{"member":{"ID":15140,"name":"William J. Brennan, Jr.","href":"https:\/\/api.oyez.org\/people\/william_j_brennan_jr","view_count":0,"last_name":"Brennan","roles":[{"id":2786,"type":"scotus_justice","date_start":-416862000,"date_end":648450000,"appointing_president":"Dwight D. Eisenhower","role_title":"Associate Justice of the Supreme Court of the United States","institution_name":"Supreme Court of the United States","href":"https:\/\/api.oyez.org\/preson_role\/scotus_justice\/2786"}],"thumbnail":{"id":32778,"mime":"image\/png","size":56873,"href":"https:\/\/api.oyez.org\/sites\/default\/files\/images\/people\/william_j_brennan_jr\/william_j_brennan_jr.thumb.png"},"length_of_service":12330,"identifier":"william_j_brennan_jr"},"vote":"majority","opinion_type":"special concurrence","joining":null,"seniority":2,"ideology":-2.807,"href":"https:\/\/api.oyez.org\/decision_vote\/decision_vote\/147139"},{"member":{"ID":15071,"name":"Byron R. White","href":"https:\/\/api.oyez.org\/people\/byron_r_white","view_count":0,"last_name":"White","roles":[{"id":2715,"type":"scotus_justice","date_start":-243367200,"date_end":741243600,"appointing_president":"John F. Kennedy","role_title":"Associate Justice of the Supreme Court of the United States","institution_name":"Supreme Court of the United States","href":"https:\/\/api.oyez.org\/preson_role\/scotus_justice\/2715"}],"thumbnail":{"id":32699,"mime":"image\/png","size":55559,"href":"https:\/\/api.oyez.org\/sites\/default\/files\/images\/people\/byron_r_white\/byron_r_white.thumb.png"},"length_of_service":11396,"identifier":"byron_r_white"},"vote":"majority","opinion_type":"none","joining":null,"seniority":4,"ideology":-0.048,"href":"https:\/\/api.oyez.org\/decision_vote\/decision_vote\/147140"},{"member":{"ID":15073,"name":"Warren E. Burger","href":"https:\/\/api.oyez.org\/people\/warren_e_burger","view_count":0,"last_name":"Burger","roles":[{"id":2717,"type":"scotus_justice","date_start":-16570800,"date_end":528094800,"appointing_president":"Richard Nixon","role_title":"Chief Justice of the United States","institution_name":"Supreme Court of the United States","href":"https:\/\/api.oyez.org\/preson_role\/scotus_justice\/2717"}],"thumbnail":{"id":32773,"mime":"image\/png","size":52511,"href":"https:\/\/api.oyez.org\/sites\/default\/files\/images\/people\/warren_e_burger\/warren_e_burger.thumb.png"},"length_of_service":6304,"identifier":"warren_e_burger"},"vote":"majority","opinion_type":"none","joining":null,"seniority":1,"ideology":1.388,"href":"https:\/\/api.oyez.org\/decision_vote\/decision_vote\/147141"},{"member":{"ID":15045,"name":"Harry A. Blackmun","href":"https:\/\/api.oyez.org\/people\/harry_a_blackmun","view_count":0,"last_name":"Blackmun","roles":[{"id":2689,"type":"scotus_justice","date_start":13755600,"date_end":775890000,"appointing_president":"Richard Nixon","role_title":"Associate Justice of the Supreme Court of the United States","institution_name":"Supreme Court of the United States","href":"https:\/\/api.oyez.org\/preson_role\/scotus_justice\/2689"}],"thumbnail":{"id":32712,"mime":"image\/png","size":50281,"href":"https:\/\/api.oyez.org\/sites\/default\/files\/images\/people\/harry_a_blackmun\/harry_a_blackmun.thumb.png"},"length_of_service":8821,"identifier":"harry_a_blackmun"},"vote":"majority","opinion_type":"none","joining":null,"seniority":6,"ideology":0.134,"href":"https:\/\/api.oyez.org\/decision_vote\/decision_vote\/147142"},{"member":{"ID":15119,"name":"Lewis F. Powell, Jr.","href":"https:\/\/api.oyez.org\/people\/lewis_f_powell_jr","view_count":0,"last_name":"Powell","roles":[{"id":2764,"type":"scotus_justice","date_start":63612000,"date_end":551682000,"appointing_president":"Richard Nixon","role_title":"Associate Justice of the Supreme Court of the United States","institution_name":"Supreme Court of the United States","href":"https:\/\/api.oyez.org\/preson_role\/scotus_justice\/2764"}],"thumbnail":{"id":32738,"mime":"image\/png","size":53543,"href":"https:\/\/api.oyez.org\/sites\/default\/files\/images\/people\/lewis_f_powell_jr\/lewis_f_powell_jr.thumb.png"},"length_of_service":5649,"identifier":"lewis_f_powell_jr"},"vote":"majority","opinion_type":"none","joining":null,"seniority":7,"ideology":0.814,"href":"https:\/\/api.oyez.org\/decision_vote\/decision_vote\/147143"},{"member":{"ID":15141,"name":"William H. Rehnquist","href":"https:\/\/api.oyez.org\/people\/william_h_rehnquist","view_count":0,"last_name":"Rehnquist","roles":[{"id":2787,"type":"scotus_justice","date_start":63612000,"date_end":528094800,"appointing_president":"Richard Nixon","role_title":"Associate Justice of the Supreme Court of the United States","institution_name":"Supreme Court of the United States","href":"https:\/\/api.oyez.org\/preson_role\/scotus_justice\/2787"},{"id":2788,"type":"scotus_justice","date_start":528094800,"date_end":1125723600,"appointing_president":"Ronald Reagan","role_title":"Chief Justice of the United States","institution_name":"Supreme Court of the United States","href":"https:\/\/api.oyez.org\/preson_role\/scotus_justice\/2788"}],"thumbnail":{"id":32786,"mime":"image\/png","size":46923,"href":"https:\/\/api.oyez.org\/sites\/default\/files\/images\/people\/william_h_rehnquist\/william_h_rehnquist.thumb.png"},"length_of_service":12293,"identifier":"william_h_rehnquist"},"vote":"majority","opinion_type":"majority","joining":null,"seniority":8,"ideology":4.486,"href":"https:\/\/api.oyez.org\/decision_vote\/decision_vote\/147144"},{"member":{"ID":15060,"name":"John Paul Stevens","href":"https:\/\/api.oyez.org\/people\/john_paul_stevens","view_count":0,"last_name":"Stevens","roles":[{"id":2704,"type":"scotus_justice","date_start":188200800,"date_end":1277787600,"appointing_president":"Gerald Ford","role_title":"Associate Justice of the Supreme Court of the United States","institution_name":"Supreme Court of the United States","href":"https:\/\/api.oyez.org\/preson_role\/scotus_justice\/2704"}],"thumbnail":{"id":32732,"mime":"image\/png","size":62101,"href":"https:\/\/api.oyez.org\/sites\/default\/files\/images\/people\/john_paul_stevens\/john_paul_stevens.thumb.png"},"length_of_service":12611,"identifier":"john_paul_stevens"},"vote":"majority","opinion_type":"none","joining":null,"seniority":9,"ideology":-0.313,"href":"https:\/\/api.oyez.org\/decision_vote\/decision_vote\/147145"}],"majority_vote":9,"minority_vote":0,"winning_party":null,"decision_type":"majority opinion","href":"https:\/\/api.oyez.org\/case_decision\/case_decision\/9871"}],"first_party_label":"Petitioner","second_party_label":"Respondent","heard_by":[{"ID":15329,"name":"Burger Court (1975-1981)","href":"https:\/\/api.oyez.org\/courts\/burger6","view_count":0,"members":[{"ID":15073,"name":"Warren E. Burger","href":"https:\/\/api.oyez.org\/people\/warren_e_burger","view_count":0,"last_name":"Burger","roles":[{"id":2717,"type":"scotus_justice","date_start":-16570800,"date_end":528094800,"appointing_president":"Richard Nixon","role_title":"Chief Justice of the United States","institution_name":"Supreme Court of the United States","href":"https:\/\/api.oyez.org\/preson_role\/scotus_justice\/2717"}],"thumbnail":{"id":32773,"mime":"image\/png","size":52511,"href":"https:\/\/api.oyez.org\/sites\/default\/files\/images\/people\/warren_e_burger\/warren_e_burger.thumb.png"},"length_of_service":6304,"identifier":"warren_e_burger"},{"ID":15140,"name":"William J. Brennan, Jr.","href":"https:\/\/api.oyez.org\/people\/william_j_brennan_jr","view_count":0,"last_name":"Brennan","roles":[{"id":2786,"type":"scotus_justice","date_start":-416862000,"date_end":648450000,"appointing_president":"Dwight D. Eisenhower","role_title":"Associate Justice of the Supreme Court of the United States","institution_name":"Supreme Court of the United States","href":"https:\/\/api.oyez.org\/preson_role\/scotus_justice\/2786"}],"thumbnail":{"id":32778,"mime":"image\/png","size":56873,"href":"https:\/\/api.oyez.org\/sites\/default\/files\/images\/people\/william_j_brennan_jr\/william_j_brennan_jr.thumb.png"},"length_of_service":12330,"identifier":"william_j_brennan_jr"},{"ID":15043,"name":"Potter Stewart","href":"https:\/\/api.oyez.org\/people\/potter_stewart","view_count":0,"last_name":"Stewart","roles":[{"id":2687,"type":"scotus_justice","date_start":-353962800,"date_end":362984400,"appointing_president":"Dwight D. Eisenhower","role_title":"Associate Justice of the Supreme Court of the United States","institution_name":"Supreme Court of the United States","href":"https:\/\/api.oyez.org\/preson_role\/scotus_justice\/2687"}],"thumbnail":{"id":32752,"mime":"image\/png","size":56350,"href":"https:\/\/api.oyez.org\/sites\/default\/files\/images\/people\/potter_stewart\/potter_stewart.thumb.png"},"length_of_service":8298,"identifier":"potter_stewart"},{"ID":15071,"name":"Byron R. White","href":"https:\/\/api.oyez.org\/people\/byron_r_white","view_count":0,"last_name":"White","roles":[{"id":2715,"type":"scotus_justice","date_start":-243367200,"date_end":741243600,"appointing_president":"John F. Kennedy","role_title":"Associate Justice of the Supreme Court of the United States","institution_name":"Supreme Court of the United States","href":"https:\/\/api.oyez.org\/preson_role\/scotus_justice\/2715"}],"thumbnail":{"id":32699,"mime":"image\/png","size":55559,"href":"https:\/\/api.oyez.org\/sites\/default\/files\/images\/people\/byron_r_white\/byron_r_white.thumb.png"},"length_of_service":11396,"identifier":"byron_r_white"},{"ID":15104,"name":"Thurgood Marshall","href":"https:\/\/api.oyez.org\/people\/thurgood_marshall","view_count":0,"last_name":"Marshall","roles":[{"id":2748,"type":"scotus_justice","date_start":-71002800,"date_end":686293200,"appointing_president":"Lyndon B. Johnson","role_title":"Associate Justice of the Supreme Court of the United States","institution_name":"Supreme Court of the United States","href":"https:\/\/api.oyez.org\/preson_role\/scotus_justice\/2748"}],"thumbnail":{"id":32770,"mime":"image\/png","size":59272,"href":"https:\/\/api.oyez.org\/sites\/default\/files\/images\/people\/thurgood_marshall\/thurgood_marshall.thumb.png"},"length_of_service":8765,"identifier":"thurgood_marshall"},{"ID":15045,"name":"Harry A. Blackmun","href":"https:\/\/api.oyez.org\/people\/harry_a_blackmun","view_count":0,"last_name":"Blackmun","roles":[{"id":2689,"type":"scotus_justice","date_start":13755600,"date_end":775890000,"appointing_president":"Richard Nixon","role_title":"Associate Justice of the Supreme Court of the United States","institution_name":"Supreme Court of the United States","href":"https:\/\/api.oyez.org\/preson_role\/scotus_justice\/2689"}],"thumbnail":{"id":32712,"mime":"image\/png","size":50281,"href":"https:\/\/api.oyez.org\/sites\/default\/files\/images\/people\/harry_a_blackmun\/harry_a_blackmun.thumb.png"},"length_of_service":8821,"identifier":"harry_a_blackmun"},{"ID":15119,"name":"Lewis F. Powell, Jr.","href":"https:\/\/api.oyez.org\/people\/lewis_f_powell_jr","view_count":0,"last_name":"Powell","roles":[{"id":2764,"type":"scotus_justice","date_start":63612000,"date_end":551682000,"appointing_president":"Richard Nixon","role_title":"Associate Justice of the Supreme Court of the United States","institution_name":"Supreme Court of the United States","href":"https:\/\/api.oyez.org\/preson_role\/scotus_justice\/2764"}],"thumbnail":{"id":32738,"mime":"image\/png","size":53543,"href":"https:\/\/api.oyez.org\/sites\/default\/files\/images\/people\/lewis_f_powell_jr\/lewis_f_powell_jr.thumb.png"},"length_of_service":5649,"identifier":"lewis_f_powell_jr"},{"ID":15141,"name":"William H. Rehnquist","href":"https:\/\/api.oyez.org\/people\/william_h_rehnquist","view_count":0,"last_name":"Rehnquist","roles":[{"id":2787,"type":"scotus_justice","date_start":63612000,"date_end":528094800,"appointing_president":"Richard Nixon","role_title":"Associate Justice of the Supreme Court of the United States","institution_name":"Supreme Court of the United States","href":"https:\/\/api.oyez.org\/preson_role\/scotus_justice\/2787"},{"id":2788,"type":"scotus_justice","date_start":528094800,"date_end":1125723600,"appointing_president":"Ronald Reagan","role_title":"Chief Justice of the United States","institution_name":"Supreme Court of the United States","href":"https:\/\/api.oyez.org\/preson_role\/scotus_justice\/2788"}],"thumbnail":{"id":32786,"mime":"image\/png","size":46923,"href":"https:\/\/api.oyez.org\/sites\/default\/files\/images\/people\/william_h_rehnquist\/william_h_rehnquist.thumb.png"},"length_of_service":12293,"identifier":"william_h_rehnquist"},{"ID":15060,"name":"John Paul Stevens","href":"https:\/\/api.oyez.org\/people\/john_paul_stevens","view_count":0,"last_name":"Stevens","roles":[{"id":2704,"type":"scotus_justice","date_start":188200800,"date_end":1277787600,"appointing_president":"Gerald Ford","role_title":"Associate Justice of the Supreme Court of the United States","institution_name":"Supreme Court of the United States","href":"https:\/\/api.oyez.org\/preson_role\/scotus_justice\/2704"}],"thumbnail":{"id":32732,"mime":"image\/png","size":62101,"href":"https:\/\/api.oyez.org\/sites\/default\/files\/images\/people\/john_paul_stevens\/john_paul_stevens.thumb.png"},"length_of_service":12611,"identifier":"john_paul_stevens"}],"court_start":188200800,"images":[{"id":12277,"mime":"image\/jpeg","size":44058,"href":"https:\/\/api.oyez.org\/sites\/default\/files\/images\/courts\/burger6.jpg"}],"identifier":"burger6"}],"decided_by":{"ID":15329,"name":"Burger Court (1975-1981)","href":"https:\/\/api.oyez.org\/courts\/burger6","view_count":0,"members":[{"ID":15073,"name":"Warren E. Burger","href":"https:\/\/api.oyez.org\/people\/warren_e_burger","view_count":0,"last_name":"Burger","roles":[{"id":2717,"type":"scotus_justice","date_start":-16570800,"date_end":528094800,"appointing_president":"Richard Nixon","role_title":"Chief Justice of the United States","institution_name":"Supreme Court of the United States","href":"https:\/\/api.oyez.org\/preson_role\/scotus_justice\/2717"}],"thumbnail":{"id":32773,"mime":"image\/png","size":52511,"href":"https:\/\/api.oyez.org\/sites\/default\/files\/images\/people\/warren_e_burger\/warren_e_burger.thumb.png"},"length_of_service":6304,"identifier":"warren_e_burger"},{"ID":15140,"name":"William J. Brennan, Jr.","href":"https:\/\/api.oyez.org\/people\/william_j_brennan_jr","view_count":0,"last_name":"Brennan","roles":[{"id":2786,"type":"scotus_justice","date_start":-416862000,"date_end":648450000,"appointing_president":"Dwight D. Eisenhower","role_title":"Associate Justice of the Supreme Court of the United States","institution_name":"Supreme Court of the United States","href":"https:\/\/api.oyez.org\/preson_role\/scotus_justice\/2786"}],"thumbnail":{"id":32778,"mime":"image\/png","size":56873,"href":"https:\/\/api.oyez.org\/sites\/default\/files\/images\/people\/william_j_brennan_jr\/william_j_brennan_jr.thumb.png"},"length_of_service":12330,"identifier":"william_j_brennan_jr"},{"ID":15043,"name":"Potter Stewart","href":"https:\/\/api.oyez.org\/people\/potter_stewart","view_count":0,"last_name":"Stewart","roles":[{"id":2687,"type":"scotus_justice","date_start":-353962800,"date_end":362984400,"appointing_president":"Dwight D. Eisenhower","role_title":"Associate Justice of the Supreme Court of the United States","institution_name":"Supreme Court of the United States","href":"https:\/\/api.oyez.org\/preson_role\/scotus_justice\/2687"}],"thumbnail":{"id":32752,"mime":"image\/png","size":56350,"href":"https:\/\/api.oyez.org\/sites\/default\/files\/images\/people\/potter_stewart\/potter_stewart.thumb.png"},"length_of_service":8298,"identifier":"potter_stewart"},{"ID":15071,"name":"Byron R. White","href":"https:\/\/api.oyez.org\/people\/byron_r_white","view_count":0,"last_name":"White","roles":[{"id":2715,"type":"scotus_justice","date_start":-243367200,"date_end":741243600,"appointing_president":"John F. Kennedy","role_title":"Associate Justice of the Supreme Court of the United States","institution_name":"Supreme Court of the United States","href":"https:\/\/api.oyez.org\/preson_role\/scotus_justice\/2715"}],"thumbnail":{"id":32699,"mime":"image\/png","size":55559,"href":"https:\/\/api.oyez.org\/sites\/default\/files\/images\/people\/byron_r_white\/byron_r_white.thumb.png"},"length_of_service":11396,"identifier":"byron_r_white"},{"ID":15104,"name":"Thurgood Marshall","href":"https:\/\/api.oyez.org\/people\/thurgood_marshall","view_count":0,"last_name":"Marshall","roles":[{"id":2748,"type":"scotus_justice","date_start":-71002800,"date_end":686293200,"appointing_president":"Lyndon B. Johnson","role_title":"Associate Justice of the Supreme Court of the United States","institution_name":"Supreme Court of the United States","href":"https:\/\/api.oyez.org\/preson_role\/scotus_justice\/2748"}],"thumbnail":{"id":32770,"mime":"image\/png","size":59272,"href":"https:\/\/api.oyez.org\/sites\/default\/files\/images\/people\/thurgood_marshall\/thurgood_marshall.thumb.png"},"length_of_service":8765,"identifier":"thurgood_marshall"},{"ID":15045,"name":"Harry A. Blackmun","href":"https:\/\/api.oyez.org\/people\/harry_a_blackmun","view_count":0,"last_name":"Blackmun","roles":[{"id":2689,"type":"scotus_justice","date_start":13755600,"date_end":775890000,"appointing_president":"Richard Nixon","role_title":"Associate Justice of the Supreme Court of the United States","institution_name":"Supreme Court of the United States","href":"https:\/\/api.oyez.org\/preson_role\/scotus_justice\/2689"}],"thumbnail":{"id":32712,"mime":"image\/png","size":50281,"href":"https:\/\/api.oyez.org\/sites\/default\/files\/images\/people\/harry_a_blackmun\/harry_a_blackmun.thumb.png"},"length_of_service":8821,"identifier":"harry_a_blackmun"},{"ID":15119,"name":"Lewis F. Powell, Jr.","href":"https:\/\/api.oyez.org\/people\/lewis_f_powell_jr","view_count":0,"last_name":"Powell","roles":[{"id":2764,"type":"scotus_justice","date_start":63612000,"date_end":551682000,"appointing_president":"Richard Nixon","role_title":"Associate Justice of the Supreme Court of the United States","institution_name":"Supreme Court of the United States","href":"https:\/\/api.oyez.org\/preson_role\/scotus_justice\/2764"}],"thumbnail":{"id":32738,"mime":"image\/png","size":53543,"href":"https:\/\/api.oyez.org\/sites\/default\/files\/images\/people\/lewis_f_powell_jr\/lewis_f_powell_jr.thumb.png"},"length_of_service":5649,"identifier":"lewis_f_powell_jr"},{"ID":15141,"name":"William H. Rehnquist","href":"https:\/\/api.oyez.org\/people\/william_h_rehnquist","view_count":0,"last_name":"Rehnquist","roles":[{"id":2787,"type":"scotus_justice","date_start":63612000,"date_end":528094800,"appointing_president":"Richard Nixon","role_title":"Associate Justice of the Supreme Court of the United States","institution_name":"Supreme Court of the United States","href":"https:\/\/api.oyez.org\/preson_role\/scotus_justice\/2787"},{"id":2788,"type":"scotus_justice","date_start":528094800,"date_end":1125723600,"appointing_president":"Ronald Reagan","role_title":"Chief Justice of the United States","institution_name":"Supreme Court of the United States","href":"https:\/\/api.oyez.org\/preson_role\/scotus_justice\/2788"}],"thumbnail":{"id":32786,"mime":"image\/png","size":46923,"href":"https:\/\/api.oyez.org\/sites\/default\/files\/images\/people\/william_h_rehnquist\/william_h_rehnquist.thumb.png"},"length_of_service":12293,"identifier":"william_h_rehnquist"},{"ID":15060,"name":"John Paul Stevens","href":"https:\/\/api.oyez.org\/people\/john_paul_stevens","view_count":0,"last_name":"Stevens","roles":[{"id":2704,"type":"scotus_justice","date_start":188200800,"date_end":1277787600,"appointing_president":"Gerald Ford","role_title":"Associate Justice of the Supreme Court of the United States","institution_name":"Supreme Court of the United States","href":"https:\/\/api.oyez.org\/preson_role\/scotus_justice\/2704"}],"thumbnail":{"id":32732,"mime":"image\/png","size":62101,"href":"https:\/\/api.oyez.org\/sites\/default\/files\/images\/people\/john_paul_stevens\/john_paul_stevens.thumb.png"},"length_of_service":12611,"identifier":"john_paul_stevens"}],"court_start":188200800,"images":[{"id":12277,"mime":"image\/jpeg","size":44058,"href":"https:\/\/api.oyez.org\/sites\/default\/files\/images\/courts\/burger6.jpg"}],"identifier":"burger6"},"term":"1978","location":null,"opinion_announcement":[{"id":17173,"title":"Opinion Announcement - March 05, 1979","unavailable":null,"href":"https:\/\/api.oyez.org\/case_media\/opinion_announcement_audio\/17173"}],"description":null,"written_opinion":[{"id":9047,"title":"Syllabus","author":null,"type":{"value":"syllabus","label":"Syllabus"},"justia_opinion_id":1953062,"justia_opinion_url":"https:\/\/supreme.justia.com\/cases\/federal\/us\/440\/332\/","judge_full_name":null,"judge_last_name":null,"title_overwrite":null,"href":"https:\/\/api.oyez.org\/case_document\/written_opinion\/9047"},{"id":9048,"title":"View Case","author":null,"type":{"value":"case","label":null},"justia_opinion_id":1953063,"justia_opinion_url":"https:\/\/supreme.justia.com\/cases\/federal\/us\/440\/332\/case.html","judge_full_name":null,"judge_last_name":null,"title_overwrite":null,"href":"https:\/\/api.oyez.org\/case_document\/written_opinion\/9048"}],"related_cases":null,"justia_url":"https:\/\/supreme.justia.com\/cases\/federal\/us\/440\/332\/","argument2_url":null}