{"ID":53436,"name":"Franklin v. Lynaugh","href":"https:\/\/api.oyez.org\/cases\/1987\/87-5546","view_count":0,"docket_number":"87-5546","additional_docket_numbers":null,"manner_of_jurisdiction":"Writ of \u003Ci\u003Ecertiorari\u003C\/i\u003E","first_party":"Franklin","second_party":"Lynaugh","timeline":[{"event":"Argued","dates":[573199200],"href":"https:\/\/api.oyez.org\/case_timeline\/case_timeline\/35780"},{"event":"Decided","dates":[582958800],"href":"https:\/\/api.oyez.org\/case_timeline\/case_timeline\/35781"}],"lower_court":{"ID":10,"name":"United States Court of Appeals for the Fifth Circuit","href":"https:\/\/api.oyez.org\/taxonomy\/term\/10"},"facts_of_the_case":null,"question":null,"conclusion":null,"advocates":[{"advocate":{"ID":46670,"name":"William C. Zapalac","href":"https:\/\/api.oyez.org\/people\/william_c_zapalac","view_count":0,"last_name":"Zapalac","roles":null,"thumbnail":null,"length_of_service":0,"identifier":"william_c_zapalac"},"advocate_description":"on behalf of Respondent","href":"https:\/\/api.oyez.org\/case_advocate\/case_advocate\/14376"},{"advocate":{"ID":36755,"name":"Mark Stevens","href":"https:\/\/api.oyez.org\/people\/mark_stevens","view_count":0,"last_name":"Stevens","roles":null,"thumbnail":null,"length_of_service":0,"identifier":"mark_stevens"},"advocate_description":"on behalf of the Petitioners","href":"https:\/\/api.oyez.org\/case_advocate\/case_advocate\/14377"}],"oral_argument_audio":[{"id":19325,"title":"Oral Argument - March 01, 1988","public_note":null,"unavailable":null,"display_title":null,"href":"https:\/\/api.oyez.org\/case_media\/oral_argument_audio\/19325"}],"citation":{"volume":"487","page":"164","year":"1988","href":"https:\/\/api.oyez.org\/case_citation\/case_citation\/17364"},"decisions":[{"description":null,"votes":[{"member":{"ID":15104,"name":"Thurgood Marshall","href":"https:\/\/api.oyez.org\/people\/thurgood_marshall","view_count":0,"last_name":"Marshall","roles":[{"id":2748,"type":"scotus_justice","date_start":-71002800,"date_end":686293200,"appointing_president":"Lyndon B. Johnson","role_title":"Associate Justice of the Supreme Court of the United States","institution_name":"Supreme Court of the United States","href":"https:\/\/api.oyez.org\/preson_role\/scotus_justice\/2748"}],"thumbnail":{"id":32770,"mime":"image\/png","size":59272,"href":"https:\/\/api.oyez.org\/sites\/default\/files\/images\/people\/thurgood_marshall\/thurgood_marshall.thumb.png"},"length_of_service":8765,"identifier":"thurgood_marshall"},"vote":"minority","opinion_type":"none","joining":[{"ID":15060,"name":"John Paul Stevens","href":"https:\/\/api.oyez.org\/people\/john_paul_stevens","view_count":0,"last_name":"Stevens","roles":[{"id":2704,"type":"scotus_justice","date_start":188200800,"date_end":1277787600,"appointing_president":"Gerald Ford","role_title":"Associate Justice of the Supreme Court of the United States","institution_name":"Supreme Court of the United States","href":"https:\/\/api.oyez.org\/preson_role\/scotus_justice\/2704"}],"thumbnail":{"id":32732,"mime":"image\/png","size":62101,"href":"https:\/\/api.oyez.org\/sites\/default\/files\/images\/people\/john_paul_stevens\/john_paul_stevens.thumb.png"},"length_of_service":12611,"identifier":"john_paul_stevens"}],"seniority":4,"ideology":-4.36,"href":"https:\/\/api.oyez.org\/decision_vote\/decision_vote\/161645"},{"member":{"ID":15140,"name":"William J. Brennan, Jr.","href":"https:\/\/api.oyez.org\/people\/william_j_brennan_jr","view_count":0,"last_name":"Brennan","roles":[{"id":2786,"type":"scotus_justice","date_start":-416862000,"date_end":648450000,"appointing_president":"Dwight D. Eisenhower","role_title":"Associate Justice of the Supreme Court of the United States","institution_name":"Supreme Court of the United States","href":"https:\/\/api.oyez.org\/preson_role\/scotus_justice\/2786"}],"thumbnail":{"id":32778,"mime":"image\/png","size":56873,"href":"https:\/\/api.oyez.org\/sites\/default\/files\/images\/people\/william_j_brennan_jr\/william_j_brennan_jr.thumb.png"},"length_of_service":12330,"identifier":"william_j_brennan_jr"},"vote":"minority","opinion_type":"none","joining":[{"ID":15060,"name":"John Paul Stevens","href":"https:\/\/api.oyez.org\/people\/john_paul_stevens","view_count":0,"last_name":"Stevens","roles":[{"id":2704,"type":"scotus_justice","date_start":188200800,"date_end":1277787600,"appointing_president":"Gerald Ford","role_title":"Associate Justice of the Supreme Court of the United States","institution_name":"Supreme Court of the United States","href":"https:\/\/api.oyez.org\/preson_role\/scotus_justice\/2704"}],"thumbnail":{"id":32732,"mime":"image\/png","size":62101,"href":"https:\/\/api.oyez.org\/sites\/default\/files\/images\/people\/john_paul_stevens\/john_paul_stevens.thumb.png"},"length_of_service":12611,"identifier":"john_paul_stevens"}],"seniority":2,"ideology":-3.501,"href":"https:\/\/api.oyez.org\/decision_vote\/decision_vote\/161646"},{"member":{"ID":15071,"name":"Byron R. White","href":"https:\/\/api.oyez.org\/people\/byron_r_white","view_count":0,"last_name":"White","roles":[{"id":2715,"type":"scotus_justice","date_start":-243367200,"date_end":741243600,"appointing_president":"John F. Kennedy","role_title":"Associate Justice of the Supreme Court of the United States","institution_name":"Supreme Court of the United States","href":"https:\/\/api.oyez.org\/preson_role\/scotus_justice\/2715"}],"thumbnail":{"id":32699,"mime":"image\/png","size":55559,"href":"https:\/\/api.oyez.org\/sites\/default\/files\/images\/people\/byron_r_white\/byron_r_white.thumb.png"},"length_of_service":11396,"identifier":"byron_r_white"},"vote":"majority","opinion_type":"plurality","joining":null,"seniority":3,"ideology":0.974,"href":"https:\/\/api.oyez.org\/decision_vote\/decision_vote\/161647"},{"member":{"ID":15045,"name":"Harry A. Blackmun","href":"https:\/\/api.oyez.org\/people\/harry_a_blackmun","view_count":0,"last_name":"Blackmun","roles":[{"id":2689,"type":"scotus_justice","date_start":13755600,"date_end":775890000,"appointing_president":"Richard Nixon","role_title":"Associate Justice of the Supreme Court of the United States","institution_name":"Supreme Court of the United States","href":"https:\/\/api.oyez.org\/preson_role\/scotus_justice\/2689"}],"thumbnail":{"id":32712,"mime":"image\/png","size":50281,"href":"https:\/\/api.oyez.org\/sites\/default\/files\/images\/people\/harry_a_blackmun\/harry_a_blackmun.thumb.png"},"length_of_service":8821,"identifier":"harry_a_blackmun"},"vote":"majority","opinion_type":"none","joining":[{"ID":15092,"name":"Sandra Day O\u0027Connor","href":"https:\/\/api.oyez.org\/people\/sandra_day_oconnor","view_count":0,"last_name":"O\u0027Connor","roles":[{"id":2736,"type":"scotus_justice","date_start":370242000,"date_end":1138687200,"appointing_president":"Ronald Reagan","role_title":"Associate Justice of the Supreme Court of the United States","institution_name":"Supreme Court of the United States","href":"https:\/\/api.oyez.org\/preson_role\/scotus_justice\/2736"}],"thumbnail":{"id":32763,"mime":"image\/png","size":49563,"href":"https:\/\/api.oyez.org\/sites\/default\/files\/images\/people\/sandra_day_oconnor\/sandra_day_oconnor.thumb.png"},"length_of_service":8894,"identifier":"sandra_day_oconnor"}],"seniority":5,"ideology":-0.946,"href":"https:\/\/api.oyez.org\/decision_vote\/decision_vote\/161648"},{"member":{"ID":15141,"name":"William H. Rehnquist","href":"https:\/\/api.oyez.org\/people\/william_h_rehnquist","view_count":0,"last_name":"Rehnquist","roles":[{"id":2787,"type":"scotus_justice","date_start":63612000,"date_end":528094800,"appointing_president":"Richard Nixon","role_title":"Associate Justice of the Supreme Court of the United States","institution_name":"Supreme Court of the United States","href":"https:\/\/api.oyez.org\/preson_role\/scotus_justice\/2787"},{"id":2788,"type":"scotus_justice","date_start":528094800,"date_end":1125723600,"appointing_president":"Ronald Reagan","role_title":"Chief Justice of the United States","institution_name":"Supreme Court of the United States","href":"https:\/\/api.oyez.org\/preson_role\/scotus_justice\/2788"}],"thumbnail":{"id":32786,"mime":"image\/png","size":46923,"href":"https:\/\/api.oyez.org\/sites\/default\/files\/images\/people\/william_h_rehnquist\/william_h_rehnquist.thumb.png"},"length_of_service":12293,"identifier":"william_h_rehnquist"},"vote":"majority","opinion_type":"none","joining":null,"seniority":1,"ideology":2.83,"href":"https:\/\/api.oyez.org\/decision_vote\/decision_vote\/161649"},{"member":{"ID":15060,"name":"John Paul Stevens","href":"https:\/\/api.oyez.org\/people\/john_paul_stevens","view_count":0,"last_name":"Stevens","roles":[{"id":2704,"type":"scotus_justice","date_start":188200800,"date_end":1277787600,"appointing_president":"Gerald Ford","role_title":"Associate Justice of the Supreme Court of the United States","institution_name":"Supreme Court of the United States","href":"https:\/\/api.oyez.org\/preson_role\/scotus_justice\/2704"}],"thumbnail":{"id":32732,"mime":"image\/png","size":62101,"href":"https:\/\/api.oyez.org\/sites\/default\/files\/images\/people\/john_paul_stevens\/john_paul_stevens.thumb.png"},"length_of_service":12611,"identifier":"john_paul_stevens"},"vote":"minority","opinion_type":"dissent","joining":null,"seniority":6,"ideology":-0.546,"href":"https:\/\/api.oyez.org\/decision_vote\/decision_vote\/161650"},{"member":{"ID":15092,"name":"Sandra Day O\u0027Connor","href":"https:\/\/api.oyez.org\/people\/sandra_day_oconnor","view_count":0,"last_name":"O\u0027Connor","roles":[{"id":2736,"type":"scotus_justice","date_start":370242000,"date_end":1138687200,"appointing_president":"Ronald Reagan","role_title":"Associate Justice of the Supreme Court of the United States","institution_name":"Supreme Court of the United States","href":"https:\/\/api.oyez.org\/preson_role\/scotus_justice\/2736"}],"thumbnail":{"id":32763,"mime":"image\/png","size":49563,"href":"https:\/\/api.oyez.org\/sites\/default\/files\/images\/people\/sandra_day_oconnor\/sandra_day_oconnor.thumb.png"},"length_of_service":8894,"identifier":"sandra_day_oconnor"},"vote":"majority","opinion_type":"special concurrence","joining":null,"seniority":7,"ideology":1.571,"href":"https:\/\/api.oyez.org\/decision_vote\/decision_vote\/161651"},{"member":{"ID":15049,"name":"Antonin Scalia","href":"https:\/\/api.oyez.org\/people\/antonin_scalia","view_count":0,"last_name":"Scalia","roles":[{"id":2693,"type":"scotus_justice","date_start":528094800,"date_end":1455343200,"appointing_president":"Ronald Reagan","role_title":"Associate Justice of the Supreme Court of the United States","institution_name":"Supreme Court of the United States","href":"https:\/\/api.oyez.org\/preson_role\/scotus_justice\/2693"}],"thumbnail":{"id":32678,"mime":"image\/png","size":58944,"href":"https:\/\/api.oyez.org\/sites\/default\/files\/images\/people\/antonin_scalia\/antonin_scalia.thumb.png"},"length_of_service":10732,"identifier":"antonin_scalia"},"vote":"majority","opinion_type":"none","joining":null,"seniority":8,"ideology":1.64,"href":"https:\/\/api.oyez.org\/decision_vote\/decision_vote\/161652"},{"member":{"ID":15113,"name":"Anthony M. Kennedy","href":"https:\/\/api.oyez.org\/people\/anthony_m_kennedy","view_count":0,"last_name":"Kennedy","roles":[{"id":2757,"type":"scotus_justice","date_start":572162400,"date_end":1533013200,"appointing_president":"Ronald Reagan","role_title":"Associate Justice of the Supreme Court of the United States","institution_name":"Supreme Court of the United States","href":"https:\/\/api.oyez.org\/preson_role\/scotus_justice\/2757"}],"thumbnail":{"id":32679,"mime":"image\/png","size":47100,"href":"https:\/\/api.oyez.org\/sites\/default\/files\/images\/people\/anthony_m_kennedy\/anthony_m_kennedy.thumb.png"},"length_of_service":11121,"identifier":"anthony_m_kennedy"},"vote":"majority","opinion_type":"none","joining":null,"seniority":9,"ideology":1.191,"href":"https:\/\/api.oyez.org\/decision_vote\/decision_vote\/161653"}],"majority_vote":6,"minority_vote":3,"winning_party":null,"decision_type":"plurality opinion","href":"https:\/\/api.oyez.org\/case_decision\/case_decision\/11483"}],"first_party_label":"Petitioner","second_party_label":"Respondent","heard_by":[{"ID":15242,"name":"Rehnquist Court (1988-1990)","href":"https:\/\/api.oyez.org\/courts\/rehnquist3","view_count":0,"members":[{"ID":15141,"name":"William H. Rehnquist","href":"https:\/\/api.oyez.org\/people\/william_h_rehnquist","view_count":0,"last_name":"Rehnquist","roles":[{"id":2787,"type":"scotus_justice","date_start":63612000,"date_end":528094800,"appointing_president":"Richard Nixon","role_title":"Associate Justice of the Supreme Court of the United States","institution_name":"Supreme Court of the United States","href":"https:\/\/api.oyez.org\/preson_role\/scotus_justice\/2787"},{"id":2788,"type":"scotus_justice","date_start":528094800,"date_end":1125723600,"appointing_president":"Ronald Reagan","role_title":"Chief Justice of the United States","institution_name":"Supreme Court of the United States","href":"https:\/\/api.oyez.org\/preson_role\/scotus_justice\/2788"}],"thumbnail":{"id":32786,"mime":"image\/png","size":46923,"href":"https:\/\/api.oyez.org\/sites\/default\/files\/images\/people\/william_h_rehnquist\/william_h_rehnquist.thumb.png"},"length_of_service":12293,"identifier":"william_h_rehnquist"},{"ID":15140,"name":"William J. Brennan, Jr.","href":"https:\/\/api.oyez.org\/people\/william_j_brennan_jr","view_count":0,"last_name":"Brennan","roles":[{"id":2786,"type":"scotus_justice","date_start":-416862000,"date_end":648450000,"appointing_president":"Dwight D. Eisenhower","role_title":"Associate Justice of the Supreme Court of the United States","institution_name":"Supreme Court of the United States","href":"https:\/\/api.oyez.org\/preson_role\/scotus_justice\/2786"}],"thumbnail":{"id":32778,"mime":"image\/png","size":56873,"href":"https:\/\/api.oyez.org\/sites\/default\/files\/images\/people\/william_j_brennan_jr\/william_j_brennan_jr.thumb.png"},"length_of_service":12330,"identifier":"william_j_brennan_jr"},{"ID":15071,"name":"Byron R. White","href":"https:\/\/api.oyez.org\/people\/byron_r_white","view_count":0,"last_name":"White","roles":[{"id":2715,"type":"scotus_justice","date_start":-243367200,"date_end":741243600,"appointing_president":"John F. Kennedy","role_title":"Associate Justice of the Supreme Court of the United States","institution_name":"Supreme Court of the United States","href":"https:\/\/api.oyez.org\/preson_role\/scotus_justice\/2715"}],"thumbnail":{"id":32699,"mime":"image\/png","size":55559,"href":"https:\/\/api.oyez.org\/sites\/default\/files\/images\/people\/byron_r_white\/byron_r_white.thumb.png"},"length_of_service":11396,"identifier":"byron_r_white"},{"ID":15104,"name":"Thurgood Marshall","href":"https:\/\/api.oyez.org\/people\/thurgood_marshall","view_count":0,"last_name":"Marshall","roles":[{"id":2748,"type":"scotus_justice","date_start":-71002800,"date_end":686293200,"appointing_president":"Lyndon B. Johnson","role_title":"Associate Justice of the Supreme Court of the United States","institution_name":"Supreme Court of the United States","href":"https:\/\/api.oyez.org\/preson_role\/scotus_justice\/2748"}],"thumbnail":{"id":32770,"mime":"image\/png","size":59272,"href":"https:\/\/api.oyez.org\/sites\/default\/files\/images\/people\/thurgood_marshall\/thurgood_marshall.thumb.png"},"length_of_service":8765,"identifier":"thurgood_marshall"},{"ID":15045,"name":"Harry A. Blackmun","href":"https:\/\/api.oyez.org\/people\/harry_a_blackmun","view_count":0,"last_name":"Blackmun","roles":[{"id":2689,"type":"scotus_justice","date_start":13755600,"date_end":775890000,"appointing_president":"Richard Nixon","role_title":"Associate Justice of the Supreme Court of the United States","institution_name":"Supreme Court of the United States","href":"https:\/\/api.oyez.org\/preson_role\/scotus_justice\/2689"}],"thumbnail":{"id":32712,"mime":"image\/png","size":50281,"href":"https:\/\/api.oyez.org\/sites\/default\/files\/images\/people\/harry_a_blackmun\/harry_a_blackmun.thumb.png"},"length_of_service":8821,"identifier":"harry_a_blackmun"},{"ID":15060,"name":"John Paul Stevens","href":"https:\/\/api.oyez.org\/people\/john_paul_stevens","view_count":0,"last_name":"Stevens","roles":[{"id":2704,"type":"scotus_justice","date_start":188200800,"date_end":1277787600,"appointing_president":"Gerald Ford","role_title":"Associate Justice of the Supreme Court of the United States","institution_name":"Supreme Court of the United States","href":"https:\/\/api.oyez.org\/preson_role\/scotus_justice\/2704"}],"thumbnail":{"id":32732,"mime":"image\/png","size":62101,"href":"https:\/\/api.oyez.org\/sites\/default\/files\/images\/people\/john_paul_stevens\/john_paul_stevens.thumb.png"},"length_of_service":12611,"identifier":"john_paul_stevens"},{"ID":15092,"name":"Sandra Day O\u0027Connor","href":"https:\/\/api.oyez.org\/people\/sandra_day_oconnor","view_count":0,"last_name":"O\u0027Connor","roles":[{"id":2736,"type":"scotus_justice","date_start":370242000,"date_end":1138687200,"appointing_president":"Ronald Reagan","role_title":"Associate Justice of the Supreme Court of the United States","institution_name":"Supreme Court of the United States","href":"https:\/\/api.oyez.org\/preson_role\/scotus_justice\/2736"}],"thumbnail":{"id":32763,"mime":"image\/png","size":49563,"href":"https:\/\/api.oyez.org\/sites\/default\/files\/images\/people\/sandra_day_oconnor\/sandra_day_oconnor.thumb.png"},"length_of_service":8894,"identifier":"sandra_day_oconnor"},{"ID":15049,"name":"Antonin Scalia","href":"https:\/\/api.oyez.org\/people\/antonin_scalia","view_count":0,"last_name":"Scalia","roles":[{"id":2693,"type":"scotus_justice","date_start":528094800,"date_end":1455343200,"appointing_president":"Ronald Reagan","role_title":"Associate Justice of the Supreme Court of the United States","institution_name":"Supreme Court of the United States","href":"https:\/\/api.oyez.org\/preson_role\/scotus_justice\/2693"}],"thumbnail":{"id":32678,"mime":"image\/png","size":58944,"href":"https:\/\/api.oyez.org\/sites\/default\/files\/images\/people\/antonin_scalia\/antonin_scalia.thumb.png"},"length_of_service":10732,"identifier":"antonin_scalia"},{"ID":15113,"name":"Anthony M. Kennedy","href":"https:\/\/api.oyez.org\/people\/anthony_m_kennedy","view_count":0,"last_name":"Kennedy","roles":[{"id":2757,"type":"scotus_justice","date_start":572162400,"date_end":1533013200,"appointing_president":"Ronald Reagan","role_title":"Associate Justice of the Supreme Court of the United States","institution_name":"Supreme Court of the United States","href":"https:\/\/api.oyez.org\/preson_role\/scotus_justice\/2757"}],"thumbnail":{"id":32679,"mime":"image\/png","size":47100,"href":"https:\/\/api.oyez.org\/sites\/default\/files\/images\/people\/anthony_m_kennedy\/anthony_m_kennedy.thumb.png"},"length_of_service":11121,"identifier":"anthony_m_kennedy"}],"court_start":572162400,"images":[{"id":12254,"mime":"image\/jpeg","size":47786,"href":"https:\/\/api.oyez.org\/sites\/default\/files\/images\/courts\/rehnquist3.jpg"}],"identifier":"rehnquist3"}],"decided_by":{"ID":15242,"name":"Rehnquist Court (1988-1990)","href":"https:\/\/api.oyez.org\/courts\/rehnquist3","view_count":0,"members":[{"ID":15141,"name":"William H. Rehnquist","href":"https:\/\/api.oyez.org\/people\/william_h_rehnquist","view_count":0,"last_name":"Rehnquist","roles":[{"id":2787,"type":"scotus_justice","date_start":63612000,"date_end":528094800,"appointing_president":"Richard Nixon","role_title":"Associate Justice of the Supreme Court of the United States","institution_name":"Supreme Court of the United States","href":"https:\/\/api.oyez.org\/preson_role\/scotus_justice\/2787"},{"id":2788,"type":"scotus_justice","date_start":528094800,"date_end":1125723600,"appointing_president":"Ronald Reagan","role_title":"Chief Justice of the United States","institution_name":"Supreme Court of the United States","href":"https:\/\/api.oyez.org\/preson_role\/scotus_justice\/2788"}],"thumbnail":{"id":32786,"mime":"image\/png","size":46923,"href":"https:\/\/api.oyez.org\/sites\/default\/files\/images\/people\/william_h_rehnquist\/william_h_rehnquist.thumb.png"},"length_of_service":12293,"identifier":"william_h_rehnquist"},{"ID":15140,"name":"William J. Brennan, Jr.","href":"https:\/\/api.oyez.org\/people\/william_j_brennan_jr","view_count":0,"last_name":"Brennan","roles":[{"id":2786,"type":"scotus_justice","date_start":-416862000,"date_end":648450000,"appointing_president":"Dwight D. Eisenhower","role_title":"Associate Justice of the Supreme Court of the United States","institution_name":"Supreme Court of the United States","href":"https:\/\/api.oyez.org\/preson_role\/scotus_justice\/2786"}],"thumbnail":{"id":32778,"mime":"image\/png","size":56873,"href":"https:\/\/api.oyez.org\/sites\/default\/files\/images\/people\/william_j_brennan_jr\/william_j_brennan_jr.thumb.png"},"length_of_service":12330,"identifier":"william_j_brennan_jr"},{"ID":15071,"name":"Byron R. White","href":"https:\/\/api.oyez.org\/people\/byron_r_white","view_count":0,"last_name":"White","roles":[{"id":2715,"type":"scotus_justice","date_start":-243367200,"date_end":741243600,"appointing_president":"John F. Kennedy","role_title":"Associate Justice of the Supreme Court of the United States","institution_name":"Supreme Court of the United States","href":"https:\/\/api.oyez.org\/preson_role\/scotus_justice\/2715"}],"thumbnail":{"id":32699,"mime":"image\/png","size":55559,"href":"https:\/\/api.oyez.org\/sites\/default\/files\/images\/people\/byron_r_white\/byron_r_white.thumb.png"},"length_of_service":11396,"identifier":"byron_r_white"},{"ID":15104,"name":"Thurgood Marshall","href":"https:\/\/api.oyez.org\/people\/thurgood_marshall","view_count":0,"last_name":"Marshall","roles":[{"id":2748,"type":"scotus_justice","date_start":-71002800,"date_end":686293200,"appointing_president":"Lyndon B. Johnson","role_title":"Associate Justice of the Supreme Court of the United States","institution_name":"Supreme Court of the United States","href":"https:\/\/api.oyez.org\/preson_role\/scotus_justice\/2748"}],"thumbnail":{"id":32770,"mime":"image\/png","size":59272,"href":"https:\/\/api.oyez.org\/sites\/default\/files\/images\/people\/thurgood_marshall\/thurgood_marshall.thumb.png"},"length_of_service":8765,"identifier":"thurgood_marshall"},{"ID":15045,"name":"Harry A. Blackmun","href":"https:\/\/api.oyez.org\/people\/harry_a_blackmun","view_count":0,"last_name":"Blackmun","roles":[{"id":2689,"type":"scotus_justice","date_start":13755600,"date_end":775890000,"appointing_president":"Richard Nixon","role_title":"Associate Justice of the Supreme Court of the United States","institution_name":"Supreme Court of the United States","href":"https:\/\/api.oyez.org\/preson_role\/scotus_justice\/2689"}],"thumbnail":{"id":32712,"mime":"image\/png","size":50281,"href":"https:\/\/api.oyez.org\/sites\/default\/files\/images\/people\/harry_a_blackmun\/harry_a_blackmun.thumb.png"},"length_of_service":8821,"identifier":"harry_a_blackmun"},{"ID":15060,"name":"John Paul Stevens","href":"https:\/\/api.oyez.org\/people\/john_paul_stevens","view_count":0,"last_name":"Stevens","roles":[{"id":2704,"type":"scotus_justice","date_start":188200800,"date_end":1277787600,"appointing_president":"Gerald Ford","role_title":"Associate Justice of the Supreme Court of the United States","institution_name":"Supreme Court of the United States","href":"https:\/\/api.oyez.org\/preson_role\/scotus_justice\/2704"}],"thumbnail":{"id":32732,"mime":"image\/png","size":62101,"href":"https:\/\/api.oyez.org\/sites\/default\/files\/images\/people\/john_paul_stevens\/john_paul_stevens.thumb.png"},"length_of_service":12611,"identifier":"john_paul_stevens"},{"ID":15092,"name":"Sandra Day O\u0027Connor","href":"https:\/\/api.oyez.org\/people\/sandra_day_oconnor","view_count":0,"last_name":"O\u0027Connor","roles":[{"id":2736,"type":"scotus_justice","date_start":370242000,"date_end":1138687200,"appointing_president":"Ronald Reagan","role_title":"Associate Justice of the Supreme Court of the United States","institution_name":"Supreme Court of the United States","href":"https:\/\/api.oyez.org\/preson_role\/scotus_justice\/2736"}],"thumbnail":{"id":32763,"mime":"image\/png","size":49563,"href":"https:\/\/api.oyez.org\/sites\/default\/files\/images\/people\/sandra_day_oconnor\/sandra_day_oconnor.thumb.png"},"length_of_service":8894,"identifier":"sandra_day_oconnor"},{"ID":15049,"name":"Antonin Scalia","href":"https:\/\/api.oyez.org\/people\/antonin_scalia","view_count":0,"last_name":"Scalia","roles":[{"id":2693,"type":"scotus_justice","date_start":528094800,"date_end":1455343200,"appointing_president":"Ronald Reagan","role_title":"Associate Justice of the Supreme Court of the United States","institution_name":"Supreme Court of the United States","href":"https:\/\/api.oyez.org\/preson_role\/scotus_justice\/2693"}],"thumbnail":{"id":32678,"mime":"image\/png","size":58944,"href":"https:\/\/api.oyez.org\/sites\/default\/files\/images\/people\/antonin_scalia\/antonin_scalia.thumb.png"},"length_of_service":10732,"identifier":"antonin_scalia"},{"ID":15113,"name":"Anthony M. Kennedy","href":"https:\/\/api.oyez.org\/people\/anthony_m_kennedy","view_count":0,"last_name":"Kennedy","roles":[{"id":2757,"type":"scotus_justice","date_start":572162400,"date_end":1533013200,"appointing_president":"Ronald Reagan","role_title":"Associate Justice of the Supreme Court of the United States","institution_name":"Supreme Court of the United States","href":"https:\/\/api.oyez.org\/preson_role\/scotus_justice\/2757"}],"thumbnail":{"id":32679,"mime":"image\/png","size":47100,"href":"https:\/\/api.oyez.org\/sites\/default\/files\/images\/people\/anthony_m_kennedy\/anthony_m_kennedy.thumb.png"},"length_of_service":11121,"identifier":"anthony_m_kennedy"}],"court_start":572162400,"images":[{"id":12254,"mime":"image\/jpeg","size":47786,"href":"https:\/\/api.oyez.org\/sites\/default\/files\/images\/courts\/rehnquist3.jpg"}],"identifier":"rehnquist3"},"term":"1987","location":null,"opinion_announcement":[{"id":19328,"title":"Opinion Announcement - June 22, 1988","unavailable":null,"href":"https:\/\/api.oyez.org\/case_media\/opinion_announcement_audio\/19328"}],"description":null,"written_opinion":[{"id":5964,"title":"Syllabus","author":null,"type":{"value":"syllabus","label":"Syllabus"},"justia_opinion_id":1957596,"justia_opinion_url":"https:\/\/supreme.justia.com\/cases\/federal\/us\/487\/164\/","judge_full_name":null,"judge_last_name":null,"title_overwrite":null,"href":"https:\/\/api.oyez.org\/case_document\/written_opinion\/5964"},{"id":5965,"title":"View Case","author":null,"type":{"value":"case","label":null},"justia_opinion_id":1957597,"justia_opinion_url":"https:\/\/supreme.justia.com\/cases\/federal\/us\/487\/164\/case.html","judge_full_name":null,"judge_last_name":null,"title_overwrite":null,"href":"https:\/\/api.oyez.org\/case_document\/written_opinion\/5965"}],"related_cases":null,"justia_url":"https:\/\/supreme.justia.com\/cases\/federal\/us\/487\/164\/","argument2_url":null}