{"ID":54179,"name":"Campbell v. Acuff-Rose Music, Inc.","href":"https:\/\/api.oyez.org\/cases\/1993\/92-1292","view_count":0,"docket_number":"92-1292","additional_docket_numbers":null,"manner_of_jurisdiction":"Writ of \u003Ci\u003Ecertiorari\u003C\/i\u003E","first_party":"Campbell","second_party":"Acuff-Rose Music, Inc.","timeline":[{"event":"Argued","dates":[752824800],"href":"https:\/\/api.oyez.org\/case_timeline\/case_timeline\/37204"},{"event":"Decided","dates":[763020000],"href":"https:\/\/api.oyez.org\/case_timeline\/case_timeline\/37205"}],"lower_court":{"ID":11,"name":"United States Court of Appeals for the Sixth Circuit","href":"https:\/\/api.oyez.org\/taxonomy\/term\/11"},"facts_of_the_case":"\u003Cp\u003EAcuff-Rose Music, Inc. sued 2 Live Crew and their record company, claiming that 2 Live Crew\u0027s song \u0022Pretty Woman\u0022 infringed Acuff-Rose\u0027s copyright in Roy Orbison\u0027s \u0022Oh, Pretty Woman.\u0022 The District Court granted summary judgment for 2 Live Crew, holding that its song was a parody that made fair use of the original song. In reversing, the Court of Appeals held that the commercial nature of the parody rendered it presumptively unfair.\u003C\/p\u003E\n","question":"\u003Cp\u003EMay 2 Live Crew\u0027s commercial parody of Roy Orbison\u0027s \u0022Oh, Pretty Woman\u0022 be a fair use within the meaning of the Copyright Act of 1976?\u003C\/p\u003E\n","conclusion":"\u003Cp\u003EYes. In a unanimous opinion delivered by Justice David H. Souter, the Court held that a parody\u0027s commercial character is only one element to be weighed in a fair use enquiry and that insufficient consideration was given to the nature of parody in weighing the degree of copying. The Court found that the Court of Appeals erred in applying the presumption that the commercial nature of the parody rendered it presumptively unfair, as no such evidentiary presumption was available to address either the character and purpose of the use or the market harm. Justice Souter wrote that the appellate court \u0022erred in holding that 2 Live Crew had necessarily copied excessively from the Orbison original, considering the parodic purpose of the use.\u0022 Justice Anthony M. Kennedy filed a concurring opinion.\u003C\/p\u003E\n","advocates":[{"advocate":{"ID":17968,"name":"Bruce S. Rogow","href":"https:\/\/api.oyez.org\/people\/bruce_s_rogow","view_count":0,"last_name":"Rogow","roles":null,"thumbnail":null,"length_of_service":0,"identifier":"bruce_s_rogow"},"advocate_description":"Argued the cause for the petitioners","href":"https:\/\/api.oyez.org\/case_advocate\/case_advocate\/16023"},{"advocate":{"ID":41975,"name":"Sidney S. Rosdeitcher","href":"https:\/\/api.oyez.org\/people\/sidney_s_rosdeitcher","view_count":0,"last_name":"Rosdeitcher","roles":null,"thumbnail":null,"length_of_service":0,"identifier":"sidney_s_rosdeitcher"},"advocate_description":"Argued the cause for the respondent","href":"https:\/\/api.oyez.org\/case_advocate\/case_advocate\/16024"}],"oral_argument_audio":[{"id":20514,"title":"Oral Argument - November 09, 1993","public_note":null,"unavailable":null,"display_title":null,"href":"https:\/\/api.oyez.org\/case_media\/oral_argument_audio\/20514"}],"citation":{"volume":"510","page":"569","year":"1994","href":"https:\/\/api.oyez.org\/case_citation\/case_citation\/18108"},"decisions":[{"description":null,"votes":[{"member":{"ID":15045,"name":"Harry A. Blackmun","href":"https:\/\/api.oyez.org\/people\/harry_a_blackmun","view_count":0,"last_name":"Blackmun","roles":[{"id":2689,"type":"scotus_justice","date_start":13755600,"date_end":775890000,"appointing_president":"Richard Nixon","role_title":"Associate Justice of the Supreme Court of the United States","institution_name":"Supreme Court of the United States","href":"https:\/\/api.oyez.org\/preson_role\/scotus_justice\/2689"}],"thumbnail":{"id":32712,"mime":"image\/png","size":50281,"href":"https:\/\/api.oyez.org\/sites\/default\/files\/images\/people\/harry_a_blackmun\/harry_a_blackmun.thumb.png"},"length_of_service":8821,"identifier":"harry_a_blackmun"},"vote":"majority","opinion_type":"none","joining":null,"seniority":2,"ideology":-1.94,"href":"https:\/\/api.oyez.org\/decision_vote\/decision_vote\/168590"},{"member":{"ID":15141,"name":"William H. Rehnquist","href":"https:\/\/api.oyez.org\/people\/william_h_rehnquist","view_count":0,"last_name":"Rehnquist","roles":[{"id":2787,"type":"scotus_justice","date_start":63612000,"date_end":528094800,"appointing_president":"Richard Nixon","role_title":"Associate Justice of the Supreme Court of the United States","institution_name":"Supreme Court of the United States","href":"https:\/\/api.oyez.org\/preson_role\/scotus_justice\/2787"},{"id":2788,"type":"scotus_justice","date_start":528094800,"date_end":1125723600,"appointing_president":"Ronald Reagan","role_title":"Chief Justice of the United States","institution_name":"Supreme Court of the United States","href":"https:\/\/api.oyez.org\/preson_role\/scotus_justice\/2788"}],"thumbnail":{"id":32786,"mime":"image\/png","size":46923,"href":"https:\/\/api.oyez.org\/sites\/default\/files\/images\/people\/william_h_rehnquist\/william_h_rehnquist.thumb.png"},"length_of_service":12293,"identifier":"william_h_rehnquist"},"vote":"majority","opinion_type":"none","joining":null,"seniority":1,"ideology":1.873,"href":"https:\/\/api.oyez.org\/decision_vote\/decision_vote\/168591"},{"member":{"ID":15060,"name":"John Paul Stevens","href":"https:\/\/api.oyez.org\/people\/john_paul_stevens","view_count":0,"last_name":"Stevens","roles":[{"id":2704,"type":"scotus_justice","date_start":188200800,"date_end":1277787600,"appointing_president":"Gerald Ford","role_title":"Associate Justice of the Supreme Court of the United States","institution_name":"Supreme Court of the United States","href":"https:\/\/api.oyez.org\/preson_role\/scotus_justice\/2704"}],"thumbnail":{"id":32732,"mime":"image\/png","size":62101,"href":"https:\/\/api.oyez.org\/sites\/default\/files\/images\/people\/john_paul_stevens\/john_paul_stevens.thumb.png"},"length_of_service":12611,"identifier":"john_paul_stevens"},"vote":"majority","opinion_type":"none","joining":null,"seniority":3,"ideology":-2.599,"href":"https:\/\/api.oyez.org\/decision_vote\/decision_vote\/168592"},{"member":{"ID":15092,"name":"Sandra Day O\u0027Connor","href":"https:\/\/api.oyez.org\/people\/sandra_day_oconnor","view_count":0,"last_name":"O\u0027Connor","roles":[{"id":2736,"type":"scotus_justice","date_start":370242000,"date_end":1138687200,"appointing_president":"Ronald Reagan","role_title":"Associate Justice of the Supreme Court of the United States","institution_name":"Supreme Court of the United States","href":"https:\/\/api.oyez.org\/preson_role\/scotus_justice\/2736"}],"thumbnail":{"id":32763,"mime":"image\/png","size":49563,"href":"https:\/\/api.oyez.org\/sites\/default\/files\/images\/people\/sandra_day_oconnor\/sandra_day_oconnor.thumb.png"},"length_of_service":8894,"identifier":"sandra_day_oconnor"},"vote":"majority","opinion_type":"none","joining":null,"seniority":4,"ideology":1.014,"href":"https:\/\/api.oyez.org\/decision_vote\/decision_vote\/168593"},{"member":{"ID":15049,"name":"Antonin Scalia","href":"https:\/\/api.oyez.org\/people\/antonin_scalia","view_count":0,"last_name":"Scalia","roles":[{"id":2693,"type":"scotus_justice","date_start":528094800,"date_end":1455343200,"appointing_president":"Ronald Reagan","role_title":"Associate Justice of the Supreme Court of the United States","institution_name":"Supreme Court of the United States","href":"https:\/\/api.oyez.org\/preson_role\/scotus_justice\/2693"}],"thumbnail":{"id":32678,"mime":"image\/png","size":58944,"href":"https:\/\/api.oyez.org\/sites\/default\/files\/images\/people\/antonin_scalia\/antonin_scalia.thumb.png"},"length_of_service":10732,"identifier":"antonin_scalia"},"vote":"majority","opinion_type":"none","joining":null,"seniority":5,"ideology":2.661,"href":"https:\/\/api.oyez.org\/decision_vote\/decision_vote\/168594"},{"member":{"ID":15113,"name":"Anthony M. Kennedy","href":"https:\/\/api.oyez.org\/people\/anthony_m_kennedy","view_count":0,"last_name":"Kennedy","roles":[{"id":2757,"type":"scotus_justice","date_start":572162400,"date_end":1533013200,"appointing_president":"Ronald Reagan","role_title":"Associate Justice of the Supreme Court of the United States","institution_name":"Supreme Court of the United States","href":"https:\/\/api.oyez.org\/preson_role\/scotus_justice\/2757"}],"thumbnail":{"id":32679,"mime":"image\/png","size":47100,"href":"https:\/\/api.oyez.org\/sites\/default\/files\/images\/people\/anthony_m_kennedy\/anthony_m_kennedy.thumb.png"},"length_of_service":11121,"identifier":"anthony_m_kennedy"},"vote":"majority","opinion_type":"concurrence","joining":null,"seniority":6,"ideology":0.883,"href":"https:\/\/api.oyez.org\/decision_vote\/decision_vote\/168595"},{"member":{"ID":15042,"name":"David H. Souter","href":"https:\/\/api.oyez.org\/people\/david_h_souter","view_count":0,"last_name":"Souter","roles":[{"id":2686,"type":"scotus_justice","date_start":655362000,"date_end":1246251600,"appointing_president":"George H. W. Bush","role_title":"Associate Justice of the Supreme Court of the United States","institution_name":"Supreme Court of the United States","href":"https:\/\/api.oyez.org\/preson_role\/scotus_justice\/2686"}],"thumbnail":{"id":32703,"mime":"image\/png","size":42141,"href":"https:\/\/api.oyez.org\/sites\/default\/files\/images\/people\/david_h_souter\/david_h_souter.thumb.png"},"length_of_service":6839,"identifier":"david_h_souter"},"vote":"majority","opinion_type":"majority","joining":null,"seniority":7,"ideology":-0.223,"href":"https:\/\/api.oyez.org\/decision_vote\/decision_vote\/168596"},{"member":{"ID":15100,"name":"Clarence Thomas","href":"https:\/\/api.oyez.org\/people\/clarence_thomas","view_count":0,"last_name":"Thomas","roles":[{"id":2744,"type":"scotus_justice","date_start":688194000,"date_end":0,"appointing_president":"George H. W. Bush","role_title":"Associate Justice of the Supreme Court of the United States","institution_name":"Supreme Court of the United States","href":"https:\/\/api.oyez.org\/preson_role\/scotus_justice\/2744"}],"thumbnail":{"id":32680,"mime":"image\/png","size":49064,"href":"https:\/\/api.oyez.org\/sites\/default\/files\/images\/people\/clarence_thomas\/clarence_thomas.thumb.png"},"length_of_service":11156,"identifier":"clarence_thomas"},"vote":"majority","opinion_type":"none","joining":null,"seniority":8,"ideology":3.422,"href":"https:\/\/api.oyez.org\/decision_vote\/decision_vote\/168597"},{"member":{"ID":15084,"name":"Ruth Bader Ginsburg","href":"https:\/\/api.oyez.org\/people\/ruth_bader_ginsburg","view_count":0,"last_name":"Ginsburg","roles":[{"id":2728,"type":"scotus_justice","date_start":744958800,"date_end":1600405200,"appointing_president":"Bill Clinton","role_title":"Associate Justice of the Supreme Court of the United States","institution_name":"Supreme Court of the United States","href":"https:\/\/api.oyez.org\/preson_role\/scotus_justice\/2728"}],"thumbnail":{"id":32681,"mime":"image\/png","size":45030,"href":"https:\/\/api.oyez.org\/sites\/default\/files\/images\/people\/ruth_bader_ginsburg\/ruth_bader_ginsburg.thumb.png"},"length_of_service":9901,"identifier":"ruth_bader_ginsburg"},"vote":"majority","opinion_type":"none","joining":null,"seniority":9,"ideology":-0.202,"href":"https:\/\/api.oyez.org\/decision_vote\/decision_vote\/168598"}],"majority_vote":9,"minority_vote":0,"winning_party":"Campbell","decision_type":"majority opinion","href":"https:\/\/api.oyez.org\/case_decision\/case_decision\/12257"}],"first_party_label":"Petitioner","second_party_label":"Respondent","heard_by":[{"ID":15239,"name":"Rehnquist Court (1993-1994)","href":"https:\/\/api.oyez.org\/courts\/rehnquist9","view_count":0,"members":[{"ID":15141,"name":"William H. Rehnquist","href":"https:\/\/api.oyez.org\/people\/william_h_rehnquist","view_count":0,"last_name":"Rehnquist","roles":[{"id":2787,"type":"scotus_justice","date_start":63612000,"date_end":528094800,"appointing_president":"Richard Nixon","role_title":"Associate Justice of the Supreme Court of the United States","institution_name":"Supreme Court of the United States","href":"https:\/\/api.oyez.org\/preson_role\/scotus_justice\/2787"},{"id":2788,"type":"scotus_justice","date_start":528094800,"date_end":1125723600,"appointing_president":"Ronald Reagan","role_title":"Chief Justice of the United States","institution_name":"Supreme Court of the United States","href":"https:\/\/api.oyez.org\/preson_role\/scotus_justice\/2788"}],"thumbnail":{"id":32786,"mime":"image\/png","size":46923,"href":"https:\/\/api.oyez.org\/sites\/default\/files\/images\/people\/william_h_rehnquist\/william_h_rehnquist.thumb.png"},"length_of_service":12293,"identifier":"william_h_rehnquist"},{"ID":15045,"name":"Harry A. Blackmun","href":"https:\/\/api.oyez.org\/people\/harry_a_blackmun","view_count":0,"last_name":"Blackmun","roles":[{"id":2689,"type":"scotus_justice","date_start":13755600,"date_end":775890000,"appointing_president":"Richard Nixon","role_title":"Associate Justice of the Supreme Court of the United States","institution_name":"Supreme Court of the United States","href":"https:\/\/api.oyez.org\/preson_role\/scotus_justice\/2689"}],"thumbnail":{"id":32712,"mime":"image\/png","size":50281,"href":"https:\/\/api.oyez.org\/sites\/default\/files\/images\/people\/harry_a_blackmun\/harry_a_blackmun.thumb.png"},"length_of_service":8821,"identifier":"harry_a_blackmun"},{"ID":15060,"name":"John Paul Stevens","href":"https:\/\/api.oyez.org\/people\/john_paul_stevens","view_count":0,"last_name":"Stevens","roles":[{"id":2704,"type":"scotus_justice","date_start":188200800,"date_end":1277787600,"appointing_president":"Gerald Ford","role_title":"Associate Justice of the Supreme Court of the United States","institution_name":"Supreme Court of the United States","href":"https:\/\/api.oyez.org\/preson_role\/scotus_justice\/2704"}],"thumbnail":{"id":32732,"mime":"image\/png","size":62101,"href":"https:\/\/api.oyez.org\/sites\/default\/files\/images\/people\/john_paul_stevens\/john_paul_stevens.thumb.png"},"length_of_service":12611,"identifier":"john_paul_stevens"},{"ID":15092,"name":"Sandra Day O\u0027Connor","href":"https:\/\/api.oyez.org\/people\/sandra_day_oconnor","view_count":0,"last_name":"O\u0027Connor","roles":[{"id":2736,"type":"scotus_justice","date_start":370242000,"date_end":1138687200,"appointing_president":"Ronald Reagan","role_title":"Associate Justice of the Supreme Court of the United States","institution_name":"Supreme Court of the United States","href":"https:\/\/api.oyez.org\/preson_role\/scotus_justice\/2736"}],"thumbnail":{"id":32763,"mime":"image\/png","size":49563,"href":"https:\/\/api.oyez.org\/sites\/default\/files\/images\/people\/sandra_day_oconnor\/sandra_day_oconnor.thumb.png"},"length_of_service":8894,"identifier":"sandra_day_oconnor"},{"ID":15049,"name":"Antonin Scalia","href":"https:\/\/api.oyez.org\/people\/antonin_scalia","view_count":0,"last_name":"Scalia","roles":[{"id":2693,"type":"scotus_justice","date_start":528094800,"date_end":1455343200,"appointing_president":"Ronald Reagan","role_title":"Associate Justice of the Supreme Court of the United States","institution_name":"Supreme Court of the United States","href":"https:\/\/api.oyez.org\/preson_role\/scotus_justice\/2693"}],"thumbnail":{"id":32678,"mime":"image\/png","size":58944,"href":"https:\/\/api.oyez.org\/sites\/default\/files\/images\/people\/antonin_scalia\/antonin_scalia.thumb.png"},"length_of_service":10732,"identifier":"antonin_scalia"},{"ID":15113,"name":"Anthony M. Kennedy","href":"https:\/\/api.oyez.org\/people\/anthony_m_kennedy","view_count":0,"last_name":"Kennedy","roles":[{"id":2757,"type":"scotus_justice","date_start":572162400,"date_end":1533013200,"appointing_president":"Ronald Reagan","role_title":"Associate Justice of the Supreme Court of the United States","institution_name":"Supreme Court of the United States","href":"https:\/\/api.oyez.org\/preson_role\/scotus_justice\/2757"}],"thumbnail":{"id":32679,"mime":"image\/png","size":47100,"href":"https:\/\/api.oyez.org\/sites\/default\/files\/images\/people\/anthony_m_kennedy\/anthony_m_kennedy.thumb.png"},"length_of_service":11121,"identifier":"anthony_m_kennedy"},{"ID":15042,"name":"David H. Souter","href":"https:\/\/api.oyez.org\/people\/david_h_souter","view_count":0,"last_name":"Souter","roles":[{"id":2686,"type":"scotus_justice","date_start":655362000,"date_end":1246251600,"appointing_president":"George H. W. Bush","role_title":"Associate Justice of the Supreme Court of the United States","institution_name":"Supreme Court of the United States","href":"https:\/\/api.oyez.org\/preson_role\/scotus_justice\/2686"}],"thumbnail":{"id":32703,"mime":"image\/png","size":42141,"href":"https:\/\/api.oyez.org\/sites\/default\/files\/images\/people\/david_h_souter\/david_h_souter.thumb.png"},"length_of_service":6839,"identifier":"david_h_souter"},{"ID":15100,"name":"Clarence Thomas","href":"https:\/\/api.oyez.org\/people\/clarence_thomas","view_count":0,"last_name":"Thomas","roles":[{"id":2744,"type":"scotus_justice","date_start":688194000,"date_end":0,"appointing_president":"George H. W. Bush","role_title":"Associate Justice of the Supreme Court of the United States","institution_name":"Supreme Court of the United States","href":"https:\/\/api.oyez.org\/preson_role\/scotus_justice\/2744"}],"thumbnail":{"id":32680,"mime":"image\/png","size":49064,"href":"https:\/\/api.oyez.org\/sites\/default\/files\/images\/people\/clarence_thomas\/clarence_thomas.thumb.png"},"length_of_service":11156,"identifier":"clarence_thomas"},{"ID":15084,"name":"Ruth Bader Ginsburg","href":"https:\/\/api.oyez.org\/people\/ruth_bader_ginsburg","view_count":0,"last_name":"Ginsburg","roles":[{"id":2728,"type":"scotus_justice","date_start":744958800,"date_end":1600405200,"appointing_president":"Bill Clinton","role_title":"Associate Justice of the Supreme Court of the United States","institution_name":"Supreme Court of the United States","href":"https:\/\/api.oyez.org\/preson_role\/scotus_justice\/2728"}],"thumbnail":{"id":32681,"mime":"image\/png","size":45030,"href":"https:\/\/api.oyez.org\/sites\/default\/files\/images\/people\/ruth_bader_ginsburg\/ruth_bader_ginsburg.thumb.png"},"length_of_service":9901,"identifier":"ruth_bader_ginsburg"}],"court_start":744958800,"images":[{"id":12252,"mime":"image\/jpeg","size":52756,"href":"https:\/\/api.oyez.org\/sites\/default\/files\/images\/courts\/rehnquist9.jpg"}],"identifier":"rehnquist9"}],"decided_by":{"ID":15239,"name":"Rehnquist Court (1993-1994)","href":"https:\/\/api.oyez.org\/courts\/rehnquist9","view_count":0,"members":[{"ID":15141,"name":"William H. Rehnquist","href":"https:\/\/api.oyez.org\/people\/william_h_rehnquist","view_count":0,"last_name":"Rehnquist","roles":[{"id":2787,"type":"scotus_justice","date_start":63612000,"date_end":528094800,"appointing_president":"Richard Nixon","role_title":"Associate Justice of the Supreme Court of the United States","institution_name":"Supreme Court of the United States","href":"https:\/\/api.oyez.org\/preson_role\/scotus_justice\/2787"},{"id":2788,"type":"scotus_justice","date_start":528094800,"date_end":1125723600,"appointing_president":"Ronald Reagan","role_title":"Chief Justice of the United States","institution_name":"Supreme Court of the United States","href":"https:\/\/api.oyez.org\/preson_role\/scotus_justice\/2788"}],"thumbnail":{"id":32786,"mime":"image\/png","size":46923,"href":"https:\/\/api.oyez.org\/sites\/default\/files\/images\/people\/william_h_rehnquist\/william_h_rehnquist.thumb.png"},"length_of_service":12293,"identifier":"william_h_rehnquist"},{"ID":15045,"name":"Harry A. Blackmun","href":"https:\/\/api.oyez.org\/people\/harry_a_blackmun","view_count":0,"last_name":"Blackmun","roles":[{"id":2689,"type":"scotus_justice","date_start":13755600,"date_end":775890000,"appointing_president":"Richard Nixon","role_title":"Associate Justice of the Supreme Court of the United States","institution_name":"Supreme Court of the United States","href":"https:\/\/api.oyez.org\/preson_role\/scotus_justice\/2689"}],"thumbnail":{"id":32712,"mime":"image\/png","size":50281,"href":"https:\/\/api.oyez.org\/sites\/default\/files\/images\/people\/harry_a_blackmun\/harry_a_blackmun.thumb.png"},"length_of_service":8821,"identifier":"harry_a_blackmun"},{"ID":15060,"name":"John Paul Stevens","href":"https:\/\/api.oyez.org\/people\/john_paul_stevens","view_count":0,"last_name":"Stevens","roles":[{"id":2704,"type":"scotus_justice","date_start":188200800,"date_end":1277787600,"appointing_president":"Gerald Ford","role_title":"Associate Justice of the Supreme Court of the United States","institution_name":"Supreme Court of the United States","href":"https:\/\/api.oyez.org\/preson_role\/scotus_justice\/2704"}],"thumbnail":{"id":32732,"mime":"image\/png","size":62101,"href":"https:\/\/api.oyez.org\/sites\/default\/files\/images\/people\/john_paul_stevens\/john_paul_stevens.thumb.png"},"length_of_service":12611,"identifier":"john_paul_stevens"},{"ID":15092,"name":"Sandra Day O\u0027Connor","href":"https:\/\/api.oyez.org\/people\/sandra_day_oconnor","view_count":0,"last_name":"O\u0027Connor","roles":[{"id":2736,"type":"scotus_justice","date_start":370242000,"date_end":1138687200,"appointing_president":"Ronald Reagan","role_title":"Associate Justice of the Supreme Court of the United States","institution_name":"Supreme Court of the United States","href":"https:\/\/api.oyez.org\/preson_role\/scotus_justice\/2736"}],"thumbnail":{"id":32763,"mime":"image\/png","size":49563,"href":"https:\/\/api.oyez.org\/sites\/default\/files\/images\/people\/sandra_day_oconnor\/sandra_day_oconnor.thumb.png"},"length_of_service":8894,"identifier":"sandra_day_oconnor"},{"ID":15049,"name":"Antonin Scalia","href":"https:\/\/api.oyez.org\/people\/antonin_scalia","view_count":0,"last_name":"Scalia","roles":[{"id":2693,"type":"scotus_justice","date_start":528094800,"date_end":1455343200,"appointing_president":"Ronald Reagan","role_title":"Associate Justice of the Supreme Court of the United States","institution_name":"Supreme Court of the United States","href":"https:\/\/api.oyez.org\/preson_role\/scotus_justice\/2693"}],"thumbnail":{"id":32678,"mime":"image\/png","size":58944,"href":"https:\/\/api.oyez.org\/sites\/default\/files\/images\/people\/antonin_scalia\/antonin_scalia.thumb.png"},"length_of_service":10732,"identifier":"antonin_scalia"},{"ID":15113,"name":"Anthony M. Kennedy","href":"https:\/\/api.oyez.org\/people\/anthony_m_kennedy","view_count":0,"last_name":"Kennedy","roles":[{"id":2757,"type":"scotus_justice","date_start":572162400,"date_end":1533013200,"appointing_president":"Ronald Reagan","role_title":"Associate Justice of the Supreme Court of the United States","institution_name":"Supreme Court of the United States","href":"https:\/\/api.oyez.org\/preson_role\/scotus_justice\/2757"}],"thumbnail":{"id":32679,"mime":"image\/png","size":47100,"href":"https:\/\/api.oyez.org\/sites\/default\/files\/images\/people\/anthony_m_kennedy\/anthony_m_kennedy.thumb.png"},"length_of_service":11121,"identifier":"anthony_m_kennedy"},{"ID":15042,"name":"David H. Souter","href":"https:\/\/api.oyez.org\/people\/david_h_souter","view_count":0,"last_name":"Souter","roles":[{"id":2686,"type":"scotus_justice","date_start":655362000,"date_end":1246251600,"appointing_president":"George H. W. Bush","role_title":"Associate Justice of the Supreme Court of the United States","institution_name":"Supreme Court of the United States","href":"https:\/\/api.oyez.org\/preson_role\/scotus_justice\/2686"}],"thumbnail":{"id":32703,"mime":"image\/png","size":42141,"href":"https:\/\/api.oyez.org\/sites\/default\/files\/images\/people\/david_h_souter\/david_h_souter.thumb.png"},"length_of_service":6839,"identifier":"david_h_souter"},{"ID":15100,"name":"Clarence Thomas","href":"https:\/\/api.oyez.org\/people\/clarence_thomas","view_count":0,"last_name":"Thomas","roles":[{"id":2744,"type":"scotus_justice","date_start":688194000,"date_end":0,"appointing_president":"George H. W. Bush","role_title":"Associate Justice of the Supreme Court of the United States","institution_name":"Supreme Court of the United States","href":"https:\/\/api.oyez.org\/preson_role\/scotus_justice\/2744"}],"thumbnail":{"id":32680,"mime":"image\/png","size":49064,"href":"https:\/\/api.oyez.org\/sites\/default\/files\/images\/people\/clarence_thomas\/clarence_thomas.thumb.png"},"length_of_service":11156,"identifier":"clarence_thomas"},{"ID":15084,"name":"Ruth Bader Ginsburg","href":"https:\/\/api.oyez.org\/people\/ruth_bader_ginsburg","view_count":0,"last_name":"Ginsburg","roles":[{"id":2728,"type":"scotus_justice","date_start":744958800,"date_end":1600405200,"appointing_president":"Bill Clinton","role_title":"Associate Justice of the Supreme Court of the United States","institution_name":"Supreme Court of the United States","href":"https:\/\/api.oyez.org\/preson_role\/scotus_justice\/2728"}],"thumbnail":{"id":32681,"mime":"image\/png","size":45030,"href":"https:\/\/api.oyez.org\/sites\/default\/files\/images\/people\/ruth_bader_ginsburg\/ruth_bader_ginsburg.thumb.png"},"length_of_service":9901,"identifier":"ruth_bader_ginsburg"}],"court_start":744958800,"images":[{"id":12252,"mime":"image\/jpeg","size":52756,"href":"https:\/\/api.oyez.org\/sites\/default\/files\/images\/courts\/rehnquist9.jpg"}],"identifier":"rehnquist9"},"term":"1993","location":null,"opinion_announcement":[{"id":20962,"title":"Opinion Announcement - March 07, 1994","unavailable":null,"href":"https:\/\/api.oyez.org\/case_media\/opinion_announcement_audio\/20962"}],"description":null,"written_opinion":[{"id":4592,"title":"Syllabus","author":null,"type":{"value":"syllabus","label":"Syllabus"},"justia_opinion_id":1959464,"justia_opinion_url":"https:\/\/supreme.justia.com\/cases\/federal\/us\/510\/569\/","judge_full_name":null,"judge_last_name":null,"title_overwrite":null,"href":"https:\/\/api.oyez.org\/case_document\/written_opinion\/4592"},{"id":4593,"title":"View Case","author":null,"type":{"value":"case","label":null},"justia_opinion_id":1959465,"justia_opinion_url":"https:\/\/supreme.justia.com\/cases\/federal\/us\/510\/569\/case.html","judge_full_name":null,"judge_last_name":null,"title_overwrite":null,"href":"https:\/\/api.oyez.org\/case_document\/written_opinion\/4593"}],"related_cases":null,"justia_url":"https:\/\/supreme.justia.com\/cases\/federal\/us\/510\/569\/","argument2_url":null}