{"ID":54856,"name":"United States v. Mead Corporation","href":"https:\/\/api.oyez.org\/cases\/2000\/99-1434","view_count":0,"docket_number":"99-1434","additional_docket_numbers":null,"manner_of_jurisdiction":"Writ of \u003Ci\u003Ecertiorari\u003C\/i\u003E","first_party":"United States","second_party":"Mead Corporation","timeline":[{"event":"Argued","dates":[973663200],"href":"https:\/\/api.oyez.org\/case_timeline\/case_timeline\/38456"},{"event":"Decided","dates":[992840400],"href":"https:\/\/api.oyez.org\/case_timeline\/case_timeline\/38457"}],"lower_court":{"ID":17,"name":"United States Court of Appeals for the Federal Circuit","href":"https:\/\/api.oyez.org\/taxonomy\/term\/17"},"facts_of_the_case":"\u003Cp\u003EUnder the Harmonized Tariff Schedule of the United States, the United States Customs Service is authorized to classify and fix the rate of duty on imports under rules and regulations issued by the Secretary of the Treasury. Under the Secretary\u0027s regulations, any port-of-entry Customs office and the Customs Headquarters Office may issue \u0022ruling letters\u0022 setting tariff classifications for particular imports. The Mead Corporation\u0027s imported \u0022day planners,\u0022 were classified as duty-free until the Customs Headquarters issued a ruling letter classifying them as bound diaries subject to tariff. Subsequently, Mead filed suit in the Court of International Trade. The court granted the Government summary judgment. In reversing, the Court of Appeals found that ruling letters should not be treated like Customs regulations, which receive the highest level of deference, because they are not preceded by notice and comment as under the Administrative Procedure Act, do not carry the force of law, and are not intended to clarify importers\u0027s rights and obligations beyond the specific case. The court gave no deference at all to the ruling letter at issue.\u003C\/p\u003E\n","question":"\u003Cp\u003EDoes a tariff classification ruling by the United States Customs Service deserve judicial deference?\u003C\/p\u003E\n","conclusion":"\u003Cp\u003ENo. In an 8-1 opinion delivered by Justice David H. Souter, the Court held that the \u0022administrative implementation of a particular statutory provision qualifies for [the greatest level of deference accorded under Chevron U.S.A. Inc. v. Natural Resources Defense Council] when it appears that Congress delegated authority to the agency generally to make rules carrying the force of law, and that the agency interpretation claiming deference was promulgated in the exercise of that authority.\u0022 Justice Souter wrote that \u0022a tariff classification has no claim to judicial deference under Chevron, there being no indication that Congress intended such a ruling to carry the force of law, but we hold that under Skidmore v. Swift \u0026amp; Co., the ruling is eligible to claim respect according to its persuasiveness.\u0022\u003C\/p\u003E\n","advocates":[{"advocate":{"ID":29799,"name":"J. Peter Coll, Jr.","href":"https:\/\/api.oyez.org\/people\/j_peter_coll_jr","view_count":0,"last_name":"Coll,","roles":null,"thumbnail":null,"length_of_service":0,"identifier":"j_peter_coll_jr"},"advocate_description":"Argued the cause for the respondent","href":"https:\/\/api.oyez.org\/case_advocate\/case_advocate\/17611"},{"advocate":{"ID":33864,"name":"Kent L. Jones","href":"https:\/\/api.oyez.org\/people\/kent_l_jones","view_count":0,"last_name":"Jones","roles":null,"thumbnail":null,"length_of_service":0,"identifier":"kent_l_jones"},"advocate_description":"Department of Justice, argued the cause for the petitioner","href":"https:\/\/api.oyez.org\/case_advocate\/case_advocate\/17612"}],"oral_argument_audio":[{"id":23122,"title":"Oral Argument - November 08, 2000","public_note":null,"unavailable":null,"display_title":null,"href":"https:\/\/api.oyez.org\/case_media\/oral_argument_audio\/23122"}],"citation":{"volume":"533","page":"218","year":"2001","href":"https:\/\/api.oyez.org\/case_citation\/case_citation\/18785"},"decisions":[{"description":null,"votes":[{"member":{"ID":15141,"name":"William H. Rehnquist","href":"https:\/\/api.oyez.org\/people\/william_h_rehnquist","view_count":0,"last_name":"Rehnquist","roles":[{"id":2787,"type":"scotus_justice","date_start":63612000,"date_end":528094800,"appointing_president":"Richard Nixon","role_title":"Associate Justice of the Supreme Court of the United States","institution_name":"Supreme Court of the United States","href":"https:\/\/api.oyez.org\/preson_role\/scotus_justice\/2787"},{"id":2788,"type":"scotus_justice","date_start":528094800,"date_end":1125723600,"appointing_president":"Ronald Reagan","role_title":"Chief Justice of the United States","institution_name":"Supreme Court of the United States","href":"https:\/\/api.oyez.org\/preson_role\/scotus_justice\/2788"}],"thumbnail":{"id":32786,"mime":"image\/png","size":46923,"href":"https:\/\/api.oyez.org\/sites\/default\/files\/images\/people\/william_h_rehnquist\/william_h_rehnquist.thumb.png"},"length_of_service":12293,"identifier":"william_h_rehnquist"},"vote":"majority","opinion_type":"none","joining":null,"seniority":1,"ideology":1.658,"href":"https:\/\/api.oyez.org\/decision_vote\/decision_vote\/174645"},{"member":{"ID":15060,"name":"John Paul Stevens","href":"https:\/\/api.oyez.org\/people\/john_paul_stevens","view_count":0,"last_name":"Stevens","roles":[{"id":2704,"type":"scotus_justice","date_start":188200800,"date_end":1277787600,"appointing_president":"Gerald Ford","role_title":"Associate Justice of the Supreme Court of the United States","institution_name":"Supreme Court of the United States","href":"https:\/\/api.oyez.org\/preson_role\/scotus_justice\/2704"}],"thumbnail":{"id":32732,"mime":"image\/png","size":62101,"href":"https:\/\/api.oyez.org\/sites\/default\/files\/images\/people\/john_paul_stevens\/john_paul_stevens.thumb.png"},"length_of_service":12611,"identifier":"john_paul_stevens"},"vote":"majority","opinion_type":"none","joining":null,"seniority":2,"ideology":-3.119,"href":"https:\/\/api.oyez.org\/decision_vote\/decision_vote\/174646"},{"member":{"ID":15092,"name":"Sandra Day O\u0027Connor","href":"https:\/\/api.oyez.org\/people\/sandra_day_oconnor","view_count":0,"last_name":"O\u0027Connor","roles":[{"id":2736,"type":"scotus_justice","date_start":370242000,"date_end":1138687200,"appointing_president":"Ronald Reagan","role_title":"Associate Justice of the Supreme Court of the United States","institution_name":"Supreme Court of the United States","href":"https:\/\/api.oyez.org\/preson_role\/scotus_justice\/2736"}],"thumbnail":{"id":32763,"mime":"image\/png","size":49563,"href":"https:\/\/api.oyez.org\/sites\/default\/files\/images\/people\/sandra_day_oconnor\/sandra_day_oconnor.thumb.png"},"length_of_service":8894,"identifier":"sandra_day_oconnor"},"vote":"majority","opinion_type":"none","joining":null,"seniority":3,"ideology":0.585,"href":"https:\/\/api.oyez.org\/decision_vote\/decision_vote\/174647"},{"member":{"ID":15049,"name":"Antonin Scalia","href":"https:\/\/api.oyez.org\/people\/antonin_scalia","view_count":0,"last_name":"Scalia","roles":[{"id":2693,"type":"scotus_justice","date_start":528094800,"date_end":1455343200,"appointing_president":"Ronald Reagan","role_title":"Associate Justice of the Supreme Court of the United States","institution_name":"Supreme Court of the United States","href":"https:\/\/api.oyez.org\/preson_role\/scotus_justice\/2693"}],"thumbnail":{"id":32678,"mime":"image\/png","size":58944,"href":"https:\/\/api.oyez.org\/sites\/default\/files\/images\/people\/antonin_scalia\/antonin_scalia.thumb.png"},"length_of_service":10732,"identifier":"antonin_scalia"},"vote":"minority","opinion_type":"dissent","joining":null,"seniority":4,"ideology":3.465,"href":"https:\/\/api.oyez.org\/decision_vote\/decision_vote\/174648"},{"member":{"ID":15113,"name":"Anthony M. Kennedy","href":"https:\/\/api.oyez.org\/people\/anthony_m_kennedy","view_count":0,"last_name":"Kennedy","roles":[{"id":2757,"type":"scotus_justice","date_start":572162400,"date_end":1533013200,"appointing_president":"Ronald Reagan","role_title":"Associate Justice of the Supreme Court of the United States","institution_name":"Supreme Court of the United States","href":"https:\/\/api.oyez.org\/preson_role\/scotus_justice\/2757"}],"thumbnail":{"id":32679,"mime":"image\/png","size":47100,"href":"https:\/\/api.oyez.org\/sites\/default\/files\/images\/people\/anthony_m_kennedy\/anthony_m_kennedy.thumb.png"},"length_of_service":11121,"identifier":"anthony_m_kennedy"},"vote":"majority","opinion_type":"none","joining":null,"seniority":5,"ideology":0.953,"href":"https:\/\/api.oyez.org\/decision_vote\/decision_vote\/174649"},{"member":{"ID":15042,"name":"David H. Souter","href":"https:\/\/api.oyez.org\/people\/david_h_souter","view_count":0,"last_name":"Souter","roles":[{"id":2686,"type":"scotus_justice","date_start":655362000,"date_end":1246251600,"appointing_president":"George H. W. Bush","role_title":"Associate Justice of the Supreme Court of the United States","institution_name":"Supreme Court of the United States","href":"https:\/\/api.oyez.org\/preson_role\/scotus_justice\/2686"}],"thumbnail":{"id":32703,"mime":"image\/png","size":42141,"href":"https:\/\/api.oyez.org\/sites\/default\/files\/images\/people\/david_h_souter\/david_h_souter.thumb.png"},"length_of_service":6839,"identifier":"david_h_souter"},"vote":"majority","opinion_type":"majority","joining":null,"seniority":6,"ideology":-1.238,"href":"https:\/\/api.oyez.org\/decision_vote\/decision_vote\/174650"},{"member":{"ID":15100,"name":"Clarence Thomas","href":"https:\/\/api.oyez.org\/people\/clarence_thomas","view_count":0,"last_name":"Thomas","roles":[{"id":2744,"type":"scotus_justice","date_start":688194000,"date_end":0,"appointing_president":"George H. W. Bush","role_title":"Associate Justice of the Supreme Court of the United States","institution_name":"Supreme Court of the United States","href":"https:\/\/api.oyez.org\/preson_role\/scotus_justice\/2744"}],"thumbnail":{"id":32680,"mime":"image\/png","size":49064,"href":"https:\/\/api.oyez.org\/sites\/default\/files\/images\/people\/clarence_thomas\/clarence_thomas.thumb.png"},"length_of_service":11156,"identifier":"clarence_thomas"},"vote":"majority","opinion_type":"none","joining":null,"seniority":7,"ideology":3.765,"href":"https:\/\/api.oyez.org\/decision_vote\/decision_vote\/174651"},{"member":{"ID":15084,"name":"Ruth Bader Ginsburg","href":"https:\/\/api.oyez.org\/people\/ruth_bader_ginsburg","view_count":0,"last_name":"Ginsburg","roles":[{"id":2728,"type":"scotus_justice","date_start":744958800,"date_end":1600405200,"appointing_president":"Bill Clinton","role_title":"Associate Justice of the Supreme Court of the United States","institution_name":"Supreme Court of the United States","href":"https:\/\/api.oyez.org\/preson_role\/scotus_justice\/2728"}],"thumbnail":{"id":32681,"mime":"image\/png","size":45030,"href":"https:\/\/api.oyez.org\/sites\/default\/files\/images\/people\/ruth_bader_ginsburg\/ruth_bader_ginsburg.thumb.png"},"length_of_service":9901,"identifier":"ruth_bader_ginsburg"},"vote":"majority","opinion_type":"none","joining":null,"seniority":8,"ideology":-1.533,"href":"https:\/\/api.oyez.org\/decision_vote\/decision_vote\/174652"},{"member":{"ID":15139,"name":"Stephen G. Breyer","href":"https:\/\/api.oyez.org\/people\/stephen_g_breyer","view_count":0,"last_name":"Breyer","roles":[{"id":2785,"type":"scotus_justice","date_start":775890000,"date_end":1656565200,"appointing_president":"Bill Clinton","role_title":"Associate Justice of the Supreme Court of the United States","institution_name":"Supreme Court of the United States","href":"https:\/\/api.oyez.org\/preson_role\/scotus_justice\/2785"}],"thumbnail":{"id":32682,"mime":"image\/png","size":49908,"href":"https:\/\/api.oyez.org\/sites\/default\/files\/images\/people\/stephen_g_breyer\/stephen_g_breyer.thumb.png"},"length_of_service":10193,"identifier":"stephen_g_breyer"},"vote":"majority","opinion_type":"none","joining":null,"seniority":9,"ideology":-1.248,"href":"https:\/\/api.oyez.org\/decision_vote\/decision_vote\/174653"}],"majority_vote":8,"minority_vote":1,"winning_party":null,"decision_type":"majority opinion","href":"https:\/\/api.oyez.org\/case_decision\/case_decision\/12930"}],"first_party_label":"Petitioner","second_party_label":"Respondent","heard_by":[{"ID":15238,"name":"Rehnquist Court (1994-2005)","href":"https:\/\/api.oyez.org\/courts\/rehnquist10","view_count":0,"members":[{"ID":15141,"name":"William H. Rehnquist","href":"https:\/\/api.oyez.org\/people\/william_h_rehnquist","view_count":0,"last_name":"Rehnquist","roles":[{"id":2787,"type":"scotus_justice","date_start":63612000,"date_end":528094800,"appointing_president":"Richard Nixon","role_title":"Associate Justice of the Supreme Court of the United States","institution_name":"Supreme Court of the United States","href":"https:\/\/api.oyez.org\/preson_role\/scotus_justice\/2787"},{"id":2788,"type":"scotus_justice","date_start":528094800,"date_end":1125723600,"appointing_president":"Ronald Reagan","role_title":"Chief Justice of the United States","institution_name":"Supreme Court of the United States","href":"https:\/\/api.oyez.org\/preson_role\/scotus_justice\/2788"}],"thumbnail":{"id":32786,"mime":"image\/png","size":46923,"href":"https:\/\/api.oyez.org\/sites\/default\/files\/images\/people\/william_h_rehnquist\/william_h_rehnquist.thumb.png"},"length_of_service":12293,"identifier":"william_h_rehnquist"},{"ID":15060,"name":"John Paul Stevens","href":"https:\/\/api.oyez.org\/people\/john_paul_stevens","view_count":0,"last_name":"Stevens","roles":[{"id":2704,"type":"scotus_justice","date_start":188200800,"date_end":1277787600,"appointing_president":"Gerald Ford","role_title":"Associate Justice of the Supreme Court of the United States","institution_name":"Supreme Court of the United States","href":"https:\/\/api.oyez.org\/preson_role\/scotus_justice\/2704"}],"thumbnail":{"id":32732,"mime":"image\/png","size":62101,"href":"https:\/\/api.oyez.org\/sites\/default\/files\/images\/people\/john_paul_stevens\/john_paul_stevens.thumb.png"},"length_of_service":12611,"identifier":"john_paul_stevens"},{"ID":15092,"name":"Sandra Day O\u0027Connor","href":"https:\/\/api.oyez.org\/people\/sandra_day_oconnor","view_count":0,"last_name":"O\u0027Connor","roles":[{"id":2736,"type":"scotus_justice","date_start":370242000,"date_end":1138687200,"appointing_president":"Ronald Reagan","role_title":"Associate Justice of the Supreme Court of the United States","institution_name":"Supreme Court of the United States","href":"https:\/\/api.oyez.org\/preson_role\/scotus_justice\/2736"}],"thumbnail":{"id":32763,"mime":"image\/png","size":49563,"href":"https:\/\/api.oyez.org\/sites\/default\/files\/images\/people\/sandra_day_oconnor\/sandra_day_oconnor.thumb.png"},"length_of_service":8894,"identifier":"sandra_day_oconnor"},{"ID":15049,"name":"Antonin Scalia","href":"https:\/\/api.oyez.org\/people\/antonin_scalia","view_count":0,"last_name":"Scalia","roles":[{"id":2693,"type":"scotus_justice","date_start":528094800,"date_end":1455343200,"appointing_president":"Ronald Reagan","role_title":"Associate Justice of the Supreme Court of the United States","institution_name":"Supreme Court of the United States","href":"https:\/\/api.oyez.org\/preson_role\/scotus_justice\/2693"}],"thumbnail":{"id":32678,"mime":"image\/png","size":58944,"href":"https:\/\/api.oyez.org\/sites\/default\/files\/images\/people\/antonin_scalia\/antonin_scalia.thumb.png"},"length_of_service":10732,"identifier":"antonin_scalia"},{"ID":15113,"name":"Anthony M. Kennedy","href":"https:\/\/api.oyez.org\/people\/anthony_m_kennedy","view_count":0,"last_name":"Kennedy","roles":[{"id":2757,"type":"scotus_justice","date_start":572162400,"date_end":1533013200,"appointing_president":"Ronald Reagan","role_title":"Associate Justice of the Supreme Court of the United States","institution_name":"Supreme Court of the United States","href":"https:\/\/api.oyez.org\/preson_role\/scotus_justice\/2757"}],"thumbnail":{"id":32679,"mime":"image\/png","size":47100,"href":"https:\/\/api.oyez.org\/sites\/default\/files\/images\/people\/anthony_m_kennedy\/anthony_m_kennedy.thumb.png"},"length_of_service":11121,"identifier":"anthony_m_kennedy"},{"ID":15042,"name":"David H. Souter","href":"https:\/\/api.oyez.org\/people\/david_h_souter","view_count":0,"last_name":"Souter","roles":[{"id":2686,"type":"scotus_justice","date_start":655362000,"date_end":1246251600,"appointing_president":"George H. W. Bush","role_title":"Associate Justice of the Supreme Court of the United States","institution_name":"Supreme Court of the United States","href":"https:\/\/api.oyez.org\/preson_role\/scotus_justice\/2686"}],"thumbnail":{"id":32703,"mime":"image\/png","size":42141,"href":"https:\/\/api.oyez.org\/sites\/default\/files\/images\/people\/david_h_souter\/david_h_souter.thumb.png"},"length_of_service":6839,"identifier":"david_h_souter"},{"ID":15100,"name":"Clarence Thomas","href":"https:\/\/api.oyez.org\/people\/clarence_thomas","view_count":0,"last_name":"Thomas","roles":[{"id":2744,"type":"scotus_justice","date_start":688194000,"date_end":0,"appointing_president":"George H. W. Bush","role_title":"Associate Justice of the Supreme Court of the United States","institution_name":"Supreme Court of the United States","href":"https:\/\/api.oyez.org\/preson_role\/scotus_justice\/2744"}],"thumbnail":{"id":32680,"mime":"image\/png","size":49064,"href":"https:\/\/api.oyez.org\/sites\/default\/files\/images\/people\/clarence_thomas\/clarence_thomas.thumb.png"},"length_of_service":11156,"identifier":"clarence_thomas"},{"ID":15084,"name":"Ruth Bader Ginsburg","href":"https:\/\/api.oyez.org\/people\/ruth_bader_ginsburg","view_count":0,"last_name":"Ginsburg","roles":[{"id":2728,"type":"scotus_justice","date_start":744958800,"date_end":1600405200,"appointing_president":"Bill Clinton","role_title":"Associate Justice of the Supreme Court of the United States","institution_name":"Supreme Court of the United States","href":"https:\/\/api.oyez.org\/preson_role\/scotus_justice\/2728"}],"thumbnail":{"id":32681,"mime":"image\/png","size":45030,"href":"https:\/\/api.oyez.org\/sites\/default\/files\/images\/people\/ruth_bader_ginsburg\/ruth_bader_ginsburg.thumb.png"},"length_of_service":9901,"identifier":"ruth_bader_ginsburg"},{"ID":15139,"name":"Stephen G. Breyer","href":"https:\/\/api.oyez.org\/people\/stephen_g_breyer","view_count":0,"last_name":"Breyer","roles":[{"id":2785,"type":"scotus_justice","date_start":775890000,"date_end":1656565200,"appointing_president":"Bill Clinton","role_title":"Associate Justice of the Supreme Court of the United States","institution_name":"Supreme Court of the United States","href":"https:\/\/api.oyez.org\/preson_role\/scotus_justice\/2785"}],"thumbnail":{"id":32682,"mime":"image\/png","size":49908,"href":"https:\/\/api.oyez.org\/sites\/default\/files\/images\/people\/stephen_g_breyer\/stephen_g_breyer.thumb.png"},"length_of_service":10193,"identifier":"stephen_g_breyer"}],"court_start":775890000,"images":[{"id":78530,"mime":"image\/jpeg","size":1115948,"href":"https:\/\/api.oyez.org\/sites\/default\/files\/images\/courts\/rehnquist10.jpg"}],"identifier":"rehnquist10"}],"decided_by":{"ID":15238,"name":"Rehnquist Court (1994-2005)","href":"https:\/\/api.oyez.org\/courts\/rehnquist10","view_count":0,"members":[{"ID":15141,"name":"William H. Rehnquist","href":"https:\/\/api.oyez.org\/people\/william_h_rehnquist","view_count":0,"last_name":"Rehnquist","roles":[{"id":2787,"type":"scotus_justice","date_start":63612000,"date_end":528094800,"appointing_president":"Richard Nixon","role_title":"Associate Justice of the Supreme Court of the United States","institution_name":"Supreme Court of the United States","href":"https:\/\/api.oyez.org\/preson_role\/scotus_justice\/2787"},{"id":2788,"type":"scotus_justice","date_start":528094800,"date_end":1125723600,"appointing_president":"Ronald Reagan","role_title":"Chief Justice of the United States","institution_name":"Supreme Court of the United States","href":"https:\/\/api.oyez.org\/preson_role\/scotus_justice\/2788"}],"thumbnail":{"id":32786,"mime":"image\/png","size":46923,"href":"https:\/\/api.oyez.org\/sites\/default\/files\/images\/people\/william_h_rehnquist\/william_h_rehnquist.thumb.png"},"length_of_service":12293,"identifier":"william_h_rehnquist"},{"ID":15060,"name":"John Paul Stevens","href":"https:\/\/api.oyez.org\/people\/john_paul_stevens","view_count":0,"last_name":"Stevens","roles":[{"id":2704,"type":"scotus_justice","date_start":188200800,"date_end":1277787600,"appointing_president":"Gerald Ford","role_title":"Associate Justice of the Supreme Court of the United States","institution_name":"Supreme Court of the United States","href":"https:\/\/api.oyez.org\/preson_role\/scotus_justice\/2704"}],"thumbnail":{"id":32732,"mime":"image\/png","size":62101,"href":"https:\/\/api.oyez.org\/sites\/default\/files\/images\/people\/john_paul_stevens\/john_paul_stevens.thumb.png"},"length_of_service":12611,"identifier":"john_paul_stevens"},{"ID":15092,"name":"Sandra Day O\u0027Connor","href":"https:\/\/api.oyez.org\/people\/sandra_day_oconnor","view_count":0,"last_name":"O\u0027Connor","roles":[{"id":2736,"type":"scotus_justice","date_start":370242000,"date_end":1138687200,"appointing_president":"Ronald Reagan","role_title":"Associate Justice of the Supreme Court of the United States","institution_name":"Supreme Court of the United States","href":"https:\/\/api.oyez.org\/preson_role\/scotus_justice\/2736"}],"thumbnail":{"id":32763,"mime":"image\/png","size":49563,"href":"https:\/\/api.oyez.org\/sites\/default\/files\/images\/people\/sandra_day_oconnor\/sandra_day_oconnor.thumb.png"},"length_of_service":8894,"identifier":"sandra_day_oconnor"},{"ID":15049,"name":"Antonin Scalia","href":"https:\/\/api.oyez.org\/people\/antonin_scalia","view_count":0,"last_name":"Scalia","roles":[{"id":2693,"type":"scotus_justice","date_start":528094800,"date_end":1455343200,"appointing_president":"Ronald Reagan","role_title":"Associate Justice of the Supreme Court of the United States","institution_name":"Supreme Court of the United States","href":"https:\/\/api.oyez.org\/preson_role\/scotus_justice\/2693"}],"thumbnail":{"id":32678,"mime":"image\/png","size":58944,"href":"https:\/\/api.oyez.org\/sites\/default\/files\/images\/people\/antonin_scalia\/antonin_scalia.thumb.png"},"length_of_service":10732,"identifier":"antonin_scalia"},{"ID":15113,"name":"Anthony M. Kennedy","href":"https:\/\/api.oyez.org\/people\/anthony_m_kennedy","view_count":0,"last_name":"Kennedy","roles":[{"id":2757,"type":"scotus_justice","date_start":572162400,"date_end":1533013200,"appointing_president":"Ronald Reagan","role_title":"Associate Justice of the Supreme Court of the United States","institution_name":"Supreme Court of the United States","href":"https:\/\/api.oyez.org\/preson_role\/scotus_justice\/2757"}],"thumbnail":{"id":32679,"mime":"image\/png","size":47100,"href":"https:\/\/api.oyez.org\/sites\/default\/files\/images\/people\/anthony_m_kennedy\/anthony_m_kennedy.thumb.png"},"length_of_service":11121,"identifier":"anthony_m_kennedy"},{"ID":15042,"name":"David H. Souter","href":"https:\/\/api.oyez.org\/people\/david_h_souter","view_count":0,"last_name":"Souter","roles":[{"id":2686,"type":"scotus_justice","date_start":655362000,"date_end":1246251600,"appointing_president":"George H. W. Bush","role_title":"Associate Justice of the Supreme Court of the United States","institution_name":"Supreme Court of the United States","href":"https:\/\/api.oyez.org\/preson_role\/scotus_justice\/2686"}],"thumbnail":{"id":32703,"mime":"image\/png","size":42141,"href":"https:\/\/api.oyez.org\/sites\/default\/files\/images\/people\/david_h_souter\/david_h_souter.thumb.png"},"length_of_service":6839,"identifier":"david_h_souter"},{"ID":15100,"name":"Clarence Thomas","href":"https:\/\/api.oyez.org\/people\/clarence_thomas","view_count":0,"last_name":"Thomas","roles":[{"id":2744,"type":"scotus_justice","date_start":688194000,"date_end":0,"appointing_president":"George H. W. Bush","role_title":"Associate Justice of the Supreme Court of the United States","institution_name":"Supreme Court of the United States","href":"https:\/\/api.oyez.org\/preson_role\/scotus_justice\/2744"}],"thumbnail":{"id":32680,"mime":"image\/png","size":49064,"href":"https:\/\/api.oyez.org\/sites\/default\/files\/images\/people\/clarence_thomas\/clarence_thomas.thumb.png"},"length_of_service":11156,"identifier":"clarence_thomas"},{"ID":15084,"name":"Ruth Bader Ginsburg","href":"https:\/\/api.oyez.org\/people\/ruth_bader_ginsburg","view_count":0,"last_name":"Ginsburg","roles":[{"id":2728,"type":"scotus_justice","date_start":744958800,"date_end":1600405200,"appointing_president":"Bill Clinton","role_title":"Associate Justice of the Supreme Court of the United States","institution_name":"Supreme Court of the United States","href":"https:\/\/api.oyez.org\/preson_role\/scotus_justice\/2728"}],"thumbnail":{"id":32681,"mime":"image\/png","size":45030,"href":"https:\/\/api.oyez.org\/sites\/default\/files\/images\/people\/ruth_bader_ginsburg\/ruth_bader_ginsburg.thumb.png"},"length_of_service":9901,"identifier":"ruth_bader_ginsburg"},{"ID":15139,"name":"Stephen G. Breyer","href":"https:\/\/api.oyez.org\/people\/stephen_g_breyer","view_count":0,"last_name":"Breyer","roles":[{"id":2785,"type":"scotus_justice","date_start":775890000,"date_end":1656565200,"appointing_president":"Bill Clinton","role_title":"Associate Justice of the Supreme Court of the United States","institution_name":"Supreme Court of the United States","href":"https:\/\/api.oyez.org\/preson_role\/scotus_justice\/2785"}],"thumbnail":{"id":32682,"mime":"image\/png","size":49908,"href":"https:\/\/api.oyez.org\/sites\/default\/files\/images\/people\/stephen_g_breyer\/stephen_g_breyer.thumb.png"},"length_of_service":10193,"identifier":"stephen_g_breyer"}],"court_start":775890000,"images":[{"id":78530,"mime":"image\/jpeg","size":1115948,"href":"https:\/\/api.oyez.org\/sites\/default\/files\/images\/courts\/rehnquist10.jpg"}],"identifier":"rehnquist10"},"term":"2000","location":null,"opinion_announcement":[{"id":22220,"title":"Opinion Announcement - June 18, 2001","unavailable":null,"href":"https:\/\/api.oyez.org\/case_media\/opinion_announcement_audio\/22220"}],"description":null,"written_opinion":[{"id":3310,"title":"Syllabus","author":null,"type":{"value":"syllabus","label":"Syllabus"},"justia_opinion_id":1960950,"justia_opinion_url":"https:\/\/supreme.justia.com\/cases\/federal\/us\/533\/218\/","judge_full_name":null,"judge_last_name":null,"title_overwrite":null,"href":"https:\/\/api.oyez.org\/case_document\/written_opinion\/3310"},{"id":3311,"title":"View Case","author":null,"type":{"value":"case","label":null},"justia_opinion_id":1960951,"justia_opinion_url":"https:\/\/supreme.justia.com\/cases\/federal\/us\/533\/218\/case.html","judge_full_name":null,"judge_last_name":null,"title_overwrite":null,"href":"https:\/\/api.oyez.org\/case_document\/written_opinion\/3311"}],"related_cases":null,"justia_url":"https:\/\/supreme.justia.com\/cases\/federal\/us\/533\/218\/","argument2_url":null}