{"ID":55813,"name":"FAA v. Cooper","href":"https:\/\/api.oyez.org\/cases\/2011\/10-1024","view_count":0,"docket_number":"10-1024","additional_docket_numbers":null,"manner_of_jurisdiction":"Writ of \u003Ci\u003Ecertiorari\u003C\/i\u003E","first_party":"Federal Aviation Administration","second_party":"Stanmore Cooper","timeline":[{"event":"Granted","dates":[1308546000],"href":"https:\/\/api.oyez.org\/case_timeline\/case_timeline\/40822"},{"event":"Argued","dates":[1322632800],"href":"https:\/\/api.oyez.org\/case_timeline\/case_timeline\/40823"},{"event":"Decided","dates":[1332910800],"href":"https:\/\/api.oyez.org\/case_timeline\/case_timeline\/40824"}],"lower_court":{"ID":5,"name":"United States Court of Appeals for the Ninth Circuit","href":"https:\/\/api.oyez.org\/taxonomy\/term\/5"},"facts_of_the_case":"\u003Cp\u003EIn 2006, pilot Stanmore Cooper disclosed that he was HIV-positive to Social Security officials in order to receive medical benefits but withheld his status from the Federal Aviation Administration. But the Social Security Administration then turned over his medical records to the FAA, which revoked his license. Cooper filed suit against the agency for emotional distress for mishandling his medical records. The U.S. Court of Appeals for the Ninth Circuit ruled that the exchange of records was improper and that Cooper has standing to sue.\u003C\/p\u003E\n","question":"\u003Cp\u003EDoes the Privacy Act\u0027s \u0022actual damages\u0022 provision cover mental and emotional distress?\u003C\/p\u003E\n","conclusion":"\u003Cp\u003ENo. In a 5-3 decision written by Justice Samuel Alito, the Court held that the Privacy Act\u0027s \u0022actual damages\u0022 provision only allowed Cooper to recover for proven pecuniary or economic harm. Justice Alito cited the Court\u0027s rule that legislatures must unequivocally express waivers of sovereign immunity, and that any ambiguities in the statutory text must be construed in favor of immunity. He investigated the use of the term \u0022actual damages\u0022 in various federal statutes, determining that it does not have a consistent legal meaning. Justice Alito inferred that congress may have intended \u0022actual damages\u0022 to refer to pecuniary damages; under this interpretation, Privacy Act victims would have to show pecuniary loss or be barred from recovery. He also noted that congress did not make a separate Privacy Act provision for \u0022general damages,\u0022 often defined as non-pecuniary damages.\u003C\/p\u003E\n\u003Cp\u003EJustice Sonia Sotomayor dissented, joined by Justices Ruth Bader Ginsburg and Stephen Breyer. She rejected the majority\u0027s strict interpretation of the sovereign immunity canon and argued that the traditional tools of statutory interpretation provided a better explanation of congress\u0027 intent. Looking to the text, to prominent secondary source definitions, and to the historical context of the act, Justice Sotomayor determined that congress intended \u0022actual damages\u0022 to be synonymous with compensatory damages, which are not limited to pecuniary damages; it used the term \u0022actual damages\u0022 to limit recovery to damages proven by evidence on record.\u003C\/p\u003E\n\u003Cp\u003EJustice Elena Kagan took no part in the consideration or decision of the case.\u003C\/p\u003E\n","advocates":[{"advocate":{"ID":22289,"name":"Eric J. Feigin","href":"https:\/\/api.oyez.org\/people\/eric_j_feigin","view_count":0,"last_name":"Feigin","roles":null,"thumbnail":null,"length_of_service":0,"identifier":"eric_j_feigin"},"advocate_description":"Assistant to the Solicitor General, Department of Justice, for the petitioners","href":"https:\/\/api.oyez.org\/case_advocate\/case_advocate\/20262"},{"advocate":{"ID":38913,"name":"Raymond A. Cardozo","href":"https:\/\/api.oyez.org\/people\/raymond_cardozo","view_count":0,"last_name":"Cardozo","roles":null,"thumbnail":null,"length_of_service":0,"identifier":"raymond_cardozo"},"advocate_description":"for the respondent","href":"https:\/\/api.oyez.org\/case_advocate\/case_advocate\/20263"}],"oral_argument_audio":[{"id":22565,"title":"Oral Argument - November 30, 2011","public_note":null,"unavailable":null,"display_title":null,"href":"https:\/\/api.oyez.org\/case_media\/oral_argument_audio\/22565"}],"citation":{"volume":"566","page":null,"year":"2012","href":"https:\/\/api.oyez.org\/case_citation\/case_citation\/19735"},"decisions":[{"description":null,"votes":[{"member":{"ID":15086,"name":"John G. Roberts, Jr.","href":"https:\/\/api.oyez.org\/people\/john_g_roberts_jr","view_count":0,"last_name":"Roberts","roles":[{"id":2730,"type":"scotus_justice","date_start":1127970000,"date_end":0,"appointing_president":"George W. Bush","role_title":"Chief Justice of the United States","institution_name":"Supreme Court of the United States","href":"https:\/\/api.oyez.org\/preson_role\/scotus_justice\/2730"}],"thumbnail":{"id":32683,"mime":"image\/png","size":52305,"href":"https:\/\/api.oyez.org\/sites\/default\/files\/images\/people\/john_g_roberts_jr\/john_g_roberts_jr.thumb.png"},"length_of_service":6119,"identifier":"john_g_roberts_jr"},"vote":"majority","opinion_type":"none","joining":null,"seniority":1,"ideology":1.2,"href":"https:\/\/api.oyez.org\/decision_vote\/decision_vote\/182494"},{"member":{"ID":15049,"name":"Antonin Scalia","href":"https:\/\/api.oyez.org\/people\/antonin_scalia","view_count":0,"last_name":"Scalia","roles":[{"id":2693,"type":"scotus_justice","date_start":528094800,"date_end":1455343200,"appointing_president":"Ronald Reagan","role_title":"Associate Justice of the Supreme Court of the United States","institution_name":"Supreme Court of the United States","href":"https:\/\/api.oyez.org\/preson_role\/scotus_justice\/2693"}],"thumbnail":{"id":32678,"mime":"image\/png","size":58944,"href":"https:\/\/api.oyez.org\/sites\/default\/files\/images\/people\/antonin_scalia\/antonin_scalia.thumb.png"},"length_of_service":10732,"identifier":"antonin_scalia"},"vote":"majority","opinion_type":"none","joining":null,"seniority":2,"ideology":2.041,"href":"https:\/\/api.oyez.org\/decision_vote\/decision_vote\/182495"},{"member":{"ID":15113,"name":"Anthony M. Kennedy","href":"https:\/\/api.oyez.org\/people\/anthony_m_kennedy","view_count":0,"last_name":"Kennedy","roles":[{"id":2757,"type":"scotus_justice","date_start":572162400,"date_end":1533013200,"appointing_president":"Ronald Reagan","role_title":"Associate Justice of the Supreme Court of the United States","institution_name":"Supreme Court of the United States","href":"https:\/\/api.oyez.org\/preson_role\/scotus_justice\/2757"}],"thumbnail":{"id":32679,"mime":"image\/png","size":47100,"href":"https:\/\/api.oyez.org\/sites\/default\/files\/images\/people\/anthony_m_kennedy\/anthony_m_kennedy.thumb.png"},"length_of_service":11121,"identifier":"anthony_m_kennedy"},"vote":"majority","opinion_type":"none","joining":null,"seniority":3,"ideology":0.3,"href":"https:\/\/api.oyez.org\/decision_vote\/decision_vote\/182496"},{"member":{"ID":15100,"name":"Clarence Thomas","href":"https:\/\/api.oyez.org\/people\/clarence_thomas","view_count":0,"last_name":"Thomas","roles":[{"id":2744,"type":"scotus_justice","date_start":688194000,"date_end":0,"appointing_president":"George H. W. Bush","role_title":"Associate Justice of the Supreme Court of the United States","institution_name":"Supreme Court of the United States","href":"https:\/\/api.oyez.org\/preson_role\/scotus_justice\/2744"}],"thumbnail":{"id":32680,"mime":"image\/png","size":49064,"href":"https:\/\/api.oyez.org\/sites\/default\/files\/images\/people\/clarence_thomas\/clarence_thomas.thumb.png"},"length_of_service":11156,"identifier":"clarence_thomas"},"vote":"majority","opinion_type":"none","joining":null,"seniority":4,"ideology":3.186,"href":"https:\/\/api.oyez.org\/decision_vote\/decision_vote\/182497"},{"member":{"ID":15084,"name":"Ruth Bader Ginsburg","href":"https:\/\/api.oyez.org\/people\/ruth_bader_ginsburg","view_count":0,"last_name":"Ginsburg","roles":[{"id":2728,"type":"scotus_justice","date_start":744958800,"date_end":1600405200,"appointing_president":"Bill Clinton","role_title":"Associate Justice of the Supreme Court of the United States","institution_name":"Supreme Court of the United States","href":"https:\/\/api.oyez.org\/preson_role\/scotus_justice\/2728"}],"thumbnail":{"id":32681,"mime":"image\/png","size":45030,"href":"https:\/\/api.oyez.org\/sites\/default\/files\/images\/people\/ruth_bader_ginsburg\/ruth_bader_ginsburg.thumb.png"},"length_of_service":9901,"identifier":"ruth_bader_ginsburg"},"vote":"minority","opinion_type":"none","joining":[{"ID":15131,"name":"Sonia Sotomayor","href":"https:\/\/api.oyez.org\/people\/sonia_sotomayor","view_count":0,"last_name":"Sotomayor","roles":[{"id":2776,"type":"scotus_justice","date_start":1249707600,"date_end":0,"appointing_president":"Barack Obama","role_title":"Associate Justice of the Supreme Court of the United States","institution_name":"Supreme Court of the United States","href":"https:\/\/api.oyez.org\/preson_role\/scotus_justice\/2776"}],"thumbnail":{"id":32685,"mime":"image\/png","size":50379,"href":"https:\/\/api.oyez.org\/sites\/default\/files\/images\/people\/sonia_sotomayor\/sonia_sotomayor.thumb.png"},"length_of_service":4710,"identifier":"sonia_sotomayor"}],"seniority":5,"ideology":-2.357,"href":"https:\/\/api.oyez.org\/decision_vote\/decision_vote\/182498"},{"member":{"ID":15139,"name":"Stephen G. Breyer","href":"https:\/\/api.oyez.org\/people\/stephen_g_breyer","view_count":0,"last_name":"Breyer","roles":[{"id":2785,"type":"scotus_justice","date_start":775890000,"date_end":1656565200,"appointing_president":"Bill Clinton","role_title":"Associate Justice of the Supreme Court of the United States","institution_name":"Supreme Court of the United States","href":"https:\/\/api.oyez.org\/preson_role\/scotus_justice\/2785"}],"thumbnail":{"id":32682,"mime":"image\/png","size":49908,"href":"https:\/\/api.oyez.org\/sites\/default\/files\/images\/people\/stephen_g_breyer\/stephen_g_breyer.thumb.png"},"length_of_service":10193,"identifier":"stephen_g_breyer"},"vote":"minority","opinion_type":"none","joining":[{"ID":15131,"name":"Sonia Sotomayor","href":"https:\/\/api.oyez.org\/people\/sonia_sotomayor","view_count":0,"last_name":"Sotomayor","roles":[{"id":2776,"type":"scotus_justice","date_start":1249707600,"date_end":0,"appointing_president":"Barack Obama","role_title":"Associate Justice of the Supreme Court of the United States","institution_name":"Supreme Court of the United States","href":"https:\/\/api.oyez.org\/preson_role\/scotus_justice\/2776"}],"thumbnail":{"id":32685,"mime":"image\/png","size":50379,"href":"https:\/\/api.oyez.org\/sites\/default\/files\/images\/people\/sonia_sotomayor\/sonia_sotomayor.thumb.png"},"length_of_service":4710,"identifier":"sonia_sotomayor"}],"seniority":6,"ideology":-1.387,"href":"https:\/\/api.oyez.org\/decision_vote\/decision_vote\/182499"},{"member":{"ID":15068,"name":"Samuel A. Alito, Jr.","href":"https:\/\/api.oyez.org\/people\/samuel_a_alito_jr","view_count":0,"last_name":"Alito","roles":[{"id":2712,"type":"scotus_justice","date_start":1138687200,"date_end":0,"appointing_president":"George W. Bush","role_title":"Associate Justice of the Supreme Court of the United States","institution_name":"Supreme Court of the United States","href":"https:\/\/api.oyez.org\/preson_role\/scotus_justice\/2712"}],"thumbnail":{"id":32684,"mime":"image\/png","size":44799,"href":"https:\/\/api.oyez.org\/sites\/default\/files\/images\/people\/samuel_alito_jr\/samuel_alito_jr.thumb.png"},"length_of_service":5908,"identifier":"samuel_a_alito_jr"},"vote":"majority","opinion_type":"majority","joining":null,"seniority":7,"ideology":1.996,"href":"https:\/\/api.oyez.org\/decision_vote\/decision_vote\/182500"},{"member":{"ID":15131,"name":"Sonia Sotomayor","href":"https:\/\/api.oyez.org\/people\/sonia_sotomayor","view_count":0,"last_name":"Sotomayor","roles":[{"id":2776,"type":"scotus_justice","date_start":1249707600,"date_end":0,"appointing_president":"Barack Obama","role_title":"Associate Justice of the Supreme Court of the United States","institution_name":"Supreme Court of the United States","href":"https:\/\/api.oyez.org\/preson_role\/scotus_justice\/2776"}],"thumbnail":{"id":32685,"mime":"image\/png","size":50379,"href":"https:\/\/api.oyez.org\/sites\/default\/files\/images\/people\/sonia_sotomayor\/sonia_sotomayor.thumb.png"},"length_of_service":4710,"identifier":"sonia_sotomayor"},"vote":"minority","opinion_type":"dissent","joining":null,"seniority":8,"ideology":-1.824,"href":"https:\/\/api.oyez.org\/decision_vote\/decision_vote\/182501"},{"member":{"ID":15094,"name":"Elena Kagan","href":"https:\/\/api.oyez.org\/people\/elena_kagan","view_count":0,"last_name":"Kagan","roles":[{"id":2738,"type":"scotus_justice","date_start":1281157200,"date_end":0,"appointing_president":"Barack Obama","role_title":"Associate Justice of the Supreme Court of the United States","institution_name":"Supreme Court of the United States","href":"https:\/\/api.oyez.org\/preson_role\/scotus_justice\/2738"}],"thumbnail":{"id":32690,"mime":"image\/png","size":44456,"href":"https:\/\/api.oyez.org\/sites\/default\/files\/images\/people\/elena_kagan\/elena_kagan.thumb.png"},"length_of_service":4259,"identifier":"elena_kagan"},"vote":"none","opinion_type":"none","joining":null,"seniority":9,"ideology":-1.415,"href":"https:\/\/api.oyez.org\/decision_vote\/decision_vote\/182502"}],"majority_vote":5,"minority_vote":3,"winning_party":"Federal Aviation Administration","decision_type":"majority opinion","href":"https:\/\/api.oyez.org\/case_decision\/case_decision\/13803"}],"first_party_label":"Petitioner","second_party_label":"Respondent","heard_by":[{"ID":15151,"name":"Roberts Court (2010-2016)","href":"https:\/\/api.oyez.org\/courts\/roberts6","view_count":0,"members":[{"ID":15086,"name":"John G. Roberts, Jr.","href":"https:\/\/api.oyez.org\/people\/john_g_roberts_jr","view_count":0,"last_name":"Roberts","roles":[{"id":2730,"type":"scotus_justice","date_start":1127970000,"date_end":0,"appointing_president":"George W. Bush","role_title":"Chief Justice of the United States","institution_name":"Supreme Court of the United States","href":"https:\/\/api.oyez.org\/preson_role\/scotus_justice\/2730"}],"thumbnail":{"id":32683,"mime":"image\/png","size":52305,"href":"https:\/\/api.oyez.org\/sites\/default\/files\/images\/people\/john_g_roberts_jr\/john_g_roberts_jr.thumb.png"},"length_of_service":6119,"identifier":"john_g_roberts_jr"},{"ID":15049,"name":"Antonin Scalia","href":"https:\/\/api.oyez.org\/people\/antonin_scalia","view_count":0,"last_name":"Scalia","roles":[{"id":2693,"type":"scotus_justice","date_start":528094800,"date_end":1455343200,"appointing_president":"Ronald Reagan","role_title":"Associate Justice of the Supreme Court of the United States","institution_name":"Supreme Court of the United States","href":"https:\/\/api.oyez.org\/preson_role\/scotus_justice\/2693"}],"thumbnail":{"id":32678,"mime":"image\/png","size":58944,"href":"https:\/\/api.oyez.org\/sites\/default\/files\/images\/people\/antonin_scalia\/antonin_scalia.thumb.png"},"length_of_service":10732,"identifier":"antonin_scalia"},{"ID":15113,"name":"Anthony M. Kennedy","href":"https:\/\/api.oyez.org\/people\/anthony_m_kennedy","view_count":0,"last_name":"Kennedy","roles":[{"id":2757,"type":"scotus_justice","date_start":572162400,"date_end":1533013200,"appointing_president":"Ronald Reagan","role_title":"Associate Justice of the Supreme Court of the United States","institution_name":"Supreme Court of the United States","href":"https:\/\/api.oyez.org\/preson_role\/scotus_justice\/2757"}],"thumbnail":{"id":32679,"mime":"image\/png","size":47100,"href":"https:\/\/api.oyez.org\/sites\/default\/files\/images\/people\/anthony_m_kennedy\/anthony_m_kennedy.thumb.png"},"length_of_service":11121,"identifier":"anthony_m_kennedy"},{"ID":15100,"name":"Clarence Thomas","href":"https:\/\/api.oyez.org\/people\/clarence_thomas","view_count":0,"last_name":"Thomas","roles":[{"id":2744,"type":"scotus_justice","date_start":688194000,"date_end":0,"appointing_president":"George H. W. Bush","role_title":"Associate Justice of the Supreme Court of the United States","institution_name":"Supreme Court of the United States","href":"https:\/\/api.oyez.org\/preson_role\/scotus_justice\/2744"}],"thumbnail":{"id":32680,"mime":"image\/png","size":49064,"href":"https:\/\/api.oyez.org\/sites\/default\/files\/images\/people\/clarence_thomas\/clarence_thomas.thumb.png"},"length_of_service":11156,"identifier":"clarence_thomas"},{"ID":15084,"name":"Ruth Bader Ginsburg","href":"https:\/\/api.oyez.org\/people\/ruth_bader_ginsburg","view_count":0,"last_name":"Ginsburg","roles":[{"id":2728,"type":"scotus_justice","date_start":744958800,"date_end":1600405200,"appointing_president":"Bill Clinton","role_title":"Associate Justice of the Supreme Court of the United States","institution_name":"Supreme Court of the United States","href":"https:\/\/api.oyez.org\/preson_role\/scotus_justice\/2728"}],"thumbnail":{"id":32681,"mime":"image\/png","size":45030,"href":"https:\/\/api.oyez.org\/sites\/default\/files\/images\/people\/ruth_bader_ginsburg\/ruth_bader_ginsburg.thumb.png"},"length_of_service":9901,"identifier":"ruth_bader_ginsburg"},{"ID":15139,"name":"Stephen G. Breyer","href":"https:\/\/api.oyez.org\/people\/stephen_g_breyer","view_count":0,"last_name":"Breyer","roles":[{"id":2785,"type":"scotus_justice","date_start":775890000,"date_end":1656565200,"appointing_president":"Bill Clinton","role_title":"Associate Justice of the Supreme Court of the United States","institution_name":"Supreme Court of the United States","href":"https:\/\/api.oyez.org\/preson_role\/scotus_justice\/2785"}],"thumbnail":{"id":32682,"mime":"image\/png","size":49908,"href":"https:\/\/api.oyez.org\/sites\/default\/files\/images\/people\/stephen_g_breyer\/stephen_g_breyer.thumb.png"},"length_of_service":10193,"identifier":"stephen_g_breyer"},{"ID":15068,"name":"Samuel A. Alito, Jr.","href":"https:\/\/api.oyez.org\/people\/samuel_a_alito_jr","view_count":0,"last_name":"Alito","roles":[{"id":2712,"type":"scotus_justice","date_start":1138687200,"date_end":0,"appointing_president":"George W. Bush","role_title":"Associate Justice of the Supreme Court of the United States","institution_name":"Supreme Court of the United States","href":"https:\/\/api.oyez.org\/preson_role\/scotus_justice\/2712"}],"thumbnail":{"id":32684,"mime":"image\/png","size":44799,"href":"https:\/\/api.oyez.org\/sites\/default\/files\/images\/people\/samuel_alito_jr\/samuel_alito_jr.thumb.png"},"length_of_service":5908,"identifier":"samuel_a_alito_jr"},{"ID":15131,"name":"Sonia Sotomayor","href":"https:\/\/api.oyez.org\/people\/sonia_sotomayor","view_count":0,"last_name":"Sotomayor","roles":[{"id":2776,"type":"scotus_justice","date_start":1249707600,"date_end":0,"appointing_president":"Barack Obama","role_title":"Associate Justice of the Supreme Court of the United States","institution_name":"Supreme Court of the United States","href":"https:\/\/api.oyez.org\/preson_role\/scotus_justice\/2776"}],"thumbnail":{"id":32685,"mime":"image\/png","size":50379,"href":"https:\/\/api.oyez.org\/sites\/default\/files\/images\/people\/sonia_sotomayor\/sonia_sotomayor.thumb.png"},"length_of_service":4710,"identifier":"sonia_sotomayor"},{"ID":15094,"name":"Elena Kagan","href":"https:\/\/api.oyez.org\/people\/elena_kagan","view_count":0,"last_name":"Kagan","roles":[{"id":2738,"type":"scotus_justice","date_start":1281157200,"date_end":0,"appointing_president":"Barack Obama","role_title":"Associate Justice of the Supreme Court of the United States","institution_name":"Supreme Court of the United States","href":"https:\/\/api.oyez.org\/preson_role\/scotus_justice\/2738"}],"thumbnail":{"id":32690,"mime":"image\/png","size":44456,"href":"https:\/\/api.oyez.org\/sites\/default\/files\/images\/people\/elena_kagan\/elena_kagan.thumb.png"},"length_of_service":4259,"identifier":"elena_kagan"}],"court_start":1281157200,"images":[{"id":12235,"mime":"image\/jpeg","size":359998,"href":"https:\/\/api.oyez.org\/sites\/default\/files\/images\/courts\/roberts6.jpg"}],"identifier":"roberts6"}],"decided_by":{"ID":15151,"name":"Roberts Court (2010-2016)","href":"https:\/\/api.oyez.org\/courts\/roberts6","view_count":0,"members":[{"ID":15086,"name":"John G. Roberts, Jr.","href":"https:\/\/api.oyez.org\/people\/john_g_roberts_jr","view_count":0,"last_name":"Roberts","roles":[{"id":2730,"type":"scotus_justice","date_start":1127970000,"date_end":0,"appointing_president":"George W. Bush","role_title":"Chief Justice of the United States","institution_name":"Supreme Court of the United States","href":"https:\/\/api.oyez.org\/preson_role\/scotus_justice\/2730"}],"thumbnail":{"id":32683,"mime":"image\/png","size":52305,"href":"https:\/\/api.oyez.org\/sites\/default\/files\/images\/people\/john_g_roberts_jr\/john_g_roberts_jr.thumb.png"},"length_of_service":6119,"identifier":"john_g_roberts_jr"},{"ID":15049,"name":"Antonin Scalia","href":"https:\/\/api.oyez.org\/people\/antonin_scalia","view_count":0,"last_name":"Scalia","roles":[{"id":2693,"type":"scotus_justice","date_start":528094800,"date_end":1455343200,"appointing_president":"Ronald Reagan","role_title":"Associate Justice of the Supreme Court of the United States","institution_name":"Supreme Court of the United States","href":"https:\/\/api.oyez.org\/preson_role\/scotus_justice\/2693"}],"thumbnail":{"id":32678,"mime":"image\/png","size":58944,"href":"https:\/\/api.oyez.org\/sites\/default\/files\/images\/people\/antonin_scalia\/antonin_scalia.thumb.png"},"length_of_service":10732,"identifier":"antonin_scalia"},{"ID":15113,"name":"Anthony M. Kennedy","href":"https:\/\/api.oyez.org\/people\/anthony_m_kennedy","view_count":0,"last_name":"Kennedy","roles":[{"id":2757,"type":"scotus_justice","date_start":572162400,"date_end":1533013200,"appointing_president":"Ronald Reagan","role_title":"Associate Justice of the Supreme Court of the United States","institution_name":"Supreme Court of the United States","href":"https:\/\/api.oyez.org\/preson_role\/scotus_justice\/2757"}],"thumbnail":{"id":32679,"mime":"image\/png","size":47100,"href":"https:\/\/api.oyez.org\/sites\/default\/files\/images\/people\/anthony_m_kennedy\/anthony_m_kennedy.thumb.png"},"length_of_service":11121,"identifier":"anthony_m_kennedy"},{"ID":15100,"name":"Clarence Thomas","href":"https:\/\/api.oyez.org\/people\/clarence_thomas","view_count":0,"last_name":"Thomas","roles":[{"id":2744,"type":"scotus_justice","date_start":688194000,"date_end":0,"appointing_president":"George H. W. Bush","role_title":"Associate Justice of the Supreme Court of the United States","institution_name":"Supreme Court of the United States","href":"https:\/\/api.oyez.org\/preson_role\/scotus_justice\/2744"}],"thumbnail":{"id":32680,"mime":"image\/png","size":49064,"href":"https:\/\/api.oyez.org\/sites\/default\/files\/images\/people\/clarence_thomas\/clarence_thomas.thumb.png"},"length_of_service":11156,"identifier":"clarence_thomas"},{"ID":15084,"name":"Ruth Bader Ginsburg","href":"https:\/\/api.oyez.org\/people\/ruth_bader_ginsburg","view_count":0,"last_name":"Ginsburg","roles":[{"id":2728,"type":"scotus_justice","date_start":744958800,"date_end":1600405200,"appointing_president":"Bill Clinton","role_title":"Associate Justice of the Supreme Court of the United States","institution_name":"Supreme Court of the United States","href":"https:\/\/api.oyez.org\/preson_role\/scotus_justice\/2728"}],"thumbnail":{"id":32681,"mime":"image\/png","size":45030,"href":"https:\/\/api.oyez.org\/sites\/default\/files\/images\/people\/ruth_bader_ginsburg\/ruth_bader_ginsburg.thumb.png"},"length_of_service":9901,"identifier":"ruth_bader_ginsburg"},{"ID":15139,"name":"Stephen G. Breyer","href":"https:\/\/api.oyez.org\/people\/stephen_g_breyer","view_count":0,"last_name":"Breyer","roles":[{"id":2785,"type":"scotus_justice","date_start":775890000,"date_end":1656565200,"appointing_president":"Bill Clinton","role_title":"Associate Justice of the Supreme Court of the United States","institution_name":"Supreme Court of the United States","href":"https:\/\/api.oyez.org\/preson_role\/scotus_justice\/2785"}],"thumbnail":{"id":32682,"mime":"image\/png","size":49908,"href":"https:\/\/api.oyez.org\/sites\/default\/files\/images\/people\/stephen_g_breyer\/stephen_g_breyer.thumb.png"},"length_of_service":10193,"identifier":"stephen_g_breyer"},{"ID":15068,"name":"Samuel A. Alito, Jr.","href":"https:\/\/api.oyez.org\/people\/samuel_a_alito_jr","view_count":0,"last_name":"Alito","roles":[{"id":2712,"type":"scotus_justice","date_start":1138687200,"date_end":0,"appointing_president":"George W. Bush","role_title":"Associate Justice of the Supreme Court of the United States","institution_name":"Supreme Court of the United States","href":"https:\/\/api.oyez.org\/preson_role\/scotus_justice\/2712"}],"thumbnail":{"id":32684,"mime":"image\/png","size":44799,"href":"https:\/\/api.oyez.org\/sites\/default\/files\/images\/people\/samuel_alito_jr\/samuel_alito_jr.thumb.png"},"length_of_service":5908,"identifier":"samuel_a_alito_jr"},{"ID":15131,"name":"Sonia Sotomayor","href":"https:\/\/api.oyez.org\/people\/sonia_sotomayor","view_count":0,"last_name":"Sotomayor","roles":[{"id":2776,"type":"scotus_justice","date_start":1249707600,"date_end":0,"appointing_president":"Barack Obama","role_title":"Associate Justice of the Supreme Court of the United States","institution_name":"Supreme Court of the United States","href":"https:\/\/api.oyez.org\/preson_role\/scotus_justice\/2776"}],"thumbnail":{"id":32685,"mime":"image\/png","size":50379,"href":"https:\/\/api.oyez.org\/sites\/default\/files\/images\/people\/sonia_sotomayor\/sonia_sotomayor.thumb.png"},"length_of_service":4710,"identifier":"sonia_sotomayor"},{"ID":15094,"name":"Elena Kagan","href":"https:\/\/api.oyez.org\/people\/elena_kagan","view_count":0,"last_name":"Kagan","roles":[{"id":2738,"type":"scotus_justice","date_start":1281157200,"date_end":0,"appointing_president":"Barack Obama","role_title":"Associate Justice of the Supreme Court of the United States","institution_name":"Supreme Court of the United States","href":"https:\/\/api.oyez.org\/preson_role\/scotus_justice\/2738"}],"thumbnail":{"id":32690,"mime":"image\/png","size":44456,"href":"https:\/\/api.oyez.org\/sites\/default\/files\/images\/people\/elena_kagan\/elena_kagan.thumb.png"},"length_of_service":4259,"identifier":"elena_kagan"}],"court_start":1281157200,"images":[{"id":12235,"mime":"image\/jpeg","size":359998,"href":"https:\/\/api.oyez.org\/sites\/default\/files\/images\/courts\/roberts6.jpg"}],"identifier":"roberts6"},"term":"2011","location":{"latitude":38.887276,"longitude":-77.023014,"name":"US Department of Transportation: Federal Aviation Administration","street":"800 Independence Avenue SW","city":"Washington","province":"DC","postal_code":"20591","province_name":"District Of Columbia"},"opinion_announcement":[{"id":22047,"title":"Opinion Announcement - March 28, 2012","unavailable":null,"href":"https:\/\/api.oyez.org\/case_media\/opinion_announcement_audio\/22047"}],"description":"A case in which the Court held that the Privacy Act of 1974 does not cover mental and emotional distress under \u0022actual damages.\u0022","written_opinion":[{"id":16,"title":"Dissenting opinion","author":null,"type":{"value":"dissenting","label":"Dissenting opinion"},"justia_opinion_id":1970416,"justia_opinion_url":"https:\/\/supreme.justia.com\/cases\/federal\/us\/566\/10-1024\/dissent4.html","judge_full_name":"Sonia Sotomayor","judge_last_name":"Sotomayor","title_overwrite":null,"href":"https:\/\/api.oyez.org\/case_document\/written_opinion\/16"},{"id":17,"title":"Opinion of the Court","author":null,"type":{"value":"majority","label":"Opinion of the Court"},"justia_opinion_id":1970415,"justia_opinion_url":"https:\/\/supreme.justia.com\/cases\/federal\/us\/566\/10-1024\/opinion3.html","judge_full_name":"Samuel A. Alito, Jr.","judge_last_name":"Alito","title_overwrite":null,"href":"https:\/\/api.oyez.org\/case_document\/written_opinion\/17"},{"id":18,"title":"Syllabus","author":null,"type":{"value":"syllabus","label":"Syllabus"},"justia_opinion_id":1970417,"justia_opinion_url":"https:\/\/supreme.justia.com\/cases\/federal\/us\/566\/10-1024\/","judge_full_name":null,"judge_last_name":null,"title_overwrite":null,"href":"https:\/\/api.oyez.org\/case_document\/written_opinion\/18"}],"related_cases":null,"justia_url":"https:\/\/supreme.justia.com\/cases\/federal\/us\/566\/284\/","argument2_url":null}