{"ID":63090,"name":"New York State Rifle \u0026 Pistol Association Inc. v. City of New York","href":"https:\/\/api.oyez.org\/cases\/2019\/18-280","view_count":0,"docket_number":"18-280","additional_docket_numbers":null,"manner_of_jurisdiction":"Writ of \u003Ci\u003Ecertiorari\u003C\/i\u003E","first_party":"New York State Rifle and Pistol Association, Inc., et al.","second_party":"City of New York, New York, et al.","timeline":[{"event":"Granted","dates":[1548136800],"href":"https:\/\/api.oyez.org\/case_timeline\/case_timeline\/54433"},{"event":"Argued","dates":[1575266400],"href":"https:\/\/api.oyez.org\/case_timeline\/case_timeline\/54615"},{"event":"Decided","dates":[1587963600],"href":"https:\/\/api.oyez.org\/case_timeline\/case_timeline\/54695"}],"lower_court":{"ID":7,"name":"United States Court of Appeals for the Second Circuit","href":"https:\/\/api.oyez.org\/taxonomy\/term\/7"},"facts_of_the_case":"\u003Cp\u003EThe State of New York law prohibits the possession of firearms without a license. To obtain a handgun license, an individual must apply with a local licensing officer\u2014which, in New York City, is the police commissioner\u2014and the application process involves an investigation into the applicant\u2019s mental health history, criminal history, and moral character. There are two primary types of handgun licenses: \u201ccarry\u201d licenses and \u201cpremises\u201d licenses. This case involves the latter, which permits the licensee to \u201chave and possess in his dwelling\u201d a pistol or revolver. The premises license is specific to a particular address, and the handguns permitted by the license may not be removed from that address except in limited circumstances prescribed by law. One such circumstance is to \u201ctransport his\/her handgun(s) directly to and from an authorized small arms range\/shooting club, unloaded, and in a locked container, the ammunition to be carried separately.\u201d All small arms ranges\/shooting clubs authorized under the rule are located in New York City.\u003C\/p\u003E\n\u003Cp\u003EThree individuals with premises licenses sought to transport their handguns to shooting ranges and competitions outside New York City\u2014which is prohibited by the rule. One of the individuals sought to transport his handgun between the premises in New York City for which it was licensed and his second home in Hancock, New York\u2014which the rule also prohibits. The three individuals and petitioner New York State Rifle \u0026amp; Pistol Association filed a lawsuit in federal district court, asking the court to declare the city\u2019s restrictions unconstitutional and to enjoin the city from enforcing them.\u003C\/p\u003E\n\u003Cp\u003EThe district court found the rule \u201cmerely regulates rather than restricts the right to possess a firearm in the home and is a minimal, or at most, modest burden on the right\u201d and thus did not violate plaintiffs\u2019 Second Amendment rights. The district court also held that the rule did not violate the dormant Commerce Clause, the First Amendment right of expressive association, or the fundamental right to travel. Reviewing the district court\u2019s decision de novo, the US Court of Appeals for the Second Circuit affirmed.\u003C\/p\u003E\n","question":"\u003Cp\u003EDoes a New York City rule banning the transportation a licensed, locked, and unloaded handgun to a home or shooting range outside city limits violate the Second Amendment, the Commerce Clause, or the constitutional right to travel?\u003C\/p\u003E\n","conclusion":"\u003Cp\u003EIn a per curiam (unsigned) opinion, the Court held that the petitioners\u2019 claim for declaratory and injunctive relief with respect to the City\u2019s rule is moot because after the Court granted certiorari, the City amended the rule, permitting the petitioners to transport firearms to a second home or shooting range outside the city.\u003C\/p\u003E\n\u003Cp\u003EJustice Brett Kavanaugh authored a concurring opinion to express agreement with the determination that the claim in this case is moot but also to agree with the dissenting justices in their interpretation of the leading Second Amendment cases, \u003Cem\u003EDistrict of Columbia v. Heller\u003C\/em\u003E, 554 U.S. 570 (2008) and \u003Cem\u003EMcDonald v. Chicago\u003C\/em\u003E, 561 U.S. 742 (2010).\u003C\/p\u003E\n\u003Cp\u003EJustice Samuel Alito authored a dissenting opinion, in which Justice Neil Gorsuch joined in full and Justice Clarence Thomas joined in part. Justice Alito argued that the Court incorrectly dismissed the case as moot and that the Court should have decided the case on the merits to correct lower courts\u0027 misapplication of \u003Cem\u003EHeller\u003C\/em\u003E and \u003Cem\u003EMcDonald\u003C\/em\u003E.\u003C\/p\u003E\n","advocates":[{"advocate":{"ID":37772,"name":"Paul D. Clement","href":"https:\/\/api.oyez.org\/people\/paul_d_clement","view_count":0,"last_name":"Clement","roles":null,"thumbnail":null,"length_of_service":0,"identifier":"paul_d_clement"},"advocate_description":"for the petitioners","href":"https:\/\/api.oyez.org\/case_advocate\/case_advocate\/22785"},{"advocate":{"ID":33557,"name":"Jeffrey B. Wall","href":"https:\/\/api.oyez.org\/people\/jeffrey_b_wall","view_count":0,"last_name":"Wall","roles":null,"thumbnail":null,"length_of_service":0,"identifier":"jeffrey_b_wall"},"advocate_description":"Principal Deputy Solicitor General, Department of Justice, for the United States, as amicus curiae, supporting the petitioners","href":"https:\/\/api.oyez.org\/case_advocate\/case_advocate\/22786"},{"advocate":{"ID":63193,"name":"Richard P. Dearing","href":"https:\/\/api.oyez.org\/people\/richard_p_dearing","view_count":0,"last_name":"Dearing","roles":null,"thumbnail":null,"length_of_service":0,"identifier":"richard_p_dearing"},"advocate_description":"for the respondents","href":"https:\/\/api.oyez.org\/case_advocate\/case_advocate\/22787"}],"oral_argument_audio":[{"id":25089,"title":"Oral Argument - December 02, 2019","public_note":null,"unavailable":false,"display_title":null,"href":"https:\/\/api.oyez.org\/case_media\/oral_argument_audio\/25089"}],"citation":{"volume":"590","page":null,"year":"2020","href":"https:\/\/api.oyez.org\/case_citation\/case_citation\/27661"},"decisions":[{"description":"The petitioners\u0027 claim for declaratory and injunctive relief is moot.","votes":[{"member":{"ID":17766,"name":"Brett M. Kavanaugh","href":"https:\/\/api.oyez.org\/people\/brett_m_kavanaugh","view_count":0,"last_name":"Kavanaugh","roles":[{"id":3507,"type":"scotus_justice","date_start":1538802000,"date_end":0,"appointing_president":"Donald J. Trump","role_title":"Associate Justice of the Supreme Court of the United States","institution_name":"Supreme Court of the United States","href":"https:\/\/api.oyez.org\/preson_role\/scotus_justice\/3507"}],"thumbnail":{"id":80518,"mime":"image\/png","size":91566,"href":"https:\/\/api.oyez.org\/sites\/default\/files\/filefield_paths\/Kavanaugh-thumb.png"},"length_of_service":1277,"identifier":"brett_m_kavanaugh"},"vote":"majority","opinion_type":"concurrence","joining":null,"seniority":9,"ideology":0,"href":"https:\/\/api.oyez.org\/decision_vote\/decision_vote\/211069"},{"member":{"ID":15068,"name":"Samuel A. Alito, Jr.","href":"https:\/\/api.oyez.org\/people\/samuel_a_alito_jr","view_count":0,"last_name":"Alito","roles":[{"id":2712,"type":"scotus_justice","date_start":1138687200,"date_end":0,"appointing_president":"George W. Bush","role_title":"Associate Justice of the Supreme Court of the United States","institution_name":"Supreme Court of the United States","href":"https:\/\/api.oyez.org\/preson_role\/scotus_justice\/2712"}],"thumbnail":{"id":32684,"mime":"image\/png","size":44799,"href":"https:\/\/api.oyez.org\/sites\/default\/files\/images\/people\/samuel_alito_jr\/samuel_alito_jr.thumb.png"},"length_of_service":5908,"identifier":"samuel_a_alito_jr"},"vote":"minority","opinion_type":"dissent","joining":null,"seniority":5,"ideology":0,"href":"https:\/\/api.oyez.org\/decision_vote\/decision_vote\/211070"},{"member":{"ID":15100,"name":"Clarence Thomas","href":"https:\/\/api.oyez.org\/people\/clarence_thomas","view_count":0,"last_name":"Thomas","roles":[{"id":2744,"type":"scotus_justice","date_start":688194000,"date_end":0,"appointing_president":"George H. W. Bush","role_title":"Associate Justice of the Supreme Court of the United States","institution_name":"Supreme Court of the United States","href":"https:\/\/api.oyez.org\/preson_role\/scotus_justice\/2744"}],"thumbnail":{"id":32680,"mime":"image\/png","size":49064,"href":"https:\/\/api.oyez.org\/sites\/default\/files\/images\/people\/clarence_thomas\/clarence_thomas.thumb.png"},"length_of_service":11156,"identifier":"clarence_thomas"},"vote":"minority","opinion_type":"none","joining":[{"ID":15068,"name":"Samuel A. Alito, Jr.","href":"https:\/\/api.oyez.org\/people\/samuel_a_alito_jr","view_count":0,"last_name":"Alito","roles":[{"id":2712,"type":"scotus_justice","date_start":1138687200,"date_end":0,"appointing_president":"George W. Bush","role_title":"Associate Justice of the Supreme Court of the United States","institution_name":"Supreme Court of the United States","href":"https:\/\/api.oyez.org\/preson_role\/scotus_justice\/2712"}],"thumbnail":{"id":32684,"mime":"image\/png","size":44799,"href":"https:\/\/api.oyez.org\/sites\/default\/files\/images\/people\/samuel_alito_jr\/samuel_alito_jr.thumb.png"},"length_of_service":5908,"identifier":"samuel_a_alito_jr"}],"seniority":2,"ideology":0,"href":"https:\/\/api.oyez.org\/decision_vote\/decision_vote\/211071"},{"member":{"ID":62836,"name":"Neil Gorsuch","href":"https:\/\/api.oyez.org\/people\/neil_gorsuch","view_count":0,"last_name":"Gorsuch","roles":[{"id":3506,"type":"scotus_justice","date_start":1491541200,"date_end":0,"appointing_president":"Donald J. Trump","role_title":"Associate Justice of the Supreme Court of the United States","institution_name":"Supreme Court of the United States","href":"https:\/\/api.oyez.org\/preson_role\/scotus_justice\/3506"}],"thumbnail":{"id":79753,"mime":"image\/png","size":121461,"href":"https:\/\/api.oyez.org\/sites\/default\/files\/filefield_paths\/neil_gorsuch.thumb__0.png"},"length_of_service":1824,"identifier":"neil_gorsuch"},"vote":"minority","opinion_type":"none","joining":[{"ID":15068,"name":"Samuel A. Alito, Jr.","href":"https:\/\/api.oyez.org\/people\/samuel_a_alito_jr","view_count":0,"last_name":"Alito","roles":[{"id":2712,"type":"scotus_justice","date_start":1138687200,"date_end":0,"appointing_president":"George W. Bush","role_title":"Associate Justice of the Supreme Court of the United States","institution_name":"Supreme Court of the United States","href":"https:\/\/api.oyez.org\/preson_role\/scotus_justice\/2712"}],"thumbnail":{"id":32684,"mime":"image\/png","size":44799,"href":"https:\/\/api.oyez.org\/sites\/default\/files\/images\/people\/samuel_alito_jr\/samuel_alito_jr.thumb.png"},"length_of_service":5908,"identifier":"samuel_a_alito_jr"}],"seniority":8,"ideology":0,"href":"https:\/\/api.oyez.org\/decision_vote\/decision_vote\/211072"},{"member":{"ID":15086,"name":"John G. Roberts, Jr.","href":"https:\/\/api.oyez.org\/people\/john_g_roberts_jr","view_count":0,"last_name":"Roberts","roles":[{"id":2730,"type":"scotus_justice","date_start":1127970000,"date_end":0,"appointing_president":"George W. Bush","role_title":"Chief Justice of the United States","institution_name":"Supreme Court of the United States","href":"https:\/\/api.oyez.org\/preson_role\/scotus_justice\/2730"}],"thumbnail":{"id":32683,"mime":"image\/png","size":52305,"href":"https:\/\/api.oyez.org\/sites\/default\/files\/images\/people\/john_g_roberts_jr\/john_g_roberts_jr.thumb.png"},"length_of_service":6119,"identifier":"john_g_roberts_jr"},"vote":"majority","opinion_type":"none","joining":null,"seniority":1,"ideology":0,"href":"https:\/\/api.oyez.org\/decision_vote\/decision_vote\/211073"},{"member":{"ID":15094,"name":"Elena Kagan","href":"https:\/\/api.oyez.org\/people\/elena_kagan","view_count":0,"last_name":"Kagan","roles":[{"id":2738,"type":"scotus_justice","date_start":1281157200,"date_end":0,"appointing_president":"Barack Obama","role_title":"Associate Justice of the Supreme Court of the United States","institution_name":"Supreme Court of the United States","href":"https:\/\/api.oyez.org\/preson_role\/scotus_justice\/2738"}],"thumbnail":{"id":32690,"mime":"image\/png","size":44456,"href":"https:\/\/api.oyez.org\/sites\/default\/files\/images\/people\/elena_kagan\/elena_kagan.thumb.png"},"length_of_service":4259,"identifier":"elena_kagan"},"vote":"majority","opinion_type":"none","joining":null,"seniority":7,"ideology":0,"href":"https:\/\/api.oyez.org\/decision_vote\/decision_vote\/211074"},{"member":{"ID":15131,"name":"Sonia Sotomayor","href":"https:\/\/api.oyez.org\/people\/sonia_sotomayor","view_count":0,"last_name":"Sotomayor","roles":[{"id":2776,"type":"scotus_justice","date_start":1249707600,"date_end":0,"appointing_president":"Barack Obama","role_title":"Associate Justice of the Supreme Court of the United States","institution_name":"Supreme Court of the United States","href":"https:\/\/api.oyez.org\/preson_role\/scotus_justice\/2776"}],"thumbnail":{"id":32685,"mime":"image\/png","size":50379,"href":"https:\/\/api.oyez.org\/sites\/default\/files\/images\/people\/sonia_sotomayor\/sonia_sotomayor.thumb.png"},"length_of_service":4710,"identifier":"sonia_sotomayor"},"vote":"majority","opinion_type":"none","joining":null,"seniority":6,"ideology":0,"href":"https:\/\/api.oyez.org\/decision_vote\/decision_vote\/211075"},{"member":{"ID":15139,"name":"Stephen G. Breyer","href":"https:\/\/api.oyez.org\/people\/stephen_g_breyer","view_count":0,"last_name":"Breyer","roles":[{"id":2785,"type":"scotus_justice","date_start":775890000,"date_end":1656565200,"appointing_president":"Bill Clinton","role_title":"Associate Justice of the Supreme Court of the United States","institution_name":"Supreme Court of the United States","href":"https:\/\/api.oyez.org\/preson_role\/scotus_justice\/2785"}],"thumbnail":{"id":32682,"mime":"image\/png","size":49908,"href":"https:\/\/api.oyez.org\/sites\/default\/files\/images\/people\/stephen_g_breyer\/stephen_g_breyer.thumb.png"},"length_of_service":10193,"identifier":"stephen_g_breyer"},"vote":"majority","opinion_type":"none","joining":null,"seniority":4,"ideology":0,"href":"https:\/\/api.oyez.org\/decision_vote\/decision_vote\/211076"},{"member":{"ID":15084,"name":"Ruth Bader Ginsburg","href":"https:\/\/api.oyez.org\/people\/ruth_bader_ginsburg","view_count":0,"last_name":"Ginsburg","roles":[{"id":2728,"type":"scotus_justice","date_start":744958800,"date_end":1600405200,"appointing_president":"Bill Clinton","role_title":"Associate Justice of the Supreme Court of the United States","institution_name":"Supreme Court of the United States","href":"https:\/\/api.oyez.org\/preson_role\/scotus_justice\/2728"}],"thumbnail":{"id":32681,"mime":"image\/png","size":45030,"href":"https:\/\/api.oyez.org\/sites\/default\/files\/images\/people\/ruth_bader_ginsburg\/ruth_bader_ginsburg.thumb.png"},"length_of_service":9901,"identifier":"ruth_bader_ginsburg"},"vote":"majority","opinion_type":"none","joining":null,"seniority":3,"ideology":0,"href":"https:\/\/api.oyez.org\/decision_vote\/decision_vote\/211077"}],"majority_vote":6,"minority_vote":3,"winning_party":null,"decision_type":"per curiam","href":"https:\/\/api.oyez.org\/case_decision\/case_decision\/17032"}],"first_party_label":"Petitioner","second_party_label":"Respondent","heard_by":[{"ID":63037,"name":"Roberts Court (2018-2020)","href":"https:\/\/api.oyez.org\/courts\/roberts10","view_count":0,"members":[{"ID":15086,"name":"John G. Roberts, Jr.","href":"https:\/\/api.oyez.org\/people\/john_g_roberts_jr","view_count":0,"last_name":"Roberts","roles":[{"id":2730,"type":"scotus_justice","date_start":1127970000,"date_end":0,"appointing_president":"George W. Bush","role_title":"Chief Justice of the United States","institution_name":"Supreme Court of the United States","href":"https:\/\/api.oyez.org\/preson_role\/scotus_justice\/2730"}],"thumbnail":{"id":32683,"mime":"image\/png","size":52305,"href":"https:\/\/api.oyez.org\/sites\/default\/files\/images\/people\/john_g_roberts_jr\/john_g_roberts_jr.thumb.png"},"length_of_service":6119,"identifier":"john_g_roberts_jr"},{"ID":15100,"name":"Clarence Thomas","href":"https:\/\/api.oyez.org\/people\/clarence_thomas","view_count":0,"last_name":"Thomas","roles":[{"id":2744,"type":"scotus_justice","date_start":688194000,"date_end":0,"appointing_president":"George H. W. Bush","role_title":"Associate Justice of the Supreme Court of the United States","institution_name":"Supreme Court of the United States","href":"https:\/\/api.oyez.org\/preson_role\/scotus_justice\/2744"}],"thumbnail":{"id":32680,"mime":"image\/png","size":49064,"href":"https:\/\/api.oyez.org\/sites\/default\/files\/images\/people\/clarence_thomas\/clarence_thomas.thumb.png"},"length_of_service":11156,"identifier":"clarence_thomas"},{"ID":15084,"name":"Ruth Bader Ginsburg","href":"https:\/\/api.oyez.org\/people\/ruth_bader_ginsburg","view_count":0,"last_name":"Ginsburg","roles":[{"id":2728,"type":"scotus_justice","date_start":744958800,"date_end":1600405200,"appointing_president":"Bill Clinton","role_title":"Associate Justice of the Supreme Court of the United States","institution_name":"Supreme Court of the United States","href":"https:\/\/api.oyez.org\/preson_role\/scotus_justice\/2728"}],"thumbnail":{"id":32681,"mime":"image\/png","size":45030,"href":"https:\/\/api.oyez.org\/sites\/default\/files\/images\/people\/ruth_bader_ginsburg\/ruth_bader_ginsburg.thumb.png"},"length_of_service":9901,"identifier":"ruth_bader_ginsburg"},{"ID":15139,"name":"Stephen G. Breyer","href":"https:\/\/api.oyez.org\/people\/stephen_g_breyer","view_count":0,"last_name":"Breyer","roles":[{"id":2785,"type":"scotus_justice","date_start":775890000,"date_end":1656565200,"appointing_president":"Bill Clinton","role_title":"Associate Justice of the Supreme Court of the United States","institution_name":"Supreme Court of the United States","href":"https:\/\/api.oyez.org\/preson_role\/scotus_justice\/2785"}],"thumbnail":{"id":32682,"mime":"image\/png","size":49908,"href":"https:\/\/api.oyez.org\/sites\/default\/files\/images\/people\/stephen_g_breyer\/stephen_g_breyer.thumb.png"},"length_of_service":10193,"identifier":"stephen_g_breyer"},{"ID":15068,"name":"Samuel A. Alito, Jr.","href":"https:\/\/api.oyez.org\/people\/samuel_a_alito_jr","view_count":0,"last_name":"Alito","roles":[{"id":2712,"type":"scotus_justice","date_start":1138687200,"date_end":0,"appointing_president":"George W. Bush","role_title":"Associate Justice of the Supreme Court of the United States","institution_name":"Supreme Court of the United States","href":"https:\/\/api.oyez.org\/preson_role\/scotus_justice\/2712"}],"thumbnail":{"id":32684,"mime":"image\/png","size":44799,"href":"https:\/\/api.oyez.org\/sites\/default\/files\/images\/people\/samuel_alito_jr\/samuel_alito_jr.thumb.png"},"length_of_service":5908,"identifier":"samuel_a_alito_jr"},{"ID":15131,"name":"Sonia Sotomayor","href":"https:\/\/api.oyez.org\/people\/sonia_sotomayor","view_count":0,"last_name":"Sotomayor","roles":[{"id":2776,"type":"scotus_justice","date_start":1249707600,"date_end":0,"appointing_president":"Barack Obama","role_title":"Associate Justice of the Supreme Court of the United States","institution_name":"Supreme Court of the United States","href":"https:\/\/api.oyez.org\/preson_role\/scotus_justice\/2776"}],"thumbnail":{"id":32685,"mime":"image\/png","size":50379,"href":"https:\/\/api.oyez.org\/sites\/default\/files\/images\/people\/sonia_sotomayor\/sonia_sotomayor.thumb.png"},"length_of_service":4710,"identifier":"sonia_sotomayor"},{"ID":15094,"name":"Elena Kagan","href":"https:\/\/api.oyez.org\/people\/elena_kagan","view_count":0,"last_name":"Kagan","roles":[{"id":2738,"type":"scotus_justice","date_start":1281157200,"date_end":0,"appointing_president":"Barack Obama","role_title":"Associate Justice of the Supreme Court of the United States","institution_name":"Supreme Court of the United States","href":"https:\/\/api.oyez.org\/preson_role\/scotus_justice\/2738"}],"thumbnail":{"id":32690,"mime":"image\/png","size":44456,"href":"https:\/\/api.oyez.org\/sites\/default\/files\/images\/people\/elena_kagan\/elena_kagan.thumb.png"},"length_of_service":4259,"identifier":"elena_kagan"},{"ID":62836,"name":"Neil Gorsuch","href":"https:\/\/api.oyez.org\/people\/neil_gorsuch","view_count":0,"last_name":"Gorsuch","roles":[{"id":3506,"type":"scotus_justice","date_start":1491541200,"date_end":0,"appointing_president":"Donald J. Trump","role_title":"Associate Justice of the Supreme Court of the United States","institution_name":"Supreme Court of the United States","href":"https:\/\/api.oyez.org\/preson_role\/scotus_justice\/3506"}],"thumbnail":{"id":79753,"mime":"image\/png","size":121461,"href":"https:\/\/api.oyez.org\/sites\/default\/files\/filefield_paths\/neil_gorsuch.thumb__0.png"},"length_of_service":1824,"identifier":"neil_gorsuch"},{"ID":17766,"name":"Brett M. Kavanaugh","href":"https:\/\/api.oyez.org\/people\/brett_m_kavanaugh","view_count":0,"last_name":"Kavanaugh","roles":[{"id":3507,"type":"scotus_justice","date_start":1538802000,"date_end":0,"appointing_president":"Donald J. Trump","role_title":"Associate Justice of the Supreme Court of the United States","institution_name":"Supreme Court of the United States","href":"https:\/\/api.oyez.org\/preson_role\/scotus_justice\/3507"}],"thumbnail":{"id":80518,"mime":"image\/png","size":91566,"href":"https:\/\/api.oyez.org\/sites\/default\/files\/filefield_paths\/Kavanaugh-thumb.png"},"length_of_service":1277,"identifier":"brett_m_kavanaugh"}],"court_start":1538974800,"images":[{"id":80961,"mime":"image\/jpeg","size":1721453,"href":"https:\/\/api.oyez.org\/sites\/default\/files\/filefield_paths\/2018%20Group.jpg"}],"identifier":"roberts10"}],"decided_by":{"ID":63037,"name":"Roberts Court (2018-2020)","href":"https:\/\/api.oyez.org\/courts\/roberts10","view_count":0,"members":[{"ID":15086,"name":"John G. Roberts, Jr.","href":"https:\/\/api.oyez.org\/people\/john_g_roberts_jr","view_count":0,"last_name":"Roberts","roles":[{"id":2730,"type":"scotus_justice","date_start":1127970000,"date_end":0,"appointing_president":"George W. Bush","role_title":"Chief Justice of the United States","institution_name":"Supreme Court of the United States","href":"https:\/\/api.oyez.org\/preson_role\/scotus_justice\/2730"}],"thumbnail":{"id":32683,"mime":"image\/png","size":52305,"href":"https:\/\/api.oyez.org\/sites\/default\/files\/images\/people\/john_g_roberts_jr\/john_g_roberts_jr.thumb.png"},"length_of_service":6119,"identifier":"john_g_roberts_jr"},{"ID":15100,"name":"Clarence Thomas","href":"https:\/\/api.oyez.org\/people\/clarence_thomas","view_count":0,"last_name":"Thomas","roles":[{"id":2744,"type":"scotus_justice","date_start":688194000,"date_end":0,"appointing_president":"George H. W. Bush","role_title":"Associate Justice of the Supreme Court of the United States","institution_name":"Supreme Court of the United States","href":"https:\/\/api.oyez.org\/preson_role\/scotus_justice\/2744"}],"thumbnail":{"id":32680,"mime":"image\/png","size":49064,"href":"https:\/\/api.oyez.org\/sites\/default\/files\/images\/people\/clarence_thomas\/clarence_thomas.thumb.png"},"length_of_service":11156,"identifier":"clarence_thomas"},{"ID":15084,"name":"Ruth Bader Ginsburg","href":"https:\/\/api.oyez.org\/people\/ruth_bader_ginsburg","view_count":0,"last_name":"Ginsburg","roles":[{"id":2728,"type":"scotus_justice","date_start":744958800,"date_end":1600405200,"appointing_president":"Bill Clinton","role_title":"Associate Justice of the Supreme Court of the United States","institution_name":"Supreme Court of the United States","href":"https:\/\/api.oyez.org\/preson_role\/scotus_justice\/2728"}],"thumbnail":{"id":32681,"mime":"image\/png","size":45030,"href":"https:\/\/api.oyez.org\/sites\/default\/files\/images\/people\/ruth_bader_ginsburg\/ruth_bader_ginsburg.thumb.png"},"length_of_service":9901,"identifier":"ruth_bader_ginsburg"},{"ID":15139,"name":"Stephen G. Breyer","href":"https:\/\/api.oyez.org\/people\/stephen_g_breyer","view_count":0,"last_name":"Breyer","roles":[{"id":2785,"type":"scotus_justice","date_start":775890000,"date_end":1656565200,"appointing_president":"Bill Clinton","role_title":"Associate Justice of the Supreme Court of the United States","institution_name":"Supreme Court of the United States","href":"https:\/\/api.oyez.org\/preson_role\/scotus_justice\/2785"}],"thumbnail":{"id":32682,"mime":"image\/png","size":49908,"href":"https:\/\/api.oyez.org\/sites\/default\/files\/images\/people\/stephen_g_breyer\/stephen_g_breyer.thumb.png"},"length_of_service":10193,"identifier":"stephen_g_breyer"},{"ID":15068,"name":"Samuel A. Alito, Jr.","href":"https:\/\/api.oyez.org\/people\/samuel_a_alito_jr","view_count":0,"last_name":"Alito","roles":[{"id":2712,"type":"scotus_justice","date_start":1138687200,"date_end":0,"appointing_president":"George W. Bush","role_title":"Associate Justice of the Supreme Court of the United States","institution_name":"Supreme Court of the United States","href":"https:\/\/api.oyez.org\/preson_role\/scotus_justice\/2712"}],"thumbnail":{"id":32684,"mime":"image\/png","size":44799,"href":"https:\/\/api.oyez.org\/sites\/default\/files\/images\/people\/samuel_alito_jr\/samuel_alito_jr.thumb.png"},"length_of_service":5908,"identifier":"samuel_a_alito_jr"},{"ID":15131,"name":"Sonia Sotomayor","href":"https:\/\/api.oyez.org\/people\/sonia_sotomayor","view_count":0,"last_name":"Sotomayor","roles":[{"id":2776,"type":"scotus_justice","date_start":1249707600,"date_end":0,"appointing_president":"Barack Obama","role_title":"Associate Justice of the Supreme Court of the United States","institution_name":"Supreme Court of the United States","href":"https:\/\/api.oyez.org\/preson_role\/scotus_justice\/2776"}],"thumbnail":{"id":32685,"mime":"image\/png","size":50379,"href":"https:\/\/api.oyez.org\/sites\/default\/files\/images\/people\/sonia_sotomayor\/sonia_sotomayor.thumb.png"},"length_of_service":4710,"identifier":"sonia_sotomayor"},{"ID":15094,"name":"Elena Kagan","href":"https:\/\/api.oyez.org\/people\/elena_kagan","view_count":0,"last_name":"Kagan","roles":[{"id":2738,"type":"scotus_justice","date_start":1281157200,"date_end":0,"appointing_president":"Barack Obama","role_title":"Associate Justice of the Supreme Court of the United States","institution_name":"Supreme Court of the United States","href":"https:\/\/api.oyez.org\/preson_role\/scotus_justice\/2738"}],"thumbnail":{"id":32690,"mime":"image\/png","size":44456,"href":"https:\/\/api.oyez.org\/sites\/default\/files\/images\/people\/elena_kagan\/elena_kagan.thumb.png"},"length_of_service":4259,"identifier":"elena_kagan"},{"ID":62836,"name":"Neil Gorsuch","href":"https:\/\/api.oyez.org\/people\/neil_gorsuch","view_count":0,"last_name":"Gorsuch","roles":[{"id":3506,"type":"scotus_justice","date_start":1491541200,"date_end":0,"appointing_president":"Donald J. Trump","role_title":"Associate Justice of the Supreme Court of the United States","institution_name":"Supreme Court of the United States","href":"https:\/\/api.oyez.org\/preson_role\/scotus_justice\/3506"}],"thumbnail":{"id":79753,"mime":"image\/png","size":121461,"href":"https:\/\/api.oyez.org\/sites\/default\/files\/filefield_paths\/neil_gorsuch.thumb__0.png"},"length_of_service":1824,"identifier":"neil_gorsuch"},{"ID":17766,"name":"Brett M. Kavanaugh","href":"https:\/\/api.oyez.org\/people\/brett_m_kavanaugh","view_count":0,"last_name":"Kavanaugh","roles":[{"id":3507,"type":"scotus_justice","date_start":1538802000,"date_end":0,"appointing_president":"Donald J. Trump","role_title":"Associate Justice of the Supreme Court of the United States","institution_name":"Supreme Court of the United States","href":"https:\/\/api.oyez.org\/preson_role\/scotus_justice\/3507"}],"thumbnail":{"id":80518,"mime":"image\/png","size":91566,"href":"https:\/\/api.oyez.org\/sites\/default\/files\/filefield_paths\/Kavanaugh-thumb.png"},"length_of_service":1277,"identifier":"brett_m_kavanaugh"}],"court_start":1538974800,"images":[{"id":80961,"mime":"image\/jpeg","size":1721453,"href":"https:\/\/api.oyez.org\/sites\/default\/files\/filefield_paths\/2018%20Group.jpg"}],"identifier":"roberts10"},"term":"2019","location":null,"opinion_announcement":null,"description":"A case in which the Court was asked to decide whether New York City\u2019s ban on transporting a licensed, locked, and unloaded handgun to a home or shooting range outside city limits is consistent with the Second Amendment, the Commerce Clause, and the constitutional right to travel.","written_opinion":[{"id":16952,"title":"Concurring opinion","author":null,"type":{"value":"concurring","label":"Concurring opinion"},"justia_opinion_id":4241517,"justia_opinion_url":"https:\/\/supreme.justia.com\/cases\/federal\/us\/590\/18-280\/","judge_full_name":"Brett M. Kavanaugh","judge_last_name":"Kavanaugh","title_overwrite":null,"href":"https:\/\/api.oyez.org\/case_document\/written_opinion\/16952"},{"id":16953,"title":"Dissenting opinion","author":null,"type":{"value":"dissenting","label":"Dissenting opinion"},"justia_opinion_id":4241518,"justia_opinion_url":"https:\/\/supreme.justia.com\/cases\/federal\/us\/590\/18-280\/","judge_full_name":"Samuel A. Alito, Jr.","judge_last_name":"Alito","title_overwrite":null,"href":"https:\/\/api.oyez.org\/case_document\/written_opinion\/16953"},{"id":16954,"title":"Opinion of the Court","author":null,"type":{"value":"majority","label":"Opinion of the Court"},"justia_opinion_id":4241519,"justia_opinion_url":"https:\/\/supreme.justia.com\/cases\/federal\/us\/590\/18-280\/","judge_full_name":null,"judge_last_name":null,"title_overwrite":null,"href":"https:\/\/api.oyez.org\/case_document\/written_opinion\/16954"}],"related_cases":null,"justia_url":"https:\/\/supreme.justia.com\/cases\/federal\/us\/590\/18-280\/","argument2_url":"https:\/\/argument2.oyez.org\/2019\/new-york-state-rifle-pistol-association-inc-v-city-of-new-york\/"}