{"ID":63336,"name":"Wooden v. United States","href":"https:\/\/api.oyez.org\/cases\/2021\/20-5279","view_count":0,"docket_number":"20-5279","additional_docket_numbers":null,"manner_of_jurisdiction":"Writ of \u003Ci\u003Ecertiorari\u003C\/i\u003E","first_party":"William Dale Wooden","second_party":"United States","timeline":[{"event":"Granted","dates":[1613973600],"href":"https:\/\/api.oyez.org\/case_timeline\/case_timeline\/54850"},{"event":"Argued","dates":[1633323600],"href":"https:\/\/api.oyez.org\/case_timeline\/case_timeline\/54952"},{"event":"Decided","dates":[1646632800],"href":"https:\/\/api.oyez.org\/case_timeline\/case_timeline\/55070"}],"lower_court":{"ID":11,"name":"United States Court of Appeals for the Sixth Circuit","href":"https:\/\/api.oyez.org\/taxonomy\/term\/11"},"facts_of_the_case":"\u003Cp\u003EIn 1997, William Wooden broke into a mini-storage facility in Georgia and stole from 10 different units, resulting in 10 counts of burglary, to which he pled guilty. Then, in 2014, a plainclothes officer went to Wooden\u2019s home, where he witnessed Wooden in possession of a rifle. Wooden was arrested and charged in state court with being a felon in possession of a firearm, but the case was dismissed when the district attorney noted that there was no probable cause for Wooden\u2019s arrest. Wooden was subsequently charged by federal indictment with being a felon in possession of a firearm and ammunition, in violation of 18 U.S.C. \u00a7 922(g)(1) and 924(e). After Wooden was found guilty, the district court found during his sentencing hearing that Wooden qualified as an armed career criminal under 18 U.S.C. \u00a7 924(e), based on his conviction for the 10 counts of burglary, and sentenced him to 15 years\u2019 imprisonment accordingly. The U.S. Court of Appeals for the Sixth Circuit affirmed, finding that Wooden\u2019s prior burglaries were separate from each other, despite occurring as part of a single criminal spree.\u003C\/p\u003E\n","question":"\u003Cp\u003EAre offenses committed as part of a single criminal spree but sequentially in time \u201ccommitted on occasions different from one another\u201d for purposes of a sentencing enhancement under the Armed Career Criminal Act?\u003C\/p\u003E\n","conclusion":"\u003Cp\u003EOffenses committed as part of a single criminal episode did not occur on different \u201coccasions\u201d and thus count as only one offense for purposes of the Armed Career Criminal Act. Justice Elena Kagan authored the majority opinion that was unanimous in the judgment to reverse the lower court.\u003C\/p\u003E\n\u003Cp\u003EThe ordinary meaning of the word \u201coccasion\u201d does not require occurrence at precisely one moment in time. For example, an ordinary person would describe Wooden as burglarizing ten units \u201con one occasion\u201d but would not say \u201con ten occasions, Wooden burglarized a unit in the facility.\u201d And indeed \u201cWooden committed his burglaries on a single night, in a single uninterrupted course of conduct.\u201d The history of the ACCA confirms this understanding, as Congress added an \u201coccasions clause,\u201d which requires that prior crimes occur on \u201coccasions different from one another.\u201d This interpretation is also consistent with the purpose of the ACCA, which is to address the \u201cspecial danger\u201d posed by the \u201carmed career criminal\u201d\u2014a concern not presented by the situation of a single criminal episode.\u003C\/p\u003E\n\u003Cp\u003EJustice Sonia Sotomayor authored a concurrence noting that on the facts, she agreed with the majority that Wooden\u2019s prior convictions did not take place on \u201coccasions different from one another\u201d but also with Justice Neil Gorsuch\u2019s point that the rule of lenity provides an independent basis for ruling in favor of a defendant in a closer case.\u003C\/p\u003E\n\u003Cp\u003EJustice Brett Kavanaugh authored a concurrence explaining why the rule of lenity has played a limited role in the Court\u2019s criminal case law and why the presumption of mens rea addresses Justice Gorsuch\u2019s concern about fair notice.\u003C\/p\u003E\n\u003Cp\u003EJustice Amy Coney Barrett, joined by Justice Clarence Thomas, concurred in part and concurred in the judgment. Justice Barrett agreed with the majority about the ordinary meaning of the word \u201coccasion\u201d but disagreed with the majority\u2019s interpretation of the statutory history.\u003C\/p\u003E\n\u003Cp\u003EJustice Gorsuch authored an opinion concurring in the judgment, which Justice Sotomayor joined in part. Justice Gorsuch argued that the rule of lenity provides a definitive rule of decision in these types of cases, in contrast to a list of factors to consider, which could lead to inconsistent outcomes in cases where the facts are less clear.\u003C\/p\u003E\n","advocates":[{"advocate":{"ID":56065,"name":"Allon Kedem","href":"https:\/\/api.oyez.org\/people\/allon_kedem","view_count":0,"last_name":"Kedem","roles":null,"thumbnail":null,"length_of_service":0,"identifier":"allon_kedem"},"advocate_description":"For the Petitioner","href":"https:\/\/api.oyez.org\/case_advocate\/case_advocate\/23067"},{"advocate":{"ID":62958,"name":"Erica L. Ross","href":"https:\/\/api.oyez.org\/people\/erica_l_ross","view_count":0,"last_name":"Ross","roles":null,"thumbnail":null,"length_of_service":0,"identifier":"erica_l_ross"},"advocate_description":"For the Respondent","href":"https:\/\/api.oyez.org\/case_advocate\/case_advocate\/23068"}],"oral_argument_audio":[{"id":25218,"title":"Oral Argument - October 04, 2021","public_note":null,"unavailable":false,"display_title":null,"href":"https:\/\/api.oyez.org\/case_media\/oral_argument_audio\/25218"}],"citation":{"volume":"595","page":null,"year":"2022","href":"https:\/\/api.oyez.org\/case_citation\/case_citation\/27803"},"decisions":[{"description":"Offenses arising from a single criminal episode do not occur on different \u201coccasions\u201d and thus count as only one prior conviction under the Armed Career Criminal Act.","votes":[{"member":{"ID":15094,"name":"Elena Kagan","href":"https:\/\/api.oyez.org\/people\/elena_kagan","view_count":0,"last_name":"Kagan","roles":[{"id":2738,"type":"scotus_justice","date_start":1281157200,"date_end":0,"appointing_president":"Barack Obama","role_title":"Associate Justice of the Supreme Court of the United States","institution_name":"Supreme Court of the United States","href":"https:\/\/api.oyez.org\/preson_role\/scotus_justice\/2738"}],"thumbnail":{"id":32690,"mime":"image\/png","size":44456,"href":"https:\/\/api.oyez.org\/sites\/default\/files\/images\/people\/elena_kagan\/elena_kagan.thumb.png"},"length_of_service":4259,"identifier":"elena_kagan"},"vote":"majority","opinion_type":"majority","joining":null,"seniority":6,"ideology":-1.508,"href":"https:\/\/api.oyez.org\/decision_vote\/decision_vote\/212050"},{"member":{"ID":15086,"name":"John G. Roberts, Jr.","href":"https:\/\/api.oyez.org\/people\/john_g_roberts_jr","view_count":0,"last_name":"Roberts","roles":[{"id":2730,"type":"scotus_justice","date_start":1127970000,"date_end":0,"appointing_president":"George W. Bush","role_title":"Chief Justice of the United States","institution_name":"Supreme Court of the United States","href":"https:\/\/api.oyez.org\/preson_role\/scotus_justice\/2730"}],"thumbnail":{"id":32683,"mime":"image\/png","size":52305,"href":"https:\/\/api.oyez.org\/sites\/default\/files\/images\/people\/john_g_roberts_jr\/john_g_roberts_jr.thumb.png"},"length_of_service":6119,"identifier":"john_g_roberts_jr"},"vote":"majority","opinion_type":"none","joining":[{"ID":15094,"name":"Elena Kagan","href":"https:\/\/api.oyez.org\/people\/elena_kagan","view_count":0,"last_name":"Kagan","roles":[{"id":2738,"type":"scotus_justice","date_start":1281157200,"date_end":0,"appointing_president":"Barack Obama","role_title":"Associate Justice of the Supreme Court of the United States","institution_name":"Supreme Court of the United States","href":"https:\/\/api.oyez.org\/preson_role\/scotus_justice\/2738"}],"thumbnail":{"id":32690,"mime":"image\/png","size":44456,"href":"https:\/\/api.oyez.org\/sites\/default\/files\/images\/people\/elena_kagan\/elena_kagan.thumb.png"},"length_of_service":4259,"identifier":"elena_kagan"}],"seniority":1,"ideology":0.506,"href":"https:\/\/api.oyez.org\/decision_vote\/decision_vote\/212051"},{"member":{"ID":15100,"name":"Clarence Thomas","href":"https:\/\/api.oyez.org\/people\/clarence_thomas","view_count":0,"last_name":"Thomas","roles":[{"id":2744,"type":"scotus_justice","date_start":688194000,"date_end":0,"appointing_president":"George H. W. Bush","role_title":"Associate Justice of the Supreme Court of the United States","institution_name":"Supreme Court of the United States","href":"https:\/\/api.oyez.org\/preson_role\/scotus_justice\/2744"}],"thumbnail":{"id":32680,"mime":"image\/png","size":49064,"href":"https:\/\/api.oyez.org\/sites\/default\/files\/images\/people\/clarence_thomas\/clarence_thomas.thumb.png"},"length_of_service":11156,"identifier":"clarence_thomas"},"vote":"majority","opinion_type":"none","joining":[{"ID":15094,"name":"Elena Kagan","href":"https:\/\/api.oyez.org\/people\/elena_kagan","view_count":0,"last_name":"Kagan","roles":[{"id":2738,"type":"scotus_justice","date_start":1281157200,"date_end":0,"appointing_president":"Barack Obama","role_title":"Associate Justice of the Supreme Court of the United States","institution_name":"Supreme Court of the United States","href":"https:\/\/api.oyez.org\/preson_role\/scotus_justice\/2738"}],"thumbnail":{"id":32690,"mime":"image\/png","size":44456,"href":"https:\/\/api.oyez.org\/sites\/default\/files\/images\/people\/elena_kagan\/elena_kagan.thumb.png"},"length_of_service":4259,"identifier":"elena_kagan"},{"ID":63282,"name":"Amy Coney Barrett","href":"https:\/\/api.oyez.org\/people\/amy_coney_barrett","view_count":0,"last_name":"Barrett","roles":[{"id":3511,"type":"scotus_justice","date_start":1603774800,"date_end":0,"appointing_president":"Donald J. Trump","role_title":"Associate Justice of the Supreme Court of the United States","institution_name":"Supreme Court of the United States","href":"https:\/\/api.oyez.org\/preson_role\/scotus_justice\/3511"}],"thumbnail":{"id":81207,"mime":"image\/png","size":47722,"href":"https:\/\/api.oyez.org\/sites\/default\/files\/filefield_paths\/barret-thumb.png"},"length_of_service":525,"identifier":"amy_coney_barrett"}],"seniority":2,"ideology":3.03,"href":"https:\/\/api.oyez.org\/decision_vote\/decision_vote\/212052"},{"member":{"ID":15068,"name":"Samuel A. Alito, Jr.","href":"https:\/\/api.oyez.org\/people\/samuel_a_alito_jr","view_count":0,"last_name":"Alito","roles":[{"id":2712,"type":"scotus_justice","date_start":1138687200,"date_end":0,"appointing_president":"George W. Bush","role_title":"Associate Justice of the Supreme Court of the United States","institution_name":"Supreme Court of the United States","href":"https:\/\/api.oyez.org\/preson_role\/scotus_justice\/2712"}],"thumbnail":{"id":32684,"mime":"image\/png","size":44799,"href":"https:\/\/api.oyez.org\/sites\/default\/files\/images\/people\/samuel_alito_jr\/samuel_alito_jr.thumb.png"},"length_of_service":5908,"identifier":"samuel_a_alito_jr"},"vote":"majority","opinion_type":"none","joining":[{"ID":15094,"name":"Elena Kagan","href":"https:\/\/api.oyez.org\/people\/elena_kagan","view_count":0,"last_name":"Kagan","roles":[{"id":2738,"type":"scotus_justice","date_start":1281157200,"date_end":0,"appointing_president":"Barack Obama","role_title":"Associate Justice of the Supreme Court of the United States","institution_name":"Supreme Court of the United States","href":"https:\/\/api.oyez.org\/preson_role\/scotus_justice\/2738"}],"thumbnail":{"id":32690,"mime":"image\/png","size":44456,"href":"https:\/\/api.oyez.org\/sites\/default\/files\/images\/people\/elena_kagan\/elena_kagan.thumb.png"},"length_of_service":4259,"identifier":"elena_kagan"}],"seniority":4,"ideology":2.162,"href":"https:\/\/api.oyez.org\/decision_vote\/decision_vote\/212053"},{"member":{"ID":15139,"name":"Stephen G. Breyer","href":"https:\/\/api.oyez.org\/people\/stephen_g_breyer","view_count":0,"last_name":"Breyer","roles":[{"id":2785,"type":"scotus_justice","date_start":775890000,"date_end":1656565200,"appointing_president":"Bill Clinton","role_title":"Associate Justice of the Supreme Court of the United States","institution_name":"Supreme Court of the United States","href":"https:\/\/api.oyez.org\/preson_role\/scotus_justice\/2785"}],"thumbnail":{"id":32682,"mime":"image\/png","size":49908,"href":"https:\/\/api.oyez.org\/sites\/default\/files\/images\/people\/stephen_g_breyer\/stephen_g_breyer.thumb.png"},"length_of_service":10193,"identifier":"stephen_g_breyer"},"vote":"majority","opinion_type":"none","joining":[{"ID":15094,"name":"Elena Kagan","href":"https:\/\/api.oyez.org\/people\/elena_kagan","view_count":0,"last_name":"Kagan","roles":[{"id":2738,"type":"scotus_justice","date_start":1281157200,"date_end":0,"appointing_president":"Barack Obama","role_title":"Associate Justice of the Supreme Court of the United States","institution_name":"Supreme Court of the United States","href":"https:\/\/api.oyez.org\/preson_role\/scotus_justice\/2738"}],"thumbnail":{"id":32690,"mime":"image\/png","size":44456,"href":"https:\/\/api.oyez.org\/sites\/default\/files\/images\/people\/elena_kagan\/elena_kagan.thumb.png"},"length_of_service":4259,"identifier":"elena_kagan"}],"seniority":3,"ideology":-1.901,"href":"https:\/\/api.oyez.org\/decision_vote\/decision_vote\/212054"},{"member":{"ID":15131,"name":"Sonia Sotomayor","href":"https:\/\/api.oyez.org\/people\/sonia_sotomayor","view_count":0,"last_name":"Sotomayor","roles":[{"id":2776,"type":"scotus_justice","date_start":1249707600,"date_end":0,"appointing_president":"Barack Obama","role_title":"Associate Justice of the Supreme Court of the United States","institution_name":"Supreme Court of the United States","href":"https:\/\/api.oyez.org\/preson_role\/scotus_justice\/2776"}],"thumbnail":{"id":32685,"mime":"image\/png","size":50379,"href":"https:\/\/api.oyez.org\/sites\/default\/files\/images\/people\/sonia_sotomayor\/sonia_sotomayor.thumb.png"},"length_of_service":4710,"identifier":"sonia_sotomayor"},"vote":"majority","opinion_type":"concurrence","joining":[{"ID":15094,"name":"Elena Kagan","href":"https:\/\/api.oyez.org\/people\/elena_kagan","view_count":0,"last_name":"Kagan","roles":[{"id":2738,"type":"scotus_justice","date_start":1281157200,"date_end":0,"appointing_president":"Barack Obama","role_title":"Associate Justice of the Supreme Court of the United States","institution_name":"Supreme Court of the United States","href":"https:\/\/api.oyez.org\/preson_role\/scotus_justice\/2738"}],"thumbnail":{"id":32690,"mime":"image\/png","size":44456,"href":"https:\/\/api.oyez.org\/sites\/default\/files\/images\/people\/elena_kagan\/elena_kagan.thumb.png"},"length_of_service":4259,"identifier":"elena_kagan"},{"ID":62836,"name":"Neil Gorsuch","href":"https:\/\/api.oyez.org\/people\/neil_gorsuch","view_count":0,"last_name":"Gorsuch","roles":[{"id":3506,"type":"scotus_justice","date_start":1491541200,"date_end":0,"appointing_president":"Donald J. Trump","role_title":"Associate Justice of the Supreme Court of the United States","institution_name":"Supreme Court of the United States","href":"https:\/\/api.oyez.org\/preson_role\/scotus_justice\/3506"}],"thumbnail":{"id":79753,"mime":"image\/png","size":121461,"href":"https:\/\/api.oyez.org\/sites\/default\/files\/filefield_paths\/neil_gorsuch.thumb__0.png"},"length_of_service":1824,"identifier":"neil_gorsuch"}],"seniority":5,"ideology":-3.959,"href":"https:\/\/api.oyez.org\/decision_vote\/decision_vote\/212055"},{"member":{"ID":62836,"name":"Neil Gorsuch","href":"https:\/\/api.oyez.org\/people\/neil_gorsuch","view_count":0,"last_name":"Gorsuch","roles":[{"id":3506,"type":"scotus_justice","date_start":1491541200,"date_end":0,"appointing_president":"Donald J. Trump","role_title":"Associate Justice of the Supreme Court of the United States","institution_name":"Supreme Court of the United States","href":"https:\/\/api.oyez.org\/preson_role\/scotus_justice\/3506"}],"thumbnail":{"id":79753,"mime":"image\/png","size":121461,"href":"https:\/\/api.oyez.org\/sites\/default\/files\/filefield_paths\/neil_gorsuch.thumb__0.png"},"length_of_service":1824,"identifier":"neil_gorsuch"},"vote":"majority","opinion_type":"special concurrence","joining":null,"seniority":7,"ideology":1.11,"href":"https:\/\/api.oyez.org\/decision_vote\/decision_vote\/212056"},{"member":{"ID":17766,"name":"Brett M. Kavanaugh","href":"https:\/\/api.oyez.org\/people\/brett_m_kavanaugh","view_count":0,"last_name":"Kavanaugh","roles":[{"id":3507,"type":"scotus_justice","date_start":1538802000,"date_end":0,"appointing_president":"Donald J. Trump","role_title":"Associate Justice of the Supreme Court of the United States","institution_name":"Supreme Court of the United States","href":"https:\/\/api.oyez.org\/preson_role\/scotus_justice\/3507"}],"thumbnail":{"id":80518,"mime":"image\/png","size":91566,"href":"https:\/\/api.oyez.org\/sites\/default\/files\/filefield_paths\/Kavanaugh-thumb.png"},"length_of_service":1277,"identifier":"brett_m_kavanaugh"},"vote":"majority","opinion_type":"concurrence","joining":[{"ID":15094,"name":"Elena Kagan","href":"https:\/\/api.oyez.org\/people\/elena_kagan","view_count":0,"last_name":"Kagan","roles":[{"id":2738,"type":"scotus_justice","date_start":1281157200,"date_end":0,"appointing_president":"Barack Obama","role_title":"Associate Justice of the Supreme Court of the United States","institution_name":"Supreme Court of the United States","href":"https:\/\/api.oyez.org\/preson_role\/scotus_justice\/2738"}],"thumbnail":{"id":32690,"mime":"image\/png","size":44456,"href":"https:\/\/api.oyez.org\/sites\/default\/files\/images\/people\/elena_kagan\/elena_kagan.thumb.png"},"length_of_service":4259,"identifier":"elena_kagan"}],"seniority":8,"ideology":0.548,"href":"https:\/\/api.oyez.org\/decision_vote\/decision_vote\/212057"},{"member":{"ID":63282,"name":"Amy Coney Barrett","href":"https:\/\/api.oyez.org\/people\/amy_coney_barrett","view_count":0,"last_name":"Barrett","roles":[{"id":3511,"type":"scotus_justice","date_start":1603774800,"date_end":0,"appointing_president":"Donald J. Trump","role_title":"Associate Justice of the Supreme Court of the United States","institution_name":"Supreme Court of the United States","href":"https:\/\/api.oyez.org\/preson_role\/scotus_justice\/3511"}],"thumbnail":{"id":81207,"mime":"image\/png","size":47722,"href":"https:\/\/api.oyez.org\/sites\/default\/files\/filefield_paths\/barret-thumb.png"},"length_of_service":525,"identifier":"amy_coney_barrett"},"vote":"majority","opinion_type":"concurrence","joining":[{"ID":15094,"name":"Elena Kagan","href":"https:\/\/api.oyez.org\/people\/elena_kagan","view_count":0,"last_name":"Kagan","roles":[{"id":2738,"type":"scotus_justice","date_start":1281157200,"date_end":0,"appointing_president":"Barack Obama","role_title":"Associate Justice of the Supreme Court of the United States","institution_name":"Supreme Court of the United States","href":"https:\/\/api.oyez.org\/preson_role\/scotus_justice\/2738"}],"thumbnail":{"id":32690,"mime":"image\/png","size":44456,"href":"https:\/\/api.oyez.org\/sites\/default\/files\/images\/people\/elena_kagan\/elena_kagan.thumb.png"},"length_of_service":4259,"identifier":"elena_kagan"}],"seniority":9,"ideology":1.011,"href":"https:\/\/api.oyez.org\/decision_vote\/decision_vote\/212058"}],"majority_vote":9,"minority_vote":0,"winning_party":"Wooden","decision_type":"majority opinion","href":"https:\/\/api.oyez.org\/case_decision\/case_decision\/17143"}],"first_party_label":"Petitioner","second_party_label":"Respondent","heard_by":[{"ID":63283,"name":"Roberts Court (2020-2022)","href":"https:\/\/api.oyez.org\/courts\/roberts12","view_count":0,"members":[{"ID":15086,"name":"John G. Roberts, Jr.","href":"https:\/\/api.oyez.org\/people\/john_g_roberts_jr","view_count":0,"last_name":"Roberts","roles":[{"id":2730,"type":"scotus_justice","date_start":1127970000,"date_end":0,"appointing_president":"George W. Bush","role_title":"Chief Justice of the United States","institution_name":"Supreme Court of the United States","href":"https:\/\/api.oyez.org\/preson_role\/scotus_justice\/2730"}],"thumbnail":{"id":32683,"mime":"image\/png","size":52305,"href":"https:\/\/api.oyez.org\/sites\/default\/files\/images\/people\/john_g_roberts_jr\/john_g_roberts_jr.thumb.png"},"length_of_service":6119,"identifier":"john_g_roberts_jr"},{"ID":15100,"name":"Clarence Thomas","href":"https:\/\/api.oyez.org\/people\/clarence_thomas","view_count":0,"last_name":"Thomas","roles":[{"id":2744,"type":"scotus_justice","date_start":688194000,"date_end":0,"appointing_president":"George H. W. Bush","role_title":"Associate Justice of the Supreme Court of the United States","institution_name":"Supreme Court of the United States","href":"https:\/\/api.oyez.org\/preson_role\/scotus_justice\/2744"}],"thumbnail":{"id":32680,"mime":"image\/png","size":49064,"href":"https:\/\/api.oyez.org\/sites\/default\/files\/images\/people\/clarence_thomas\/clarence_thomas.thumb.png"},"length_of_service":11156,"identifier":"clarence_thomas"},{"ID":15139,"name":"Stephen G. Breyer","href":"https:\/\/api.oyez.org\/people\/stephen_g_breyer","view_count":0,"last_name":"Breyer","roles":[{"id":2785,"type":"scotus_justice","date_start":775890000,"date_end":1656565200,"appointing_president":"Bill Clinton","role_title":"Associate Justice of the Supreme Court of the United States","institution_name":"Supreme Court of the United States","href":"https:\/\/api.oyez.org\/preson_role\/scotus_justice\/2785"}],"thumbnail":{"id":32682,"mime":"image\/png","size":49908,"href":"https:\/\/api.oyez.org\/sites\/default\/files\/images\/people\/stephen_g_breyer\/stephen_g_breyer.thumb.png"},"length_of_service":10193,"identifier":"stephen_g_breyer"},{"ID":15068,"name":"Samuel A. Alito, Jr.","href":"https:\/\/api.oyez.org\/people\/samuel_a_alito_jr","view_count":0,"last_name":"Alito","roles":[{"id":2712,"type":"scotus_justice","date_start":1138687200,"date_end":0,"appointing_president":"George W. Bush","role_title":"Associate Justice of the Supreme Court of the United States","institution_name":"Supreme Court of the United States","href":"https:\/\/api.oyez.org\/preson_role\/scotus_justice\/2712"}],"thumbnail":{"id":32684,"mime":"image\/png","size":44799,"href":"https:\/\/api.oyez.org\/sites\/default\/files\/images\/people\/samuel_alito_jr\/samuel_alito_jr.thumb.png"},"length_of_service":5908,"identifier":"samuel_a_alito_jr"},{"ID":15131,"name":"Sonia Sotomayor","href":"https:\/\/api.oyez.org\/people\/sonia_sotomayor","view_count":0,"last_name":"Sotomayor","roles":[{"id":2776,"type":"scotus_justice","date_start":1249707600,"date_end":0,"appointing_president":"Barack Obama","role_title":"Associate Justice of the Supreme Court of the United States","institution_name":"Supreme Court of the United States","href":"https:\/\/api.oyez.org\/preson_role\/scotus_justice\/2776"}],"thumbnail":{"id":32685,"mime":"image\/png","size":50379,"href":"https:\/\/api.oyez.org\/sites\/default\/files\/images\/people\/sonia_sotomayor\/sonia_sotomayor.thumb.png"},"length_of_service":4710,"identifier":"sonia_sotomayor"},{"ID":15094,"name":"Elena Kagan","href":"https:\/\/api.oyez.org\/people\/elena_kagan","view_count":0,"last_name":"Kagan","roles":[{"id":2738,"type":"scotus_justice","date_start":1281157200,"date_end":0,"appointing_president":"Barack Obama","role_title":"Associate Justice of the Supreme Court of the United States","institution_name":"Supreme Court of the United States","href":"https:\/\/api.oyez.org\/preson_role\/scotus_justice\/2738"}],"thumbnail":{"id":32690,"mime":"image\/png","size":44456,"href":"https:\/\/api.oyez.org\/sites\/default\/files\/images\/people\/elena_kagan\/elena_kagan.thumb.png"},"length_of_service":4259,"identifier":"elena_kagan"},{"ID":62836,"name":"Neil Gorsuch","href":"https:\/\/api.oyez.org\/people\/neil_gorsuch","view_count":0,"last_name":"Gorsuch","roles":[{"id":3506,"type":"scotus_justice","date_start":1491541200,"date_end":0,"appointing_president":"Donald J. Trump","role_title":"Associate Justice of the Supreme Court of the United States","institution_name":"Supreme Court of the United States","href":"https:\/\/api.oyez.org\/preson_role\/scotus_justice\/3506"}],"thumbnail":{"id":79753,"mime":"image\/png","size":121461,"href":"https:\/\/api.oyez.org\/sites\/default\/files\/filefield_paths\/neil_gorsuch.thumb__0.png"},"length_of_service":1824,"identifier":"neil_gorsuch"},{"ID":17766,"name":"Brett M. Kavanaugh","href":"https:\/\/api.oyez.org\/people\/brett_m_kavanaugh","view_count":0,"last_name":"Kavanaugh","roles":[{"id":3507,"type":"scotus_justice","date_start":1538802000,"date_end":0,"appointing_president":"Donald J. Trump","role_title":"Associate Justice of the Supreme Court of the United States","institution_name":"Supreme Court of the United States","href":"https:\/\/api.oyez.org\/preson_role\/scotus_justice\/3507"}],"thumbnail":{"id":80518,"mime":"image\/png","size":91566,"href":"https:\/\/api.oyez.org\/sites\/default\/files\/filefield_paths\/Kavanaugh-thumb.png"},"length_of_service":1277,"identifier":"brett_m_kavanaugh"},{"ID":63282,"name":"Amy Coney Barrett","href":"https:\/\/api.oyez.org\/people\/amy_coney_barrett","view_count":0,"last_name":"Barrett","roles":[{"id":3511,"type":"scotus_justice","date_start":1603774800,"date_end":0,"appointing_president":"Donald J. Trump","role_title":"Associate Justice of the Supreme Court of the United States","institution_name":"Supreme Court of the United States","href":"https:\/\/api.oyez.org\/preson_role\/scotus_justice\/3511"}],"thumbnail":{"id":81207,"mime":"image\/png","size":47722,"href":"https:\/\/api.oyez.org\/sites\/default\/files\/filefield_paths\/barret-thumb.png"},"length_of_service":525,"identifier":"amy_coney_barrett"}],"court_start":1603774800,"images":[{"id":81210,"mime":"image\/jpeg","size":634152,"href":"https:\/\/api.oyez.org\/sites\/default\/files\/filefield_paths\/Roberts12_0.jpg"}],"identifier":"roberts12"}],"decided_by":{"ID":63283,"name":"Roberts Court (2020-2022)","href":"https:\/\/api.oyez.org\/courts\/roberts12","view_count":0,"members":[{"ID":15086,"name":"John G. Roberts, Jr.","href":"https:\/\/api.oyez.org\/people\/john_g_roberts_jr","view_count":0,"last_name":"Roberts","roles":[{"id":2730,"type":"scotus_justice","date_start":1127970000,"date_end":0,"appointing_president":"George W. Bush","role_title":"Chief Justice of the United States","institution_name":"Supreme Court of the United States","href":"https:\/\/api.oyez.org\/preson_role\/scotus_justice\/2730"}],"thumbnail":{"id":32683,"mime":"image\/png","size":52305,"href":"https:\/\/api.oyez.org\/sites\/default\/files\/images\/people\/john_g_roberts_jr\/john_g_roberts_jr.thumb.png"},"length_of_service":6119,"identifier":"john_g_roberts_jr"},{"ID":15100,"name":"Clarence Thomas","href":"https:\/\/api.oyez.org\/people\/clarence_thomas","view_count":0,"last_name":"Thomas","roles":[{"id":2744,"type":"scotus_justice","date_start":688194000,"date_end":0,"appointing_president":"George H. W. Bush","role_title":"Associate Justice of the Supreme Court of the United States","institution_name":"Supreme Court of the United States","href":"https:\/\/api.oyez.org\/preson_role\/scotus_justice\/2744"}],"thumbnail":{"id":32680,"mime":"image\/png","size":49064,"href":"https:\/\/api.oyez.org\/sites\/default\/files\/images\/people\/clarence_thomas\/clarence_thomas.thumb.png"},"length_of_service":11156,"identifier":"clarence_thomas"},{"ID":15139,"name":"Stephen G. Breyer","href":"https:\/\/api.oyez.org\/people\/stephen_g_breyer","view_count":0,"last_name":"Breyer","roles":[{"id":2785,"type":"scotus_justice","date_start":775890000,"date_end":1656565200,"appointing_president":"Bill Clinton","role_title":"Associate Justice of the Supreme Court of the United States","institution_name":"Supreme Court of the United States","href":"https:\/\/api.oyez.org\/preson_role\/scotus_justice\/2785"}],"thumbnail":{"id":32682,"mime":"image\/png","size":49908,"href":"https:\/\/api.oyez.org\/sites\/default\/files\/images\/people\/stephen_g_breyer\/stephen_g_breyer.thumb.png"},"length_of_service":10193,"identifier":"stephen_g_breyer"},{"ID":15068,"name":"Samuel A. Alito, Jr.","href":"https:\/\/api.oyez.org\/people\/samuel_a_alito_jr","view_count":0,"last_name":"Alito","roles":[{"id":2712,"type":"scotus_justice","date_start":1138687200,"date_end":0,"appointing_president":"George W. Bush","role_title":"Associate Justice of the Supreme Court of the United States","institution_name":"Supreme Court of the United States","href":"https:\/\/api.oyez.org\/preson_role\/scotus_justice\/2712"}],"thumbnail":{"id":32684,"mime":"image\/png","size":44799,"href":"https:\/\/api.oyez.org\/sites\/default\/files\/images\/people\/samuel_alito_jr\/samuel_alito_jr.thumb.png"},"length_of_service":5908,"identifier":"samuel_a_alito_jr"},{"ID":15131,"name":"Sonia Sotomayor","href":"https:\/\/api.oyez.org\/people\/sonia_sotomayor","view_count":0,"last_name":"Sotomayor","roles":[{"id":2776,"type":"scotus_justice","date_start":1249707600,"date_end":0,"appointing_president":"Barack Obama","role_title":"Associate Justice of the Supreme Court of the United States","institution_name":"Supreme Court of the United States","href":"https:\/\/api.oyez.org\/preson_role\/scotus_justice\/2776"}],"thumbnail":{"id":32685,"mime":"image\/png","size":50379,"href":"https:\/\/api.oyez.org\/sites\/default\/files\/images\/people\/sonia_sotomayor\/sonia_sotomayor.thumb.png"},"length_of_service":4710,"identifier":"sonia_sotomayor"},{"ID":15094,"name":"Elena Kagan","href":"https:\/\/api.oyez.org\/people\/elena_kagan","view_count":0,"last_name":"Kagan","roles":[{"id":2738,"type":"scotus_justice","date_start":1281157200,"date_end":0,"appointing_president":"Barack Obama","role_title":"Associate Justice of the Supreme Court of the United States","institution_name":"Supreme Court of the United States","href":"https:\/\/api.oyez.org\/preson_role\/scotus_justice\/2738"}],"thumbnail":{"id":32690,"mime":"image\/png","size":44456,"href":"https:\/\/api.oyez.org\/sites\/default\/files\/images\/people\/elena_kagan\/elena_kagan.thumb.png"},"length_of_service":4259,"identifier":"elena_kagan"},{"ID":62836,"name":"Neil Gorsuch","href":"https:\/\/api.oyez.org\/people\/neil_gorsuch","view_count":0,"last_name":"Gorsuch","roles":[{"id":3506,"type":"scotus_justice","date_start":1491541200,"date_end":0,"appointing_president":"Donald J. Trump","role_title":"Associate Justice of the Supreme Court of the United States","institution_name":"Supreme Court of the United States","href":"https:\/\/api.oyez.org\/preson_role\/scotus_justice\/3506"}],"thumbnail":{"id":79753,"mime":"image\/png","size":121461,"href":"https:\/\/api.oyez.org\/sites\/default\/files\/filefield_paths\/neil_gorsuch.thumb__0.png"},"length_of_service":1824,"identifier":"neil_gorsuch"},{"ID":17766,"name":"Brett M. Kavanaugh","href":"https:\/\/api.oyez.org\/people\/brett_m_kavanaugh","view_count":0,"last_name":"Kavanaugh","roles":[{"id":3507,"type":"scotus_justice","date_start":1538802000,"date_end":0,"appointing_president":"Donald J. Trump","role_title":"Associate Justice of the Supreme Court of the United States","institution_name":"Supreme Court of the United States","href":"https:\/\/api.oyez.org\/preson_role\/scotus_justice\/3507"}],"thumbnail":{"id":80518,"mime":"image\/png","size":91566,"href":"https:\/\/api.oyez.org\/sites\/default\/files\/filefield_paths\/Kavanaugh-thumb.png"},"length_of_service":1277,"identifier":"brett_m_kavanaugh"},{"ID":63282,"name":"Amy Coney Barrett","href":"https:\/\/api.oyez.org\/people\/amy_coney_barrett","view_count":0,"last_name":"Barrett","roles":[{"id":3511,"type":"scotus_justice","date_start":1603774800,"date_end":0,"appointing_president":"Donald J. Trump","role_title":"Associate Justice of the Supreme Court of the United States","institution_name":"Supreme Court of the United States","href":"https:\/\/api.oyez.org\/preson_role\/scotus_justice\/3511"}],"thumbnail":{"id":81207,"mime":"image\/png","size":47722,"href":"https:\/\/api.oyez.org\/sites\/default\/files\/filefield_paths\/barret-thumb.png"},"length_of_service":525,"identifier":"amy_coney_barrett"}],"court_start":1603774800,"images":[{"id":81210,"mime":"image\/jpeg","size":634152,"href":"https:\/\/api.oyez.org\/sites\/default\/files\/filefield_paths\/Roberts12_0.jpg"}],"identifier":"roberts12"},"term":"2021","location":null,"opinion_announcement":null,"description":"A case in which the Court held that, under the Armed Career Criminal Act, offenses that were committed as part of a single criminal spree but sequentially in time were not \u201ccommitted on occasions different from one another\u201d for purposes of a sentencing enhancement.","written_opinion":[{"id":17277,"title":"Concurring opinion","author":null,"type":{"value":"concurring","label":"Concurring opinion"},"justia_opinion_id":4546637,"justia_opinion_url":"https:\/\/supreme.justia.com\/cases\/federal\/us\/595\/20-5279\/","judge_full_name":"Sonia Sotomayor","judge_last_name":"Sotomayor","title_overwrite":null,"href":"https:\/\/api.oyez.org\/case_document\/written_opinion\/17277"},{"id":17278,"title":"Concurring opinion","author":null,"type":{"value":"concurring","label":"Concurring opinion"},"justia_opinion_id":4546638,"justia_opinion_url":"https:\/\/supreme.justia.com\/cases\/federal\/us\/595\/20-5279\/","judge_full_name":"Brett M. Kavanaugh","judge_last_name":"Kavanaugh","title_overwrite":null,"href":"https:\/\/api.oyez.org\/case_document\/written_opinion\/17278"},{"id":17279,"title":"Concurring opinion","author":null,"type":{"value":"concurring","label":"Concurring opinion"},"justia_opinion_id":4546639,"justia_opinion_url":"https:\/\/supreme.justia.com\/cases\/federal\/us\/595\/20-5279\/","judge_full_name":"Amy Coney Barrett","judge_last_name":"Barrett","title_overwrite":null,"href":"https:\/\/api.oyez.org\/case_document\/written_opinion\/17279"},{"id":17280,"title":"Concurring opinion","author":null,"type":{"value":"concurring","label":"Concurring opinion"},"justia_opinion_id":4546640,"justia_opinion_url":"https:\/\/supreme.justia.com\/cases\/federal\/us\/595\/20-5279\/","judge_full_name":"Neil M. Gorsuch","judge_last_name":"Gorsuch","title_overwrite":null,"href":"https:\/\/api.oyez.org\/case_document\/written_opinion\/17280"},{"id":17281,"title":"Opinion of the Court","author":null,"type":{"value":"majority","label":"Opinion of the Court"},"justia_opinion_id":4546641,"justia_opinion_url":"https:\/\/supreme.justia.com\/cases\/federal\/us\/595\/20-5279\/","judge_full_name":"Elena Kagan","judge_last_name":"Kagan","title_overwrite":null,"href":"https:\/\/api.oyez.org\/case_document\/written_opinion\/17281"},{"id":17282,"title":"Syllabus","author":null,"type":{"value":"syllabus","label":"Syllabus"},"justia_opinion_id":4546642,"justia_opinion_url":"https:\/\/supreme.justia.com\/cases\/federal\/us\/595\/20-5279\/","judge_full_name":null,"judge_last_name":null,"title_overwrite":null,"href":"https:\/\/api.oyez.org\/case_document\/written_opinion\/17282"}],"related_cases":null,"justia_url":"https:\/\/supreme.justia.com\/cases\/federal\/us\/595\/20-5279\/","argument2_url":null}