{"ID":55030,"name":"Ewing v. California","href":"https:\/\/api.oyez.org\/cases\/2002\/01-6978","view_count":0,"docket_number":"01-6978","additional_docket_numbers":null,"manner_of_jurisdiction":"Writ of \u003Ci\u003Ecertiorari\u003C\/i\u003E","first_party":"Gary Ewing","second_party":"California","timeline":[{"event":"Argued","dates":[1036476000],"href":"https:\/\/api.oyez.org\/case_timeline\/case_timeline\/38787"},{"event":"Decided","dates":[1046844000],"href":"https:\/\/api.oyez.org\/case_timeline\/case_timeline\/38788"}],"lower_court":{"ID":76,"name":"State appellate court","href":"https:\/\/api.oyez.org\/courts\/state_appellate_court"},"facts_of_the_case":"\u003Cp\u003EOn March 12, 2000, Gary Ewing, a serial offender with a long history of criminal convictions, was arrested for stealing three golf clubs, each worth $399, from a Los Angeles-area golf course. At the time of his arrest, Ewing was on parole from a 9-year prison term for convictions in three burglaries and one robbery. Under California\u0027s three strikes law, another felony conviction would require a sentence of 25 years to life. Ewing was charged with and convicted of one count of felony grand theft for the incident at the golf course. During sentencing, Ewing requested the judge in the case exercise discretion permitted under California law and reduce the conviction to a misdemeanor. The judge declined and sentenced Ewing in accordance with the three strikes law. On appeal, Ewing argued the sentence of 25 years to life was grossly disproportionate to the crime and therefore a violation of the Eighth Amendment protection against cruel and unusual punishments. The court, reasoning that the three strikes law served the state\u0027s legitimate interests, rejected this claim. The California Supreme Court declined to hear the case.\u003C\/p\u003E\n","question":"\u003Cp\u003EDid Ewing\u0027s sentence of 25 years to life, in accordance with California\u0027s three strikes law, violate the Eighth Amendment protection against cruel and unusual punishment?\u003C\/p\u003E\n","conclusion":"\u003Cp\u003ENo. In a 5-4 plurality decision authored by Justice Sandra Day O\u0027Connor, the Court, relying heavily on its decision in \u003Cem\u003ERummel v. Estelle\u003C\/em\u003E (1980), concluded that Ewing\u0027s long history of legal offenses justified his conviction. In \u003Cem\u003ERummel\u003C\/em\u003E, the Court had ruled that a sentence of life with the possibility of parole was valid for three convictions of fraud, check forgery, and theft. In that case, the Court gave great deference to legislatures in mandating sentences for repeat offenders. Justice O\u0027Connor writes that, as in \u003Cem\u003ERummel\u003C\/em\u003E, Ewing\u0027s conviction reflects \u0022rational legislative judgment\u0022 and \u0022is justified by the State\u0027s public-safety interest in incapacitating and deterring recidivist felons.\u0022\u003C\/p\u003E\n","advocates":[{"advocate":{"ID":35610,"name":"Michael Chertoff","href":"https:\/\/api.oyez.org\/people\/michael_chertoff","view_count":0,"last_name":"Chertoff","roles":null,"thumbnail":null,"length_of_service":0,"identifier":"michael_chertoff"},"advocate_description":"for United States, as amicus curiae, supporting the Respondent","href":"https:\/\/api.oyez.org\/case_advocate\/case_advocate\/18161"},{"advocate":{"ID":38478,"name":"Quin Denvir","href":"https:\/\/api.oyez.org\/people\/quin_denvir","view_count":0,"last_name":"Denvir","roles":null,"thumbnail":null,"length_of_service":0,"identifier":"quin_denvir"},"advocate_description":"on behalf of the Petitioner","href":"https:\/\/api.oyez.org\/case_advocate\/case_advocate\/18162"},{"advocate":{"ID":21309,"name":"Donald E. De Nicola","href":"https:\/\/api.oyez.org\/people\/donald_e_de_nicola","view_count":0,"last_name":"De Nicola","roles":null,"thumbnail":null,"length_of_service":0,"identifier":"donald_e_de_nicola"},"advocate_description":"on behalf of the Respondent","href":"https:\/\/api.oyez.org\/case_advocate\/case_advocate\/18163"},{"advocate":{"ID":20884,"name":"Deputy Attorney General","href":"https:\/\/api.oyez.org\/people\/deputy_attorney_general","view_count":0,"last_name":"General","roles":null,"thumbnail":null,"length_of_service":0,"identifier":"deputy_attorney_general"},"advocate_description":"for respondent","href":"https:\/\/api.oyez.org\/case_advocate\/case_advocate\/18164"},{"advocate":{"ID":20864,"name":"Donald M. Falk","href":"https:\/\/api.oyez.org\/people\/donald_m_falk","view_count":0,"last_name":"Falk","roles":null,"thumbnail":null,"length_of_service":0,"identifier":"donald_m_falk"},"advocate_description":"for Families Against Mandatory Minimums as amicus curiae urging reversal","href":"https:\/\/api.oyez.org\/case_advocate\/case_advocate\/18165"},{"advocate":{"ID":17024,"name":"Andrew H. Schapiro","href":"https:\/\/api.oyez.org\/people\/andrew_h_schapiro","view_count":0,"last_name":"Schapiro","roles":null,"thumbnail":null,"length_of_service":0,"identifier":"andrew_h_schapiro"},"advocate_description":"for Families Against Mandatory Minimums as amicus curiae urging reversal","href":"https:\/\/api.oyez.org\/case_advocate\/case_advocate\/18166"},{"advocate":{"ID":36505,"name":"Mary Price","href":"https:\/\/api.oyez.org\/people\/mary_price","view_count":0,"last_name":"Price","roles":null,"thumbnail":null,"length_of_service":0,"identifier":"mary_price"},"advocate_description":"for Families Against Mandatory Minimums as amicus curiae urging reversal","href":"https:\/\/api.oyez.org\/case_advocate\/case_advocate\/18167"},{"advocate":{"ID":21582,"name":"Dennis L. Stout","href":"https:\/\/api.oyez.org\/people\/dennis_l_stout","view_count":0,"last_name":"Stout","roles":null,"thumbnail":null,"length_of_service":0,"identifier":"dennis_l_stout"},"advocate_description":"for the California District Attorneys Association as amicus curiae","href":"https:\/\/api.oyez.org\/case_advocate\/case_advocate\/18168"},{"advocate":{"ID":25796,"name":"Grover D. Merritt","href":"https:\/\/api.oyez.org\/people\/grover_d_merritt","view_count":0,"last_name":"Merritt","roles":null,"thumbnail":null,"length_of_service":0,"identifier":"grover_d_merritt"},"advocate_description":"for the California District Attorneys Association as amicus curiae","href":"https:\/\/api.oyez.org\/case_advocate\/case_advocate\/18169"}],"oral_argument_audio":[{"id":22124,"title":"Oral Argument - November 05, 2002","public_note":null,"unavailable":null,"display_title":null,"href":"https:\/\/api.oyez.org\/case_media\/oral_argument_audio\/22124"}],"citation":{"volume":"538","page":"11","year":"2003","href":"https:\/\/api.oyez.org\/case_citation\/case_citation\/18959"},"decisions":[{"description":null,"votes":[{"member":{"ID":15141,"name":"William H. Rehnquist","href":"https:\/\/api.oyez.org\/people\/william_h_rehnquist","view_count":0,"last_name":"Rehnquist","roles":[{"id":2787,"type":"scotus_justice","date_start":63612000,"date_end":528094800,"appointing_president":"Richard Nixon","role_title":"Associate Justice of the Supreme Court of the United States","institution_name":"Supreme Court of the United States","href":"https:\/\/api.oyez.org\/preson_role\/scotus_justice\/2787"},{"id":2788,"type":"scotus_justice","date_start":528094800,"date_end":1125723600,"appointing_president":"Ronald Reagan","role_title":"Chief Justice of the United States","institution_name":"Supreme Court of the United States","href":"https:\/\/api.oyez.org\/preson_role\/scotus_justice\/2788"}],"thumbnail":{"id":32786,"mime":"image\/png","size":46923,"href":"https:\/\/api.oyez.org\/sites\/default\/files\/images\/people\/william_h_rehnquist\/william_h_rehnquist.thumb.png"},"length_of_service":12293,"identifier":"william_h_rehnquist"},"vote":"majority","opinion_type":"none","joining":null,"seniority":1,"ideology":1.237,"href":"https:\/\/api.oyez.org\/decision_vote\/decision_vote\/176156"},{"member":{"ID":15060,"name":"John Paul Stevens","href":"https:\/\/api.oyez.org\/people\/john_paul_stevens","view_count":0,"last_name":"Stevens","roles":[{"id":2704,"type":"scotus_justice","date_start":188200800,"date_end":1277787600,"appointing_president":"Gerald Ford","role_title":"Associate Justice of the Supreme Court of the United States","institution_name":"Supreme Court of the United States","href":"https:\/\/api.oyez.org\/preson_role\/scotus_justice\/2704"}],"thumbnail":{"id":32732,"mime":"image\/png","size":62101,"href":"https:\/\/api.oyez.org\/sites\/default\/files\/images\/people\/john_paul_stevens\/john_paul_stevens.thumb.png"},"length_of_service":12611,"identifier":"john_paul_stevens"},"vote":"minority","opinion_type":"dissent","joining":[{"ID":15139,"name":"Stephen G. Breyer","href":"https:\/\/api.oyez.org\/people\/stephen_g_breyer","view_count":0,"last_name":"Breyer","roles":[{"id":2785,"type":"scotus_justice","date_start":775890000,"date_end":1656565200,"appointing_president":"Bill Clinton","role_title":"Associate Justice of the Supreme Court of the United States","institution_name":"Supreme Court of the United States","href":"https:\/\/api.oyez.org\/preson_role\/scotus_justice\/2785"}],"thumbnail":{"id":32682,"mime":"image\/png","size":49908,"href":"https:\/\/api.oyez.org\/sites\/default\/files\/images\/people\/stephen_g_breyer\/stephen_g_breyer.thumb.png"},"length_of_service":10193,"identifier":"stephen_g_breyer"}],"seniority":2,"ideology":-2.9,"href":"https:\/\/api.oyez.org\/decision_vote\/decision_vote\/176157"},{"member":{"ID":15092,"name":"Sandra Day O\u0027Connor","href":"https:\/\/api.oyez.org\/people\/sandra_day_oconnor","view_count":0,"last_name":"O\u0027Connor","roles":[{"id":2736,"type":"scotus_justice","date_start":370242000,"date_end":1138687200,"appointing_president":"Ronald Reagan","role_title":"Associate Justice of the Supreme Court of the United States","institution_name":"Supreme Court of the United States","href":"https:\/\/api.oyez.org\/preson_role\/scotus_justice\/2736"}],"thumbnail":{"id":32763,"mime":"image\/png","size":49563,"href":"https:\/\/api.oyez.org\/sites\/default\/files\/images\/people\/sandra_day_oconnor\/sandra_day_oconnor.thumb.png"},"length_of_service":8894,"identifier":"sandra_day_oconnor"},"vote":"majority","opinion_type":"plurality","joining":null,"seniority":3,"ideology":0.248,"href":"https:\/\/api.oyez.org\/decision_vote\/decision_vote\/176158"},{"member":{"ID":15049,"name":"Antonin Scalia","href":"https:\/\/api.oyez.org\/people\/antonin_scalia","view_count":0,"last_name":"Scalia","roles":[{"id":2693,"type":"scotus_justice","date_start":528094800,"date_end":1455343200,"appointing_president":"Ronald Reagan","role_title":"Associate Justice of the Supreme Court of the United States","institution_name":"Supreme Court of the United States","href":"https:\/\/api.oyez.org\/preson_role\/scotus_justice\/2693"}],"thumbnail":{"id":32678,"mime":"image\/png","size":58944,"href":"https:\/\/api.oyez.org\/sites\/default\/files\/images\/people\/antonin_scalia\/antonin_scalia.thumb.png"},"length_of_service":10732,"identifier":"antonin_scalia"},"vote":"majority","opinion_type":"special concurrence","joining":null,"seniority":4,"ideology":3,"href":"https:\/\/api.oyez.org\/decision_vote\/decision_vote\/176159"},{"member":{"ID":15113,"name":"Anthony M. Kennedy","href":"https:\/\/api.oyez.org\/people\/anthony_m_kennedy","view_count":0,"last_name":"Kennedy","roles":[{"id":2757,"type":"scotus_justice","date_start":572162400,"date_end":1533013200,"appointing_president":"Ronald Reagan","role_title":"Associate Justice of the Supreme Court of the United States","institution_name":"Supreme Court of the United States","href":"https:\/\/api.oyez.org\/preson_role\/scotus_justice\/2757"}],"thumbnail":{"id":32679,"mime":"image\/png","size":47100,"href":"https:\/\/api.oyez.org\/sites\/default\/files\/images\/people\/anthony_m_kennedy\/anthony_m_kennedy.thumb.png"},"length_of_service":11121,"identifier":"anthony_m_kennedy"},"vote":"majority","opinion_type":"none","joining":null,"seniority":5,"ideology":0.884,"href":"https:\/\/api.oyez.org\/decision_vote\/decision_vote\/176160"},{"member":{"ID":15042,"name":"David H. Souter","href":"https:\/\/api.oyez.org\/people\/david_h_souter","view_count":0,"last_name":"Souter","roles":[{"id":2686,"type":"scotus_justice","date_start":655362000,"date_end":1246251600,"appointing_president":"George H. W. Bush","role_title":"Associate Justice of the Supreme Court of the United States","institution_name":"Supreme Court of the United States","href":"https:\/\/api.oyez.org\/preson_role\/scotus_justice\/2686"}],"thumbnail":{"id":32703,"mime":"image\/png","size":42141,"href":"https:\/\/api.oyez.org\/sites\/default\/files\/images\/people\/david_h_souter\/david_h_souter.thumb.png"},"length_of_service":6839,"identifier":"david_h_souter"},"vote":"minority","opinion_type":"none","joining":[{"ID":15060,"name":"John Paul Stevens","href":"https:\/\/api.oyez.org\/people\/john_paul_stevens","view_count":0,"last_name":"Stevens","roles":[{"id":2704,"type":"scotus_justice","date_start":188200800,"date_end":1277787600,"appointing_president":"Gerald Ford","role_title":"Associate Justice of the Supreme Court of the United States","institution_name":"Supreme Court of the United States","href":"https:\/\/api.oyez.org\/preson_role\/scotus_justice\/2704"}],"thumbnail":{"id":32732,"mime":"image\/png","size":62101,"href":"https:\/\/api.oyez.org\/sites\/default\/files\/images\/people\/john_paul_stevens\/john_paul_stevens.thumb.png"},"length_of_service":12611,"identifier":"john_paul_stevens"},{"ID":15139,"name":"Stephen G. Breyer","href":"https:\/\/api.oyez.org\/people\/stephen_g_breyer","view_count":0,"last_name":"Breyer","roles":[{"id":2785,"type":"scotus_justice","date_start":775890000,"date_end":1656565200,"appointing_president":"Bill Clinton","role_title":"Associate Justice of the Supreme Court of the United States","institution_name":"Supreme Court of the United States","href":"https:\/\/api.oyez.org\/preson_role\/scotus_justice\/2785"}],"thumbnail":{"id":32682,"mime":"image\/png","size":49908,"href":"https:\/\/api.oyez.org\/sites\/default\/files\/images\/people\/stephen_g_breyer\/stephen_g_breyer.thumb.png"},"length_of_service":10193,"identifier":"stephen_g_breyer"}],"seniority":6,"ideology":-1.534,"href":"https:\/\/api.oyez.org\/decision_vote\/decision_vote\/176161"},{"member":{"ID":15100,"name":"Clarence Thomas","href":"https:\/\/api.oyez.org\/people\/clarence_thomas","view_count":0,"last_name":"Thomas","roles":[{"id":2744,"type":"scotus_justice","date_start":688194000,"date_end":0,"appointing_president":"George H. W. Bush","role_title":"Associate Justice of the Supreme Court of the United States","institution_name":"Supreme Court of the United States","href":"https:\/\/api.oyez.org\/preson_role\/scotus_justice\/2744"}],"thumbnail":{"id":32680,"mime":"image\/png","size":49064,"href":"https:\/\/api.oyez.org\/sites\/default\/files\/images\/people\/clarence_thomas\/clarence_thomas.thumb.png"},"length_of_service":11156,"identifier":"clarence_thomas"},"vote":"majority","opinion_type":"special concurrence","joining":null,"seniority":7,"ideology":3.862,"href":"https:\/\/api.oyez.org\/decision_vote\/decision_vote\/176162"},{"member":{"ID":15084,"name":"Ruth Bader Ginsburg","href":"https:\/\/api.oyez.org\/people\/ruth_bader_ginsburg","view_count":0,"last_name":"Ginsburg","roles":[{"id":2728,"type":"scotus_justice","date_start":744958800,"date_end":1600405200,"appointing_president":"Bill Clinton","role_title":"Associate Justice of the Supreme Court of the United States","institution_name":"Supreme Court of the United States","href":"https:\/\/api.oyez.org\/preson_role\/scotus_justice\/2728"}],"thumbnail":{"id":32681,"mime":"image\/png","size":45030,"href":"https:\/\/api.oyez.org\/sites\/default\/files\/images\/people\/ruth_bader_ginsburg\/ruth_bader_ginsburg.thumb.png"},"length_of_service":9901,"identifier":"ruth_bader_ginsburg"},"vote":"minority","opinion_type":"none","joining":[{"ID":15060,"name":"John Paul Stevens","href":"https:\/\/api.oyez.org\/people\/john_paul_stevens","view_count":0,"last_name":"Stevens","roles":[{"id":2704,"type":"scotus_justice","date_start":188200800,"date_end":1277787600,"appointing_president":"Gerald Ford","role_title":"Associate Justice of the Supreme Court of the United States","institution_name":"Supreme Court of the United States","href":"https:\/\/api.oyez.org\/preson_role\/scotus_justice\/2704"}],"thumbnail":{"id":32732,"mime":"image\/png","size":62101,"href":"https:\/\/api.oyez.org\/sites\/default\/files\/images\/people\/john_paul_stevens\/john_paul_stevens.thumb.png"},"length_of_service":12611,"identifier":"john_paul_stevens"},{"ID":15139,"name":"Stephen G. Breyer","href":"https:\/\/api.oyez.org\/people\/stephen_g_breyer","view_count":0,"last_name":"Breyer","roles":[{"id":2785,"type":"scotus_justice","date_start":775890000,"date_end":1656565200,"appointing_president":"Bill Clinton","role_title":"Associate Justice of the Supreme Court of the United States","institution_name":"Supreme Court of the United States","href":"https:\/\/api.oyez.org\/preson_role\/scotus_justice\/2785"}],"thumbnail":{"id":32682,"mime":"image\/png","size":49908,"href":"https:\/\/api.oyez.org\/sites\/default\/files\/images\/people\/stephen_g_breyer\/stephen_g_breyer.thumb.png"},"length_of_service":10193,"identifier":"stephen_g_breyer"}],"seniority":8,"ideology":-1.699,"href":"https:\/\/api.oyez.org\/decision_vote\/decision_vote\/176163"},{"member":{"ID":15139,"name":"Stephen G. Breyer","href":"https:\/\/api.oyez.org\/people\/stephen_g_breyer","view_count":0,"last_name":"Breyer","roles":[{"id":2785,"type":"scotus_justice","date_start":775890000,"date_end":1656565200,"appointing_president":"Bill Clinton","role_title":"Associate Justice of the Supreme Court of the United States","institution_name":"Supreme Court of the United States","href":"https:\/\/api.oyez.org\/preson_role\/scotus_justice\/2785"}],"thumbnail":{"id":32682,"mime":"image\/png","size":49908,"href":"https:\/\/api.oyez.org\/sites\/default\/files\/images\/people\/stephen_g_breyer\/stephen_g_breyer.thumb.png"},"length_of_service":10193,"identifier":"stephen_g_breyer"},"vote":"minority","opinion_type":"dissent","joining":[{"ID":15060,"name":"John Paul Stevens","href":"https:\/\/api.oyez.org\/people\/john_paul_stevens","view_count":0,"last_name":"Stevens","roles":[{"id":2704,"type":"scotus_justice","date_start":188200800,"date_end":1277787600,"appointing_president":"Gerald Ford","role_title":"Associate Justice of the Supreme Court of the United States","institution_name":"Supreme Court of the United States","href":"https:\/\/api.oyez.org\/preson_role\/scotus_justice\/2704"}],"thumbnail":{"id":32732,"mime":"image\/png","size":62101,"href":"https:\/\/api.oyez.org\/sites\/default\/files\/images\/people\/john_paul_stevens\/john_paul_stevens.thumb.png"},"length_of_service":12611,"identifier":"john_paul_stevens"}],"seniority":9,"ideology":-1.318,"href":"https:\/\/api.oyez.org\/decision_vote\/decision_vote\/176164"}],"majority_vote":5,"minority_vote":4,"winning_party":null,"decision_type":"plurality opinion","href":"https:\/\/api.oyez.org\/case_decision\/case_decision\/13098"}],"first_party_label":"Petitioner","second_party_label":"Respondent","heard_by":[{"ID":15238,"name":"Rehnquist Court (1994-2005)","href":"https:\/\/api.oyez.org\/courts\/rehnquist10","view_count":0,"members":[{"ID":15141,"name":"William H. Rehnquist","href":"https:\/\/api.oyez.org\/people\/william_h_rehnquist","view_count":0,"last_name":"Rehnquist","roles":[{"id":2787,"type":"scotus_justice","date_start":63612000,"date_end":528094800,"appointing_president":"Richard Nixon","role_title":"Associate Justice of the Supreme Court of the United States","institution_name":"Supreme Court of the United States","href":"https:\/\/api.oyez.org\/preson_role\/scotus_justice\/2787"},{"id":2788,"type":"scotus_justice","date_start":528094800,"date_end":1125723600,"appointing_president":"Ronald Reagan","role_title":"Chief Justice of the United States","institution_name":"Supreme Court of the United States","href":"https:\/\/api.oyez.org\/preson_role\/scotus_justice\/2788"}],"thumbnail":{"id":32786,"mime":"image\/png","size":46923,"href":"https:\/\/api.oyez.org\/sites\/default\/files\/images\/people\/william_h_rehnquist\/william_h_rehnquist.thumb.png"},"length_of_service":12293,"identifier":"william_h_rehnquist"},{"ID":15060,"name":"John Paul Stevens","href":"https:\/\/api.oyez.org\/people\/john_paul_stevens","view_count":0,"last_name":"Stevens","roles":[{"id":2704,"type":"scotus_justice","date_start":188200800,"date_end":1277787600,"appointing_president":"Gerald Ford","role_title":"Associate Justice of the Supreme Court of the United States","institution_name":"Supreme Court of the United States","href":"https:\/\/api.oyez.org\/preson_role\/scotus_justice\/2704"}],"thumbnail":{"id":32732,"mime":"image\/png","size":62101,"href":"https:\/\/api.oyez.org\/sites\/default\/files\/images\/people\/john_paul_stevens\/john_paul_stevens.thumb.png"},"length_of_service":12611,"identifier":"john_paul_stevens"},{"ID":15092,"name":"Sandra Day O\u0027Connor","href":"https:\/\/api.oyez.org\/people\/sandra_day_oconnor","view_count":0,"last_name":"O\u0027Connor","roles":[{"id":2736,"type":"scotus_justice","date_start":370242000,"date_end":1138687200,"appointing_president":"Ronald Reagan","role_title":"Associate Justice of the Supreme Court of the United States","institution_name":"Supreme Court of the United States","href":"https:\/\/api.oyez.org\/preson_role\/scotus_justice\/2736"}],"thumbnail":{"id":32763,"mime":"image\/png","size":49563,"href":"https:\/\/api.oyez.org\/sites\/default\/files\/images\/people\/sandra_day_oconnor\/sandra_day_oconnor.thumb.png"},"length_of_service":8894,"identifier":"sandra_day_oconnor"},{"ID":15049,"name":"Antonin Scalia","href":"https:\/\/api.oyez.org\/people\/antonin_scalia","view_count":0,"last_name":"Scalia","roles":[{"id":2693,"type":"scotus_justice","date_start":528094800,"date_end":1455343200,"appointing_president":"Ronald Reagan","role_title":"Associate Justice of the Supreme Court of the United States","institution_name":"Supreme Court of the United States","href":"https:\/\/api.oyez.org\/preson_role\/scotus_justice\/2693"}],"thumbnail":{"id":32678,"mime":"image\/png","size":58944,"href":"https:\/\/api.oyez.org\/sites\/default\/files\/images\/people\/antonin_scalia\/antonin_scalia.thumb.png"},"length_of_service":10732,"identifier":"antonin_scalia"},{"ID":15113,"name":"Anthony M. Kennedy","href":"https:\/\/api.oyez.org\/people\/anthony_m_kennedy","view_count":0,"last_name":"Kennedy","roles":[{"id":2757,"type":"scotus_justice","date_start":572162400,"date_end":1533013200,"appointing_president":"Ronald Reagan","role_title":"Associate Justice of the Supreme Court of the United States","institution_name":"Supreme Court of the United States","href":"https:\/\/api.oyez.org\/preson_role\/scotus_justice\/2757"}],"thumbnail":{"id":32679,"mime":"image\/png","size":47100,"href":"https:\/\/api.oyez.org\/sites\/default\/files\/images\/people\/anthony_m_kennedy\/anthony_m_kennedy.thumb.png"},"length_of_service":11121,"identifier":"anthony_m_kennedy"},{"ID":15042,"name":"David H. Souter","href":"https:\/\/api.oyez.org\/people\/david_h_souter","view_count":0,"last_name":"Souter","roles":[{"id":2686,"type":"scotus_justice","date_start":655362000,"date_end":1246251600,"appointing_president":"George H. W. Bush","role_title":"Associate Justice of the Supreme Court of the United States","institution_name":"Supreme Court of the United States","href":"https:\/\/api.oyez.org\/preson_role\/scotus_justice\/2686"}],"thumbnail":{"id":32703,"mime":"image\/png","size":42141,"href":"https:\/\/api.oyez.org\/sites\/default\/files\/images\/people\/david_h_souter\/david_h_souter.thumb.png"},"length_of_service":6839,"identifier":"david_h_souter"},{"ID":15100,"name":"Clarence Thomas","href":"https:\/\/api.oyez.org\/people\/clarence_thomas","view_count":0,"last_name":"Thomas","roles":[{"id":2744,"type":"scotus_justice","date_start":688194000,"date_end":0,"appointing_president":"George H. W. Bush","role_title":"Associate Justice of the Supreme Court of the United States","institution_name":"Supreme Court of the United States","href":"https:\/\/api.oyez.org\/preson_role\/scotus_justice\/2744"}],"thumbnail":{"id":32680,"mime":"image\/png","size":49064,"href":"https:\/\/api.oyez.org\/sites\/default\/files\/images\/people\/clarence_thomas\/clarence_thomas.thumb.png"},"length_of_service":11156,"identifier":"clarence_thomas"},{"ID":15084,"name":"Ruth Bader Ginsburg","href":"https:\/\/api.oyez.org\/people\/ruth_bader_ginsburg","view_count":0,"last_name":"Ginsburg","roles":[{"id":2728,"type":"scotus_justice","date_start":744958800,"date_end":1600405200,"appointing_president":"Bill Clinton","role_title":"Associate Justice of the Supreme Court of the United States","institution_name":"Supreme Court of the United States","href":"https:\/\/api.oyez.org\/preson_role\/scotus_justice\/2728"}],"thumbnail":{"id":32681,"mime":"image\/png","size":45030,"href":"https:\/\/api.oyez.org\/sites\/default\/files\/images\/people\/ruth_bader_ginsburg\/ruth_bader_ginsburg.thumb.png"},"length_of_service":9901,"identifier":"ruth_bader_ginsburg"},{"ID":15139,"name":"Stephen G. Breyer","href":"https:\/\/api.oyez.org\/people\/stephen_g_breyer","view_count":0,"last_name":"Breyer","roles":[{"id":2785,"type":"scotus_justice","date_start":775890000,"date_end":1656565200,"appointing_president":"Bill Clinton","role_title":"Associate Justice of the Supreme Court of the United States","institution_name":"Supreme Court of the United States","href":"https:\/\/api.oyez.org\/preson_role\/scotus_justice\/2785"}],"thumbnail":{"id":32682,"mime":"image\/png","size":49908,"href":"https:\/\/api.oyez.org\/sites\/default\/files\/images\/people\/stephen_g_breyer\/stephen_g_breyer.thumb.png"},"length_of_service":10193,"identifier":"stephen_g_breyer"}],"court_start":775890000,"images":[{"id":78530,"mime":"image\/jpeg","size":1115948,"href":"https:\/\/api.oyez.org\/sites\/default\/files\/images\/courts\/rehnquist10.jpg"}],"identifier":"rehnquist10"}],"decided_by":{"ID":15238,"name":"Rehnquist Court (1994-2005)","href":"https:\/\/api.oyez.org\/courts\/rehnquist10","view_count":0,"members":[{"ID":15141,"name":"William H. Rehnquist","href":"https:\/\/api.oyez.org\/people\/william_h_rehnquist","view_count":0,"last_name":"Rehnquist","roles":[{"id":2787,"type":"scotus_justice","date_start":63612000,"date_end":528094800,"appointing_president":"Richard Nixon","role_title":"Associate Justice of the Supreme Court of the United States","institution_name":"Supreme Court of the United States","href":"https:\/\/api.oyez.org\/preson_role\/scotus_justice\/2787"},{"id":2788,"type":"scotus_justice","date_start":528094800,"date_end":1125723600,"appointing_president":"Ronald Reagan","role_title":"Chief Justice of the United States","institution_name":"Supreme Court of the United States","href":"https:\/\/api.oyez.org\/preson_role\/scotus_justice\/2788"}],"thumbnail":{"id":32786,"mime":"image\/png","size":46923,"href":"https:\/\/api.oyez.org\/sites\/default\/files\/images\/people\/william_h_rehnquist\/william_h_rehnquist.thumb.png"},"length_of_service":12293,"identifier":"william_h_rehnquist"},{"ID":15060,"name":"John Paul Stevens","href":"https:\/\/api.oyez.org\/people\/john_paul_stevens","view_count":0,"last_name":"Stevens","roles":[{"id":2704,"type":"scotus_justice","date_start":188200800,"date_end":1277787600,"appointing_president":"Gerald Ford","role_title":"Associate Justice of the Supreme Court of the United States","institution_name":"Supreme Court of the United States","href":"https:\/\/api.oyez.org\/preson_role\/scotus_justice\/2704"}],"thumbnail":{"id":32732,"mime":"image\/png","size":62101,"href":"https:\/\/api.oyez.org\/sites\/default\/files\/images\/people\/john_paul_stevens\/john_paul_stevens.thumb.png"},"length_of_service":12611,"identifier":"john_paul_stevens"},{"ID":15092,"name":"Sandra Day O\u0027Connor","href":"https:\/\/api.oyez.org\/people\/sandra_day_oconnor","view_count":0,"last_name":"O\u0027Connor","roles":[{"id":2736,"type":"scotus_justice","date_start":370242000,"date_end":1138687200,"appointing_president":"Ronald Reagan","role_title":"Associate Justice of the Supreme Court of the United States","institution_name":"Supreme Court of the United States","href":"https:\/\/api.oyez.org\/preson_role\/scotus_justice\/2736"}],"thumbnail":{"id":32763,"mime":"image\/png","size":49563,"href":"https:\/\/api.oyez.org\/sites\/default\/files\/images\/people\/sandra_day_oconnor\/sandra_day_oconnor.thumb.png"},"length_of_service":8894,"identifier":"sandra_day_oconnor"},{"ID":15049,"name":"Antonin Scalia","href":"https:\/\/api.oyez.org\/people\/antonin_scalia","view_count":0,"last_name":"Scalia","roles":[{"id":2693,"type":"scotus_justice","date_start":528094800,"date_end":1455343200,"appointing_president":"Ronald Reagan","role_title":"Associate Justice of the Supreme Court of the United States","institution_name":"Supreme Court of the United States","href":"https:\/\/api.oyez.org\/preson_role\/scotus_justice\/2693"}],"thumbnail":{"id":32678,"mime":"image\/png","size":58944,"href":"https:\/\/api.oyez.org\/sites\/default\/files\/images\/people\/antonin_scalia\/antonin_scalia.thumb.png"},"length_of_service":10732,"identifier":"antonin_scalia"},{"ID":15113,"name":"Anthony M. Kennedy","href":"https:\/\/api.oyez.org\/people\/anthony_m_kennedy","view_count":0,"last_name":"Kennedy","roles":[{"id":2757,"type":"scotus_justice","date_start":572162400,"date_end":1533013200,"appointing_president":"Ronald Reagan","role_title":"Associate Justice of the Supreme Court of the United States","institution_name":"Supreme Court of the United States","href":"https:\/\/api.oyez.org\/preson_role\/scotus_justice\/2757"}],"thumbnail":{"id":32679,"mime":"image\/png","size":47100,"href":"https:\/\/api.oyez.org\/sites\/default\/files\/images\/people\/anthony_m_kennedy\/anthony_m_kennedy.thumb.png"},"length_of_service":11121,"identifier":"anthony_m_kennedy"},{"ID":15042,"name":"David H. Souter","href":"https:\/\/api.oyez.org\/people\/david_h_souter","view_count":0,"last_name":"Souter","roles":[{"id":2686,"type":"scotus_justice","date_start":655362000,"date_end":1246251600,"appointing_president":"George H. W. Bush","role_title":"Associate Justice of the Supreme Court of the United States","institution_name":"Supreme Court of the United States","href":"https:\/\/api.oyez.org\/preson_role\/scotus_justice\/2686"}],"thumbnail":{"id":32703,"mime":"image\/png","size":42141,"href":"https:\/\/api.oyez.org\/sites\/default\/files\/images\/people\/david_h_souter\/david_h_souter.thumb.png"},"length_of_service":6839,"identifier":"david_h_souter"},{"ID":15100,"name":"Clarence Thomas","href":"https:\/\/api.oyez.org\/people\/clarence_thomas","view_count":0,"last_name":"Thomas","roles":[{"id":2744,"type":"scotus_justice","date_start":688194000,"date_end":0,"appointing_president":"George H. W. Bush","role_title":"Associate Justice of the Supreme Court of the United States","institution_name":"Supreme Court of the United States","href":"https:\/\/api.oyez.org\/preson_role\/scotus_justice\/2744"}],"thumbnail":{"id":32680,"mime":"image\/png","size":49064,"href":"https:\/\/api.oyez.org\/sites\/default\/files\/images\/people\/clarence_thomas\/clarence_thomas.thumb.png"},"length_of_service":11156,"identifier":"clarence_thomas"},{"ID":15084,"name":"Ruth Bader Ginsburg","href":"https:\/\/api.oyez.org\/people\/ruth_bader_ginsburg","view_count":0,"last_name":"Ginsburg","roles":[{"id":2728,"type":"scotus_justice","date_start":744958800,"date_end":1600405200,"appointing_president":"Bill Clinton","role_title":"Associate Justice of the Supreme Court of the United States","institution_name":"Supreme Court of the United States","href":"https:\/\/api.oyez.org\/preson_role\/scotus_justice\/2728"}],"thumbnail":{"id":32681,"mime":"image\/png","size":45030,"href":"https:\/\/api.oyez.org\/sites\/default\/files\/images\/people\/ruth_bader_ginsburg\/ruth_bader_ginsburg.thumb.png"},"length_of_service":9901,"identifier":"ruth_bader_ginsburg"},{"ID":15139,"name":"Stephen G. Breyer","href":"https:\/\/api.oyez.org\/people\/stephen_g_breyer","view_count":0,"last_name":"Breyer","roles":[{"id":2785,"type":"scotus_justice","date_start":775890000,"date_end":1656565200,"appointing_president":"Bill Clinton","role_title":"Associate Justice of the Supreme Court of the United States","institution_name":"Supreme Court of the United States","href":"https:\/\/api.oyez.org\/preson_role\/scotus_justice\/2785"}],"thumbnail":{"id":32682,"mime":"image\/png","size":49908,"href":"https:\/\/api.oyez.org\/sites\/default\/files\/images\/people\/stephen_g_breyer\/stephen_g_breyer.thumb.png"},"length_of_service":10193,"identifier":"stephen_g_breyer"}],"court_start":775890000,"images":[{"id":78530,"mime":"image\/jpeg","size":1115948,"href":"https:\/\/api.oyez.org\/sites\/default\/files\/images\/courts\/rehnquist10.jpg"}],"identifier":"rehnquist10"},"term":"2002","location":{"latitude":33.911355,"longitude":-118.393854,"name":"El Segundo Golf Course","street":"400 South Sepulveda BoulevardEl Segundo CA 90245","city":"El Segundo","province":"CA","postal_code":"90245","province_name":"California"},"opinion_announcement":[{"id":21899,"title":"Opinion Announcement - March 05, 2003","unavailable":null,"href":"https:\/\/api.oyez.org\/case_media\/opinion_announcement_audio\/21899"}],"description":null,"written_opinion":[{"id":3068,"title":"Syllabus","author":null,"type":{"value":"syllabus","label":"Syllabus"},"justia_opinion_id":1961202,"justia_opinion_url":"https:\/\/supreme.justia.com\/cases\/federal\/us\/538\/11\/","judge_full_name":null,"judge_last_name":null,"title_overwrite":null,"href":"https:\/\/api.oyez.org\/case_document\/written_opinion\/3068"},{"id":3069,"title":"View Case","author":null,"type":{"value":"case","label":null},"justia_opinion_id":1961203,"justia_opinion_url":"https:\/\/supreme.justia.com\/cases\/federal\/us\/538\/11\/case.html","judge_full_name":null,"judge_last_name":null,"title_overwrite":null,"href":"https:\/\/api.oyez.org\/case_document\/written_opinion\/3069"}],"related_cases":null,"justia_url":"https:\/\/supreme.justia.com\/cases\/federal\/us\/538\/11\/","argument2_url":null}