{"ID":55458,"name":"Danforth v. Minnesota","href":"https:\/\/api.oyez.org\/cases\/2007\/06-8273","view_count":0,"docket_number":"06-8273","additional_docket_numbers":null,"manner_of_jurisdiction":"Writ of \u003Ci\u003Ecertiorari\u003C\/i\u003E","first_party":"Stephen Danforth","second_party":"Minnesota","timeline":[{"event":"Granted","dates":[1179723600],"href":"https:\/\/api.oyez.org\/case_timeline\/case_timeline\/39879"},{"event":"Argued","dates":[1193806800],"href":"https:\/\/api.oyez.org\/case_timeline\/case_timeline\/39880"},{"event":"Decided","dates":[1203487200],"href":"https:\/\/api.oyez.org\/case_timeline\/case_timeline\/39881"}],"lower_court":{"ID":44,"name":"Minnesota Supreme Court","href":"https:\/\/api.oyez.org\/taxonomy\/term\/44"},"facts_of_the_case":"\u003Cp\u003EAt Stephen Danforth\u0027s trial for sexual abuse of a six-year-old boy, the victim was found incompetent to testify in court, so his videotaped testimony was shown instead. Danforth was convicted and his appeals were unsuccessful. After Danforth\u0027s case became final, the Supreme Court ruled in \u003Cem\u003ECrawford v. Washington\u003C\/em\u003E that pre-recorded testimony without the possibility of cross-examination is unconstitutional. Danforth filed a second petition for postconviction relief, seeking to have the \u003Cem\u003ECrawford\u003C\/em\u003E decision applied retroactively to his case. Supreme Court decisions announcing constitutional rules of criminal procedure are applied retroactively only in certain circumstances, which are specified in \u003Cem\u003ETeague v. Lane\u003C\/em\u003E. The state court of appeals declined to retroactively apply \u003Cem\u003ECrawford\u003C\/em\u003E.\u003C\/p\u003E\n\u003Cp\u003EOn appeal to the Minnesota Supreme Court, Danforth raised an alternative argument, claiming that the state court was free to apply a broader standard of retroactivity than the one in \u003Cem\u003ETeague\u003C\/em\u003E. Under Minnesota state retroactivity principles, Danforth argued, the \u003Cem\u003ECrawford\u003C\/em\u003E case met the criteria for retroactive application. In Danforth\u0027s interpretation, the \u003Cem\u003ETeague\u003C\/em\u003E standard was mandatory for federal habeas corpus proceedings but not for state postconviction proceedings. The Minnesota Supreme Court rejected Danforth\u0027s arguments, ruling that only U.S. Supreme Court decisions determine the proper standard for retroactive application of constitutional criminal procedure. The Supreme Court subsequently ruled in \u003Cem\u003EWhorton v. Bockting\u003C\/em\u003E that \u003Cem\u003ECrawford\u003C\/em\u003E does not apply retroactively under \u003Cem\u003ETeague\u003C\/em\u003E, but it agreed to consider Danforth\u0027s alternative argument.\u003C\/p\u003E\n","question":"\u003Cp\u003EWhen determining whether Supreme Court decisions on constitutional rules of criminal procedure apply retroactively, may state supreme courts use state-law retroactivity standards that are broader than the standard in \u003Cem\u003ETeague v. Lane\u003C\/em\u003E?\u003C\/p\u003E\n","conclusion":"\u003Cp\u003EIn a 7-2 opinion written by Justice John Paul Stevens, the Court held that the federal case law precedent, including \u003Cem\u003ETeague\u003C\/em\u003E did not constrain the authority of state courts to give broader effect to new rules of criminal procedure than was required by the precedent. The precedent applied only to federal habeas corpus petitions and had no bearing on state post-conviction proceedings. Chief Justice John G. Roberts Jr. wrote a dissenting opinion in which Justice Anthony Kennedy joined.\u003C\/p\u003E\n","advocates":[{"advocate":{"ID":17453,"name":"Benjamin J. Butler","href":"https:\/\/api.oyez.org\/people\/benjamin_j_butler","view_count":0,"last_name":"Butler","roles":null,"thumbnail":null,"length_of_service":0,"identifier":"benjamin_j_butler"},"advocate_description":"on behalf of the Petitioner","href":"https:\/\/api.oyez.org\/case_advocate\/case_advocate\/19491"},{"advocate":{"ID":37837,"name":"Patrick C. Diamond","href":"https:\/\/api.oyez.org\/people\/patrick_c_diamond","view_count":0,"last_name":"Diamond","roles":null,"thumbnail":null,"length_of_service":0,"identifier":"patrick_c_diamond"},"advocate_description":"on behalf of the Respondent","href":"https:\/\/api.oyez.org\/case_advocate\/case_advocate\/19492"}],"oral_argument_audio":[{"id":22130,"title":"Oral Argument - October 31, 2007","public_note":null,"unavailable":null,"display_title":null,"href":"https:\/\/api.oyez.org\/case_media\/oral_argument_audio\/22130"}],"citation":{"volume":"552","page":"264","year":"2008","href":"https:\/\/api.oyez.org\/case_citation\/case_citation\/20749"},"decisions":[{"description":null,"votes":[{"member":{"ID":15060,"name":"John Paul Stevens","href":"https:\/\/api.oyez.org\/people\/john_paul_stevens","view_count":0,"last_name":"Stevens","roles":[{"id":2704,"type":"scotus_justice","date_start":188200800,"date_end":1277787600,"appointing_president":"Gerald Ford","role_title":"Associate Justice of the Supreme Court of the United States","institution_name":"Supreme Court of the United States","href":"https:\/\/api.oyez.org\/preson_role\/scotus_justice\/2704"}],"thumbnail":{"id":32732,"mime":"image\/png","size":62101,"href":"https:\/\/api.oyez.org\/sites\/default\/files\/images\/people\/john_paul_stevens\/john_paul_stevens.thumb.png"},"length_of_service":12611,"identifier":"john_paul_stevens"},"vote":"majority","opinion_type":"majority","joining":null,"seniority":2,"ideology":-2.668,"href":"https:\/\/api.oyez.org\/decision_vote\/decision_vote\/179542"},{"member":{"ID":15049,"name":"Antonin Scalia","href":"https:\/\/api.oyez.org\/people\/antonin_scalia","view_count":0,"last_name":"Scalia","roles":[{"id":2693,"type":"scotus_justice","date_start":528094800,"date_end":1455343200,"appointing_president":"Ronald Reagan","role_title":"Associate Justice of the Supreme Court of the United States","institution_name":"Supreme Court of the United States","href":"https:\/\/api.oyez.org\/preson_role\/scotus_justice\/2693"}],"thumbnail":{"id":32678,"mime":"image\/png","size":58944,"href":"https:\/\/api.oyez.org\/sites\/default\/files\/images\/people\/antonin_scalia\/antonin_scalia.thumb.png"},"length_of_service":10732,"identifier":"antonin_scalia"},"vote":"majority","opinion_type":"none","joining":null,"seniority":3,"ideology":2.398,"href":"https:\/\/api.oyez.org\/decision_vote\/decision_vote\/179543"},{"member":{"ID":15113,"name":"Anthony M. Kennedy","href":"https:\/\/api.oyez.org\/people\/anthony_m_kennedy","view_count":0,"last_name":"Kennedy","roles":[{"id":2757,"type":"scotus_justice","date_start":572162400,"date_end":1533013200,"appointing_president":"Ronald Reagan","role_title":"Associate Justice of the Supreme Court of the United States","institution_name":"Supreme Court of the United States","href":"https:\/\/api.oyez.org\/preson_role\/scotus_justice\/2757"}],"thumbnail":{"id":32679,"mime":"image\/png","size":47100,"href":"https:\/\/api.oyez.org\/sites\/default\/files\/images\/people\/anthony_m_kennedy\/anthony_m_kennedy.thumb.png"},"length_of_service":11121,"identifier":"anthony_m_kennedy"},"vote":"minority","opinion_type":"none","joining":[{"ID":15086,"name":"John G. Roberts, Jr.","href":"https:\/\/api.oyez.org\/people\/john_g_roberts_jr","view_count":0,"last_name":"Roberts","roles":[{"id":2730,"type":"scotus_justice","date_start":1127970000,"date_end":0,"appointing_president":"George W. Bush","role_title":"Chief Justice of the United States","institution_name":"Supreme Court of the United States","href":"https:\/\/api.oyez.org\/preson_role\/scotus_justice\/2730"}],"thumbnail":{"id":32683,"mime":"image\/png","size":52305,"href":"https:\/\/api.oyez.org\/sites\/default\/files\/images\/people\/john_g_roberts_jr\/john_g_roberts_jr.thumb.png"},"length_of_service":6119,"identifier":"john_g_roberts_jr"}],"seniority":4,"ideology":0.402,"href":"https:\/\/api.oyez.org\/decision_vote\/decision_vote\/179544"},{"member":{"ID":15042,"name":"David H. Souter","href":"https:\/\/api.oyez.org\/people\/david_h_souter","view_count":0,"last_name":"Souter","roles":[{"id":2686,"type":"scotus_justice","date_start":655362000,"date_end":1246251600,"appointing_president":"George H. W. Bush","role_title":"Associate Justice of the Supreme Court of the United States","institution_name":"Supreme Court of the United States","href":"https:\/\/api.oyez.org\/preson_role\/scotus_justice\/2686"}],"thumbnail":{"id":32703,"mime":"image\/png","size":42141,"href":"https:\/\/api.oyez.org\/sites\/default\/files\/images\/people\/david_h_souter\/david_h_souter.thumb.png"},"length_of_service":6839,"identifier":"david_h_souter"},"vote":"majority","opinion_type":"none","joining":null,"seniority":5,"ideology":-1.509,"href":"https:\/\/api.oyez.org\/decision_vote\/decision_vote\/179545"},{"member":{"ID":15100,"name":"Clarence Thomas","href":"https:\/\/api.oyez.org\/people\/clarence_thomas","view_count":0,"last_name":"Thomas","roles":[{"id":2744,"type":"scotus_justice","date_start":688194000,"date_end":0,"appointing_president":"George H. W. Bush","role_title":"Associate Justice of the Supreme Court of the United States","institution_name":"Supreme Court of the United States","href":"https:\/\/api.oyez.org\/preson_role\/scotus_justice\/2744"}],"thumbnail":{"id":32680,"mime":"image\/png","size":49064,"href":"https:\/\/api.oyez.org\/sites\/default\/files\/images\/people\/clarence_thomas\/clarence_thomas.thumb.png"},"length_of_service":11156,"identifier":"clarence_thomas"},"vote":"majority","opinion_type":"none","joining":null,"seniority":6,"ideology":3.779,"href":"https:\/\/api.oyez.org\/decision_vote\/decision_vote\/179546"},{"member":{"ID":15084,"name":"Ruth Bader Ginsburg","href":"https:\/\/api.oyez.org\/people\/ruth_bader_ginsburg","view_count":0,"last_name":"Ginsburg","roles":[{"id":2728,"type":"scotus_justice","date_start":744958800,"date_end":1600405200,"appointing_president":"Bill Clinton","role_title":"Associate Justice of the Supreme Court of the United States","institution_name":"Supreme Court of the United States","href":"https:\/\/api.oyez.org\/preson_role\/scotus_justice\/2728"}],"thumbnail":{"id":32681,"mime":"image\/png","size":45030,"href":"https:\/\/api.oyez.org\/sites\/default\/files\/images\/people\/ruth_bader_ginsburg\/ruth_bader_ginsburg.thumb.png"},"length_of_service":9901,"identifier":"ruth_bader_ginsburg"},"vote":"majority","opinion_type":"none","joining":null,"seniority":7,"ideology":-1.698,"href":"https:\/\/api.oyez.org\/decision_vote\/decision_vote\/179547"},{"member":{"ID":15139,"name":"Stephen G. Breyer","href":"https:\/\/api.oyez.org\/people\/stephen_g_breyer","view_count":0,"last_name":"Breyer","roles":[{"id":2785,"type":"scotus_justice","date_start":775890000,"date_end":1656565200,"appointing_president":"Bill Clinton","role_title":"Associate Justice of the Supreme Court of the United States","institution_name":"Supreme Court of the United States","href":"https:\/\/api.oyez.org\/preson_role\/scotus_justice\/2785"}],"thumbnail":{"id":32682,"mime":"image\/png","size":49908,"href":"https:\/\/api.oyez.org\/sites\/default\/files\/images\/people\/stephen_g_breyer\/stephen_g_breyer.thumb.png"},"length_of_service":10193,"identifier":"stephen_g_breyer"},"vote":"majority","opinion_type":"none","joining":null,"seniority":8,"ideology":-1.284,"href":"https:\/\/api.oyez.org\/decision_vote\/decision_vote\/179548"},{"member":{"ID":15086,"name":"John G. Roberts, Jr.","href":"https:\/\/api.oyez.org\/people\/john_g_roberts_jr","view_count":0,"last_name":"Roberts","roles":[{"id":2730,"type":"scotus_justice","date_start":1127970000,"date_end":0,"appointing_president":"George W. Bush","role_title":"Chief Justice of the United States","institution_name":"Supreme Court of the United States","href":"https:\/\/api.oyez.org\/preson_role\/scotus_justice\/2730"}],"thumbnail":{"id":32683,"mime":"image\/png","size":52305,"href":"https:\/\/api.oyez.org\/sites\/default\/files\/images\/people\/john_g_roberts_jr\/john_g_roberts_jr.thumb.png"},"length_of_service":6119,"identifier":"john_g_roberts_jr"},"vote":"minority","opinion_type":"dissent","joining":null,"seniority":1,"ideology":1.401,"href":"https:\/\/api.oyez.org\/decision_vote\/decision_vote\/179549"},{"member":{"ID":15068,"name":"Samuel A. Alito, Jr.","href":"https:\/\/api.oyez.org\/people\/samuel_a_alito_jr","view_count":0,"last_name":"Alito","roles":[{"id":2712,"type":"scotus_justice","date_start":1138687200,"date_end":0,"appointing_president":"George W. Bush","role_title":"Associate Justice of the Supreme Court of the United States","institution_name":"Supreme Court of the United States","href":"https:\/\/api.oyez.org\/preson_role\/scotus_justice\/2712"}],"thumbnail":{"id":32684,"mime":"image\/png","size":44799,"href":"https:\/\/api.oyez.org\/sites\/default\/files\/images\/people\/samuel_alito_jr\/samuel_alito_jr.thumb.png"},"length_of_service":5908,"identifier":"samuel_a_alito_jr"},"vote":"majority","opinion_type":"none","joining":null,"seniority":9,"ideology":1.536,"href":"https:\/\/api.oyez.org\/decision_vote\/decision_vote\/179550"}],"majority_vote":7,"minority_vote":2,"winning_party":"Stephen Danforth","decision_type":"majority opinion","href":"https:\/\/api.oyez.org\/case_decision\/case_decision\/13475"}],"first_party_label":"Petitioner","second_party_label":"Respondent","heard_by":[{"ID":15149,"name":"Roberts Court (2006-2009)","href":"https:\/\/api.oyez.org\/courts\/roberts2","view_count":0,"members":[{"ID":15086,"name":"John G. Roberts, Jr.","href":"https:\/\/api.oyez.org\/people\/john_g_roberts_jr","view_count":0,"last_name":"Roberts","roles":[{"id":2730,"type":"scotus_justice","date_start":1127970000,"date_end":0,"appointing_president":"George W. Bush","role_title":"Chief Justice of the United States","institution_name":"Supreme Court of the United States","href":"https:\/\/api.oyez.org\/preson_role\/scotus_justice\/2730"}],"thumbnail":{"id":32683,"mime":"image\/png","size":52305,"href":"https:\/\/api.oyez.org\/sites\/default\/files\/images\/people\/john_g_roberts_jr\/john_g_roberts_jr.thumb.png"},"length_of_service":6119,"identifier":"john_g_roberts_jr"},{"ID":15060,"name":"John Paul Stevens","href":"https:\/\/api.oyez.org\/people\/john_paul_stevens","view_count":0,"last_name":"Stevens","roles":[{"id":2704,"type":"scotus_justice","date_start":188200800,"date_end":1277787600,"appointing_president":"Gerald Ford","role_title":"Associate Justice of the Supreme Court of the United States","institution_name":"Supreme Court of the United States","href":"https:\/\/api.oyez.org\/preson_role\/scotus_justice\/2704"}],"thumbnail":{"id":32732,"mime":"image\/png","size":62101,"href":"https:\/\/api.oyez.org\/sites\/default\/files\/images\/people\/john_paul_stevens\/john_paul_stevens.thumb.png"},"length_of_service":12611,"identifier":"john_paul_stevens"},{"ID":15049,"name":"Antonin Scalia","href":"https:\/\/api.oyez.org\/people\/antonin_scalia","view_count":0,"last_name":"Scalia","roles":[{"id":2693,"type":"scotus_justice","date_start":528094800,"date_end":1455343200,"appointing_president":"Ronald Reagan","role_title":"Associate Justice of the Supreme Court of the United States","institution_name":"Supreme Court of the United States","href":"https:\/\/api.oyez.org\/preson_role\/scotus_justice\/2693"}],"thumbnail":{"id":32678,"mime":"image\/png","size":58944,"href":"https:\/\/api.oyez.org\/sites\/default\/files\/images\/people\/antonin_scalia\/antonin_scalia.thumb.png"},"length_of_service":10732,"identifier":"antonin_scalia"},{"ID":15113,"name":"Anthony M. Kennedy","href":"https:\/\/api.oyez.org\/people\/anthony_m_kennedy","view_count":0,"last_name":"Kennedy","roles":[{"id":2757,"type":"scotus_justice","date_start":572162400,"date_end":1533013200,"appointing_president":"Ronald Reagan","role_title":"Associate Justice of the Supreme Court of the United States","institution_name":"Supreme Court of the United States","href":"https:\/\/api.oyez.org\/preson_role\/scotus_justice\/2757"}],"thumbnail":{"id":32679,"mime":"image\/png","size":47100,"href":"https:\/\/api.oyez.org\/sites\/default\/files\/images\/people\/anthony_m_kennedy\/anthony_m_kennedy.thumb.png"},"length_of_service":11121,"identifier":"anthony_m_kennedy"},{"ID":15042,"name":"David H. Souter","href":"https:\/\/api.oyez.org\/people\/david_h_souter","view_count":0,"last_name":"Souter","roles":[{"id":2686,"type":"scotus_justice","date_start":655362000,"date_end":1246251600,"appointing_president":"George H. W. Bush","role_title":"Associate Justice of the Supreme Court of the United States","institution_name":"Supreme Court of the United States","href":"https:\/\/api.oyez.org\/preson_role\/scotus_justice\/2686"}],"thumbnail":{"id":32703,"mime":"image\/png","size":42141,"href":"https:\/\/api.oyez.org\/sites\/default\/files\/images\/people\/david_h_souter\/david_h_souter.thumb.png"},"length_of_service":6839,"identifier":"david_h_souter"},{"ID":15100,"name":"Clarence Thomas","href":"https:\/\/api.oyez.org\/people\/clarence_thomas","view_count":0,"last_name":"Thomas","roles":[{"id":2744,"type":"scotus_justice","date_start":688194000,"date_end":0,"appointing_president":"George H. W. Bush","role_title":"Associate Justice of the Supreme Court of the United States","institution_name":"Supreme Court of the United States","href":"https:\/\/api.oyez.org\/preson_role\/scotus_justice\/2744"}],"thumbnail":{"id":32680,"mime":"image\/png","size":49064,"href":"https:\/\/api.oyez.org\/sites\/default\/files\/images\/people\/clarence_thomas\/clarence_thomas.thumb.png"},"length_of_service":11156,"identifier":"clarence_thomas"},{"ID":15084,"name":"Ruth Bader Ginsburg","href":"https:\/\/api.oyez.org\/people\/ruth_bader_ginsburg","view_count":0,"last_name":"Ginsburg","roles":[{"id":2728,"type":"scotus_justice","date_start":744958800,"date_end":1600405200,"appointing_president":"Bill Clinton","role_title":"Associate Justice of the Supreme Court of the United States","institution_name":"Supreme Court of the United States","href":"https:\/\/api.oyez.org\/preson_role\/scotus_justice\/2728"}],"thumbnail":{"id":32681,"mime":"image\/png","size":45030,"href":"https:\/\/api.oyez.org\/sites\/default\/files\/images\/people\/ruth_bader_ginsburg\/ruth_bader_ginsburg.thumb.png"},"length_of_service":9901,"identifier":"ruth_bader_ginsburg"},{"ID":15139,"name":"Stephen G. Breyer","href":"https:\/\/api.oyez.org\/people\/stephen_g_breyer","view_count":0,"last_name":"Breyer","roles":[{"id":2785,"type":"scotus_justice","date_start":775890000,"date_end":1656565200,"appointing_president":"Bill Clinton","role_title":"Associate Justice of the Supreme Court of the United States","institution_name":"Supreme Court of the United States","href":"https:\/\/api.oyez.org\/preson_role\/scotus_justice\/2785"}],"thumbnail":{"id":32682,"mime":"image\/png","size":49908,"href":"https:\/\/api.oyez.org\/sites\/default\/files\/images\/people\/stephen_g_breyer\/stephen_g_breyer.thumb.png"},"length_of_service":10193,"identifier":"stephen_g_breyer"},{"ID":15068,"name":"Samuel A. Alito, Jr.","href":"https:\/\/api.oyez.org\/people\/samuel_a_alito_jr","view_count":0,"last_name":"Alito","roles":[{"id":2712,"type":"scotus_justice","date_start":1138687200,"date_end":0,"appointing_president":"George W. Bush","role_title":"Associate Justice of the Supreme Court of the United States","institution_name":"Supreme Court of the United States","href":"https:\/\/api.oyez.org\/preson_role\/scotus_justice\/2712"}],"thumbnail":{"id":32684,"mime":"image\/png","size":44799,"href":"https:\/\/api.oyez.org\/sites\/default\/files\/images\/people\/samuel_alito_jr\/samuel_alito_jr.thumb.png"},"length_of_service":5908,"identifier":"samuel_a_alito_jr"}],"court_start":1138687200,"images":[{"id":12234,"mime":"image\/jpeg","size":70439,"href":"https:\/\/api.oyez.org\/sites\/default\/files\/images\/courts\/roberts2.jpg"}],"identifier":"roberts2"}],"decided_by":{"ID":15149,"name":"Roberts Court (2006-2009)","href":"https:\/\/api.oyez.org\/courts\/roberts2","view_count":0,"members":[{"ID":15086,"name":"John G. Roberts, Jr.","href":"https:\/\/api.oyez.org\/people\/john_g_roberts_jr","view_count":0,"last_name":"Roberts","roles":[{"id":2730,"type":"scotus_justice","date_start":1127970000,"date_end":0,"appointing_president":"George W. Bush","role_title":"Chief Justice of the United States","institution_name":"Supreme Court of the United States","href":"https:\/\/api.oyez.org\/preson_role\/scotus_justice\/2730"}],"thumbnail":{"id":32683,"mime":"image\/png","size":52305,"href":"https:\/\/api.oyez.org\/sites\/default\/files\/images\/people\/john_g_roberts_jr\/john_g_roberts_jr.thumb.png"},"length_of_service":6119,"identifier":"john_g_roberts_jr"},{"ID":15060,"name":"John Paul Stevens","href":"https:\/\/api.oyez.org\/people\/john_paul_stevens","view_count":0,"last_name":"Stevens","roles":[{"id":2704,"type":"scotus_justice","date_start":188200800,"date_end":1277787600,"appointing_president":"Gerald Ford","role_title":"Associate Justice of the Supreme Court of the United States","institution_name":"Supreme Court of the United States","href":"https:\/\/api.oyez.org\/preson_role\/scotus_justice\/2704"}],"thumbnail":{"id":32732,"mime":"image\/png","size":62101,"href":"https:\/\/api.oyez.org\/sites\/default\/files\/images\/people\/john_paul_stevens\/john_paul_stevens.thumb.png"},"length_of_service":12611,"identifier":"john_paul_stevens"},{"ID":15049,"name":"Antonin Scalia","href":"https:\/\/api.oyez.org\/people\/antonin_scalia","view_count":0,"last_name":"Scalia","roles":[{"id":2693,"type":"scotus_justice","date_start":528094800,"date_end":1455343200,"appointing_president":"Ronald Reagan","role_title":"Associate Justice of the Supreme Court of the United States","institution_name":"Supreme Court of the United States","href":"https:\/\/api.oyez.org\/preson_role\/scotus_justice\/2693"}],"thumbnail":{"id":32678,"mime":"image\/png","size":58944,"href":"https:\/\/api.oyez.org\/sites\/default\/files\/images\/people\/antonin_scalia\/antonin_scalia.thumb.png"},"length_of_service":10732,"identifier":"antonin_scalia"},{"ID":15113,"name":"Anthony M. Kennedy","href":"https:\/\/api.oyez.org\/people\/anthony_m_kennedy","view_count":0,"last_name":"Kennedy","roles":[{"id":2757,"type":"scotus_justice","date_start":572162400,"date_end":1533013200,"appointing_president":"Ronald Reagan","role_title":"Associate Justice of the Supreme Court of the United States","institution_name":"Supreme Court of the United States","href":"https:\/\/api.oyez.org\/preson_role\/scotus_justice\/2757"}],"thumbnail":{"id":32679,"mime":"image\/png","size":47100,"href":"https:\/\/api.oyez.org\/sites\/default\/files\/images\/people\/anthony_m_kennedy\/anthony_m_kennedy.thumb.png"},"length_of_service":11121,"identifier":"anthony_m_kennedy"},{"ID":15042,"name":"David H. Souter","href":"https:\/\/api.oyez.org\/people\/david_h_souter","view_count":0,"last_name":"Souter","roles":[{"id":2686,"type":"scotus_justice","date_start":655362000,"date_end":1246251600,"appointing_president":"George H. W. Bush","role_title":"Associate Justice of the Supreme Court of the United States","institution_name":"Supreme Court of the United States","href":"https:\/\/api.oyez.org\/preson_role\/scotus_justice\/2686"}],"thumbnail":{"id":32703,"mime":"image\/png","size":42141,"href":"https:\/\/api.oyez.org\/sites\/default\/files\/images\/people\/david_h_souter\/david_h_souter.thumb.png"},"length_of_service":6839,"identifier":"david_h_souter"},{"ID":15100,"name":"Clarence Thomas","href":"https:\/\/api.oyez.org\/people\/clarence_thomas","view_count":0,"last_name":"Thomas","roles":[{"id":2744,"type":"scotus_justice","date_start":688194000,"date_end":0,"appointing_president":"George H. W. Bush","role_title":"Associate Justice of the Supreme Court of the United States","institution_name":"Supreme Court of the United States","href":"https:\/\/api.oyez.org\/preson_role\/scotus_justice\/2744"}],"thumbnail":{"id":32680,"mime":"image\/png","size":49064,"href":"https:\/\/api.oyez.org\/sites\/default\/files\/images\/people\/clarence_thomas\/clarence_thomas.thumb.png"},"length_of_service":11156,"identifier":"clarence_thomas"},{"ID":15084,"name":"Ruth Bader Ginsburg","href":"https:\/\/api.oyez.org\/people\/ruth_bader_ginsburg","view_count":0,"last_name":"Ginsburg","roles":[{"id":2728,"type":"scotus_justice","date_start":744958800,"date_end":1600405200,"appointing_president":"Bill Clinton","role_title":"Associate Justice of the Supreme Court of the United States","institution_name":"Supreme Court of the United States","href":"https:\/\/api.oyez.org\/preson_role\/scotus_justice\/2728"}],"thumbnail":{"id":32681,"mime":"image\/png","size":45030,"href":"https:\/\/api.oyez.org\/sites\/default\/files\/images\/people\/ruth_bader_ginsburg\/ruth_bader_ginsburg.thumb.png"},"length_of_service":9901,"identifier":"ruth_bader_ginsburg"},{"ID":15139,"name":"Stephen G. Breyer","href":"https:\/\/api.oyez.org\/people\/stephen_g_breyer","view_count":0,"last_name":"Breyer","roles":[{"id":2785,"type":"scotus_justice","date_start":775890000,"date_end":1656565200,"appointing_president":"Bill Clinton","role_title":"Associate Justice of the Supreme Court of the United States","institution_name":"Supreme Court of the United States","href":"https:\/\/api.oyez.org\/preson_role\/scotus_justice\/2785"}],"thumbnail":{"id":32682,"mime":"image\/png","size":49908,"href":"https:\/\/api.oyez.org\/sites\/default\/files\/images\/people\/stephen_g_breyer\/stephen_g_breyer.thumb.png"},"length_of_service":10193,"identifier":"stephen_g_breyer"},{"ID":15068,"name":"Samuel A. Alito, Jr.","href":"https:\/\/api.oyez.org\/people\/samuel_a_alito_jr","view_count":0,"last_name":"Alito","roles":[{"id":2712,"type":"scotus_justice","date_start":1138687200,"date_end":0,"appointing_president":"George W. Bush","role_title":"Associate Justice of the Supreme Court of the United States","institution_name":"Supreme Court of the United States","href":"https:\/\/api.oyez.org\/preson_role\/scotus_justice\/2712"}],"thumbnail":{"id":32684,"mime":"image\/png","size":44799,"href":"https:\/\/api.oyez.org\/sites\/default\/files\/images\/people\/samuel_alito_jr\/samuel_alito_jr.thumb.png"},"length_of_service":5908,"identifier":"samuel_a_alito_jr"}],"court_start":1138687200,"images":[{"id":12234,"mime":"image\/jpeg","size":70439,"href":"https:\/\/api.oyez.org\/sites\/default\/files\/images\/courts\/roberts2.jpg"}],"identifier":"roberts2"},"term":"2007","location":null,"opinion_announcement":[{"id":23084,"title":"Opinion Announcement - February 20, 2008","unavailable":null,"href":"https:\/\/api.oyez.org\/case_media\/opinion_announcement_audio\/23084"}],"description":null,"written_opinion":[{"id":1984,"title":"Dissenting opinion","author":null,"type":{"value":"dissenting","label":"Dissenting opinion"},"justia_opinion_id":1962577,"justia_opinion_url":"https:\/\/supreme.justia.com\/cases\/federal\/us\/552\/264\/dissent.html","judge_full_name":"John G. Roberts, Jr.","judge_last_name":"Roberts","title_overwrite":null,"href":"https:\/\/api.oyez.org\/case_document\/written_opinion\/1984"},{"id":1985,"title":"Syllabus","author":null,"type":{"value":"syllabus","label":"Syllabus"},"justia_opinion_id":1962578,"justia_opinion_url":"https:\/\/supreme.justia.com\/cases\/federal\/us\/552\/264\/","judge_full_name":null,"judge_last_name":null,"title_overwrite":null,"href":"https:\/\/api.oyez.org\/case_document\/written_opinion\/1985"},{"id":1986,"title":"Opinion of the Court","author":null,"type":{"value":"majority","label":"Opinion of the Court"},"justia_opinion_id":1962579,"justia_opinion_url":"https:\/\/supreme.justia.com\/cases\/federal\/us\/552\/264\/opinion.html","judge_full_name":"John Paul Stevens","judge_last_name":"Stevens","title_overwrite":null,"href":"https:\/\/api.oyez.org\/case_document\/written_opinion\/1986"}],"related_cases":null,"justia_url":"https:\/\/supreme.justia.com\/cases\/federal\/us\/552\/264\/","argument2_url":null}