{"ID":55535,"name":"14 Penn Plaza LLC v. Pyett","href":"https:\/\/api.oyez.org\/cases\/2008\/07-581","view_count":0,"docket_number":"07-581","additional_docket_numbers":null,"manner_of_jurisdiction":"Writ of \u003Ci\u003Ecertiorari\u003C\/i\u003E","first_party":"14 Penn Plaza LLC, et al.","second_party":"Steven Pyett, et al.","timeline":[{"event":"Granted","dates":[1203400800],"href":"https:\/\/api.oyez.org\/case_timeline\/case_timeline\/40090"},{"event":"Argued","dates":[1228111200],"href":"https:\/\/api.oyez.org\/case_timeline\/case_timeline\/40091"},{"event":"Decided","dates":[1238562000],"href":"https:\/\/api.oyez.org\/case_timeline\/case_timeline\/40092"}],"lower_court":{"ID":7,"name":"United States Court of Appeals for the Second Circuit","href":"https:\/\/api.oyez.org\/taxonomy\/term\/7"},"facts_of_the_case":"\u003Cp\u003EA group of employees brought this action following a job transfer they believed to be based on age discrimination. The employees filed a grievance with their union, including the age discrimination issues but also asserting that the transfer violated their collective bargaining agreement. The union pursued the employees\u0027 collective bargaining claim through Penn Plaza\u0027s arbitration system; however, the employees themselves pursued their age discrimination claim in federal court under the Age Discrimination in Employment Act (ADEA). Penn Plaza argued that the arbitration clause included in the employment contract, stating that all age discrimination claims must be pursued through arbitration, prevented the employees from bringing the claim in federal court. The district court ruled in favor of the employees, holding the arbitration clause unconscionable and therefore unenforceable.\u003C\/p\u003E\n\u003Cp\u003EThe U.S. Court of Appeals for the Second Circuit affirmed the ruling, relying on its previous decisions holding that arbitration clauses with respect to statutory claims, such as the ADEA, are unenforceable.\u003C\/p\u003E\n","question":"\u003Cp\u003EAre arbitration clauses in employment contracts -- waiving an employee\u0027s right to bring statutory claims in federal court -- enforceable?\u003C\/p\u003E\n","conclusion":"\u003Cp\u003EYes. The Supreme Court held that a provision in a collective bargaining agreement that clearly and unmistakably requires union members to arbitrate ADEA claims is enforceable as a matter of federal law. With Justice Clarence Thomas writing for the majority and joined by Chief Justice John G. Roberts and Justices Anthony G. Scalia, Anthony M. Kennedy, and Samuel A. Alito, the Court reasoned that ,here, the arbitration provision was a \u0022bargained-for exchange\u0022 in the collective bargaining agreement and thus should not be interfered with by the courts. The Court went on to state that because the ADEA itself did not mandate such interference, the arbitration provision should be enforced.\u003C\/p\u003E\n\u003Cp\u003EJustice John Paul Stevens wrote a separate dissenting opinion. He noted that the majority opinion was a departure from Supreme Court precedent with respect to arbitration clauses in collective bargaining agreements. He went on to state that it was it was Congress\u0027 responsibility to reassess the policy arguments favoring arbitration rather than for the Supreme Court to decide. Justice David H. Souter also wrote a separate dissenting opinion and was joined by Justices Stevens, Ruth Bader Ginsburg, and Stephen G. Breyer. He reemphasized that Supreme Court precedent did not preclude the pursuit of an ADEA claim because of an arbitration provision in a collective bargaining agreement, as in this case.\u003C\/p\u003E\n","advocates":[{"advocate":{"ID":38374,"name":"Paul Salvatore","href":"https:\/\/api.oyez.org\/people\/paul_salvatore","view_count":0,"last_name":"Salvatore","roles":null,"thumbnail":null,"length_of_service":0,"identifier":"paul_salvatore"},"advocate_description":"argued the cause for the petitioner","href":"https:\/\/api.oyez.org\/case_advocate\/case_advocate\/19664"},{"advocate":{"ID":20869,"name":"David C. Frederick","href":"https:\/\/api.oyez.org\/people\/david_c_frederick","view_count":0,"last_name":"Frederick","roles":null,"thumbnail":null,"length_of_service":0,"identifier":"david_c_frederick"},"advocate_description":"argued the cause for the respondents","href":"https:\/\/api.oyez.org\/case_advocate\/case_advocate\/19665"},{"advocate":{"ID":19038,"name":"Curtis E. Gannon","href":"https:\/\/api.oyez.org\/people\/curtis_e_gannon","view_count":0,"last_name":"Gannon","roles":null,"thumbnail":null,"length_of_service":0,"identifier":"curtis_e_gannon"},"advocate_description":"Assistant to the Solicitor General, Department of Justice, argued the cause for the United States, as amicus curiae, supporting the respondent","href":"https:\/\/api.oyez.org\/case_advocate\/case_advocate\/19666"}],"oral_argument_audio":[{"id":22683,"title":"Oral Argument - December 01, 2008","public_note":null,"unavailable":null,"display_title":null,"href":"https:\/\/api.oyez.org\/case_media\/oral_argument_audio\/22683"}],"citation":{"volume":"556","page":"247","year":"2009","href":"https:\/\/api.oyez.org\/case_citation\/case_citation\/20809"},"decisions":[{"description":null,"votes":[{"member":{"ID":15086,"name":"John G. Roberts, Jr.","href":"https:\/\/api.oyez.org\/people\/john_g_roberts_jr","view_count":0,"last_name":"Roberts","roles":[{"id":2730,"type":"scotus_justice","date_start":1127970000,"date_end":0,"appointing_president":"George W. Bush","role_title":"Chief Justice of the United States","institution_name":"Supreme Court of the United States","href":"https:\/\/api.oyez.org\/preson_role\/scotus_justice\/2730"}],"thumbnail":{"id":32683,"mime":"image\/png","size":52305,"href":"https:\/\/api.oyez.org\/sites\/default\/files\/images\/people\/john_g_roberts_jr\/john_g_roberts_jr.thumb.png"},"length_of_service":6119,"identifier":"john_g_roberts_jr"},"vote":"majority","opinion_type":"none","joining":null,"seniority":1,"ideology":1.491,"href":"https:\/\/api.oyez.org\/decision_vote\/decision_vote\/180217"},{"member":{"ID":15060,"name":"John Paul Stevens","href":"https:\/\/api.oyez.org\/people\/john_paul_stevens","view_count":0,"last_name":"Stevens","roles":[{"id":2704,"type":"scotus_justice","date_start":188200800,"date_end":1277787600,"appointing_president":"Gerald Ford","role_title":"Associate Justice of the Supreme Court of the United States","institution_name":"Supreme Court of the United States","href":"https:\/\/api.oyez.org\/preson_role\/scotus_justice\/2704"}],"thumbnail":{"id":32732,"mime":"image\/png","size":62101,"href":"https:\/\/api.oyez.org\/sites\/default\/files\/images\/people\/john_paul_stevens\/john_paul_stevens.thumb.png"},"length_of_service":12611,"identifier":"john_paul_stevens"},"vote":"minority","opinion_type":"dissent","joining":[{"ID":15042,"name":"David H. Souter","href":"https:\/\/api.oyez.org\/people\/david_h_souter","view_count":0,"last_name":"Souter","roles":[{"id":2686,"type":"scotus_justice","date_start":655362000,"date_end":1246251600,"appointing_president":"George H. W. Bush","role_title":"Associate Justice of the Supreme Court of the United States","institution_name":"Supreme Court of the United States","href":"https:\/\/api.oyez.org\/preson_role\/scotus_justice\/2686"}],"thumbnail":{"id":32703,"mime":"image\/png","size":42141,"href":"https:\/\/api.oyez.org\/sites\/default\/files\/images\/people\/david_h_souter\/david_h_souter.thumb.png"},"length_of_service":6839,"identifier":"david_h_souter"}],"seniority":2,"ideology":-2.835,"href":"https:\/\/api.oyez.org\/decision_vote\/decision_vote\/180218"},{"member":{"ID":15049,"name":"Antonin Scalia","href":"https:\/\/api.oyez.org\/people\/antonin_scalia","view_count":0,"last_name":"Scalia","roles":[{"id":2693,"type":"scotus_justice","date_start":528094800,"date_end":1455343200,"appointing_president":"Ronald Reagan","role_title":"Associate Justice of the Supreme Court of the United States","institution_name":"Supreme Court of the United States","href":"https:\/\/api.oyez.org\/preson_role\/scotus_justice\/2693"}],"thumbnail":{"id":32678,"mime":"image\/png","size":58944,"href":"https:\/\/api.oyez.org\/sites\/default\/files\/images\/people\/antonin_scalia\/antonin_scalia.thumb.png"},"length_of_service":10732,"identifier":"antonin_scalia"},"vote":"majority","opinion_type":"none","joining":null,"seniority":3,"ideology":2.302,"href":"https:\/\/api.oyez.org\/decision_vote\/decision_vote\/180219"},{"member":{"ID":15113,"name":"Anthony M. Kennedy","href":"https:\/\/api.oyez.org\/people\/anthony_m_kennedy","view_count":0,"last_name":"Kennedy","roles":[{"id":2757,"type":"scotus_justice","date_start":572162400,"date_end":1533013200,"appointing_president":"Ronald Reagan","role_title":"Associate Justice of the Supreme Court of the United States","institution_name":"Supreme Court of the United States","href":"https:\/\/api.oyez.org\/preson_role\/scotus_justice\/2757"}],"thumbnail":{"id":32679,"mime":"image\/png","size":47100,"href":"https:\/\/api.oyez.org\/sites\/default\/files\/images\/people\/anthony_m_kennedy\/anthony_m_kennedy.thumb.png"},"length_of_service":11121,"identifier":"anthony_m_kennedy"},"vote":"majority","opinion_type":"none","joining":null,"seniority":4,"ideology":0.554,"href":"https:\/\/api.oyez.org\/decision_vote\/decision_vote\/180220"},{"member":{"ID":15042,"name":"David H. Souter","href":"https:\/\/api.oyez.org\/people\/david_h_souter","view_count":0,"last_name":"Souter","roles":[{"id":2686,"type":"scotus_justice","date_start":655362000,"date_end":1246251600,"appointing_president":"George H. W. Bush","role_title":"Associate Justice of the Supreme Court of the United States","institution_name":"Supreme Court of the United States","href":"https:\/\/api.oyez.org\/preson_role\/scotus_justice\/2686"}],"thumbnail":{"id":32703,"mime":"image\/png","size":42141,"href":"https:\/\/api.oyez.org\/sites\/default\/files\/images\/people\/david_h_souter\/david_h_souter.thumb.png"},"length_of_service":6839,"identifier":"david_h_souter"},"vote":"minority","opinion_type":"dissent","joining":null,"seniority":5,"ideology":-1.577,"href":"https:\/\/api.oyez.org\/decision_vote\/decision_vote\/180221"},{"member":{"ID":15100,"name":"Clarence Thomas","href":"https:\/\/api.oyez.org\/people\/clarence_thomas","view_count":0,"last_name":"Thomas","roles":[{"id":2744,"type":"scotus_justice","date_start":688194000,"date_end":0,"appointing_president":"George H. W. Bush","role_title":"Associate Justice of the Supreme Court of the United States","institution_name":"Supreme Court of the United States","href":"https:\/\/api.oyez.org\/preson_role\/scotus_justice\/2744"}],"thumbnail":{"id":32680,"mime":"image\/png","size":49064,"href":"https:\/\/api.oyez.org\/sites\/default\/files\/images\/people\/clarence_thomas\/clarence_thomas.thumb.png"},"length_of_service":11156,"identifier":"clarence_thomas"},"vote":"majority","opinion_type":"majority","joining":null,"seniority":6,"ideology":3.534,"href":"https:\/\/api.oyez.org\/decision_vote\/decision_vote\/180222"},{"member":{"ID":15084,"name":"Ruth Bader Ginsburg","href":"https:\/\/api.oyez.org\/people\/ruth_bader_ginsburg","view_count":0,"last_name":"Ginsburg","roles":[{"id":2728,"type":"scotus_justice","date_start":744958800,"date_end":1600405200,"appointing_president":"Bill Clinton","role_title":"Associate Justice of the Supreme Court of the United States","institution_name":"Supreme Court of the United States","href":"https:\/\/api.oyez.org\/preson_role\/scotus_justice\/2728"}],"thumbnail":{"id":32681,"mime":"image\/png","size":45030,"href":"https:\/\/api.oyez.org\/sites\/default\/files\/images\/people\/ruth_bader_ginsburg\/ruth_bader_ginsburg.thumb.png"},"length_of_service":9901,"identifier":"ruth_bader_ginsburg"},"vote":"minority","opinion_type":"none","joining":[{"ID":15042,"name":"David H. Souter","href":"https:\/\/api.oyez.org\/people\/david_h_souter","view_count":0,"last_name":"Souter","roles":[{"id":2686,"type":"scotus_justice","date_start":655362000,"date_end":1246251600,"appointing_president":"George H. W. Bush","role_title":"Associate Justice of the Supreme Court of the United States","institution_name":"Supreme Court of the United States","href":"https:\/\/api.oyez.org\/preson_role\/scotus_justice\/2686"}],"thumbnail":{"id":32703,"mime":"image\/png","size":42141,"href":"https:\/\/api.oyez.org\/sites\/default\/files\/images\/people\/david_h_souter\/david_h_souter.thumb.png"},"length_of_service":6839,"identifier":"david_h_souter"}],"seniority":7,"ideology":-1.74,"href":"https:\/\/api.oyez.org\/decision_vote\/decision_vote\/180223"},{"member":{"ID":15139,"name":"Stephen G. Breyer","href":"https:\/\/api.oyez.org\/people\/stephen_g_breyer","view_count":0,"last_name":"Breyer","roles":[{"id":2785,"type":"scotus_justice","date_start":775890000,"date_end":1656565200,"appointing_president":"Bill Clinton","role_title":"Associate Justice of the Supreme Court of the United States","institution_name":"Supreme Court of the United States","href":"https:\/\/api.oyez.org\/preson_role\/scotus_justice\/2785"}],"thumbnail":{"id":32682,"mime":"image\/png","size":49908,"href":"https:\/\/api.oyez.org\/sites\/default\/files\/images\/people\/stephen_g_breyer\/stephen_g_breyer.thumb.png"},"length_of_service":10193,"identifier":"stephen_g_breyer"},"vote":"minority","opinion_type":"none","joining":[{"ID":15042,"name":"David H. Souter","href":"https:\/\/api.oyez.org\/people\/david_h_souter","view_count":0,"last_name":"Souter","roles":[{"id":2686,"type":"scotus_justice","date_start":655362000,"date_end":1246251600,"appointing_president":"George H. W. Bush","role_title":"Associate Justice of the Supreme Court of the United States","institution_name":"Supreme Court of the United States","href":"https:\/\/api.oyez.org\/preson_role\/scotus_justice\/2686"}],"thumbnail":{"id":32703,"mime":"image\/png","size":42141,"href":"https:\/\/api.oyez.org\/sites\/default\/files\/images\/people\/david_h_souter\/david_h_souter.thumb.png"},"length_of_service":6839,"identifier":"david_h_souter"}],"seniority":8,"ideology":-1.188,"href":"https:\/\/api.oyez.org\/decision_vote\/decision_vote\/180224"},{"member":{"ID":15068,"name":"Samuel A. Alito, Jr.","href":"https:\/\/api.oyez.org\/people\/samuel_a_alito_jr","view_count":0,"last_name":"Alito","roles":[{"id":2712,"type":"scotus_justice","date_start":1138687200,"date_end":0,"appointing_president":"George W. Bush","role_title":"Associate Justice of the Supreme Court of the United States","institution_name":"Supreme Court of the United States","href":"https:\/\/api.oyez.org\/preson_role\/scotus_justice\/2712"}],"thumbnail":{"id":32684,"mime":"image\/png","size":44799,"href":"https:\/\/api.oyez.org\/sites\/default\/files\/images\/people\/samuel_alito_jr\/samuel_alito_jr.thumb.png"},"length_of_service":5908,"identifier":"samuel_a_alito_jr"},"vote":"majority","opinion_type":"none","joining":null,"seniority":9,"ideology":1.804,"href":"https:\/\/api.oyez.org\/decision_vote\/decision_vote\/180225"}],"majority_vote":5,"minority_vote":4,"winning_party":"14 Penn Plaza LLC, et al.","decision_type":"majority opinion","href":"https:\/\/api.oyez.org\/case_decision\/case_decision\/13550"}],"first_party_label":"Petitioner","second_party_label":"Respondent","heard_by":[{"ID":15149,"name":"Roberts Court (2006-2009)","href":"https:\/\/api.oyez.org\/courts\/roberts2","view_count":0,"members":[{"ID":15086,"name":"John G. Roberts, Jr.","href":"https:\/\/api.oyez.org\/people\/john_g_roberts_jr","view_count":0,"last_name":"Roberts","roles":[{"id":2730,"type":"scotus_justice","date_start":1127970000,"date_end":0,"appointing_president":"George W. Bush","role_title":"Chief Justice of the United States","institution_name":"Supreme Court of the United States","href":"https:\/\/api.oyez.org\/preson_role\/scotus_justice\/2730"}],"thumbnail":{"id":32683,"mime":"image\/png","size":52305,"href":"https:\/\/api.oyez.org\/sites\/default\/files\/images\/people\/john_g_roberts_jr\/john_g_roberts_jr.thumb.png"},"length_of_service":6119,"identifier":"john_g_roberts_jr"},{"ID":15060,"name":"John Paul Stevens","href":"https:\/\/api.oyez.org\/people\/john_paul_stevens","view_count":0,"last_name":"Stevens","roles":[{"id":2704,"type":"scotus_justice","date_start":188200800,"date_end":1277787600,"appointing_president":"Gerald Ford","role_title":"Associate Justice of the Supreme Court of the United States","institution_name":"Supreme Court of the United States","href":"https:\/\/api.oyez.org\/preson_role\/scotus_justice\/2704"}],"thumbnail":{"id":32732,"mime":"image\/png","size":62101,"href":"https:\/\/api.oyez.org\/sites\/default\/files\/images\/people\/john_paul_stevens\/john_paul_stevens.thumb.png"},"length_of_service":12611,"identifier":"john_paul_stevens"},{"ID":15049,"name":"Antonin Scalia","href":"https:\/\/api.oyez.org\/people\/antonin_scalia","view_count":0,"last_name":"Scalia","roles":[{"id":2693,"type":"scotus_justice","date_start":528094800,"date_end":1455343200,"appointing_president":"Ronald Reagan","role_title":"Associate Justice of the Supreme Court of the United States","institution_name":"Supreme Court of the United States","href":"https:\/\/api.oyez.org\/preson_role\/scotus_justice\/2693"}],"thumbnail":{"id":32678,"mime":"image\/png","size":58944,"href":"https:\/\/api.oyez.org\/sites\/default\/files\/images\/people\/antonin_scalia\/antonin_scalia.thumb.png"},"length_of_service":10732,"identifier":"antonin_scalia"},{"ID":15113,"name":"Anthony M. Kennedy","href":"https:\/\/api.oyez.org\/people\/anthony_m_kennedy","view_count":0,"last_name":"Kennedy","roles":[{"id":2757,"type":"scotus_justice","date_start":572162400,"date_end":1533013200,"appointing_president":"Ronald Reagan","role_title":"Associate Justice of the Supreme Court of the United States","institution_name":"Supreme Court of the United States","href":"https:\/\/api.oyez.org\/preson_role\/scotus_justice\/2757"}],"thumbnail":{"id":32679,"mime":"image\/png","size":47100,"href":"https:\/\/api.oyez.org\/sites\/default\/files\/images\/people\/anthony_m_kennedy\/anthony_m_kennedy.thumb.png"},"length_of_service":11121,"identifier":"anthony_m_kennedy"},{"ID":15042,"name":"David H. Souter","href":"https:\/\/api.oyez.org\/people\/david_h_souter","view_count":0,"last_name":"Souter","roles":[{"id":2686,"type":"scotus_justice","date_start":655362000,"date_end":1246251600,"appointing_president":"George H. W. Bush","role_title":"Associate Justice of the Supreme Court of the United States","institution_name":"Supreme Court of the United States","href":"https:\/\/api.oyez.org\/preson_role\/scotus_justice\/2686"}],"thumbnail":{"id":32703,"mime":"image\/png","size":42141,"href":"https:\/\/api.oyez.org\/sites\/default\/files\/images\/people\/david_h_souter\/david_h_souter.thumb.png"},"length_of_service":6839,"identifier":"david_h_souter"},{"ID":15100,"name":"Clarence Thomas","href":"https:\/\/api.oyez.org\/people\/clarence_thomas","view_count":0,"last_name":"Thomas","roles":[{"id":2744,"type":"scotus_justice","date_start":688194000,"date_end":0,"appointing_president":"George H. W. Bush","role_title":"Associate Justice of the Supreme Court of the United States","institution_name":"Supreme Court of the United States","href":"https:\/\/api.oyez.org\/preson_role\/scotus_justice\/2744"}],"thumbnail":{"id":32680,"mime":"image\/png","size":49064,"href":"https:\/\/api.oyez.org\/sites\/default\/files\/images\/people\/clarence_thomas\/clarence_thomas.thumb.png"},"length_of_service":11156,"identifier":"clarence_thomas"},{"ID":15084,"name":"Ruth Bader Ginsburg","href":"https:\/\/api.oyez.org\/people\/ruth_bader_ginsburg","view_count":0,"last_name":"Ginsburg","roles":[{"id":2728,"type":"scotus_justice","date_start":744958800,"date_end":1600405200,"appointing_president":"Bill Clinton","role_title":"Associate Justice of the Supreme Court of the United States","institution_name":"Supreme Court of the United States","href":"https:\/\/api.oyez.org\/preson_role\/scotus_justice\/2728"}],"thumbnail":{"id":32681,"mime":"image\/png","size":45030,"href":"https:\/\/api.oyez.org\/sites\/default\/files\/images\/people\/ruth_bader_ginsburg\/ruth_bader_ginsburg.thumb.png"},"length_of_service":9901,"identifier":"ruth_bader_ginsburg"},{"ID":15139,"name":"Stephen G. Breyer","href":"https:\/\/api.oyez.org\/people\/stephen_g_breyer","view_count":0,"last_name":"Breyer","roles":[{"id":2785,"type":"scotus_justice","date_start":775890000,"date_end":1656565200,"appointing_president":"Bill Clinton","role_title":"Associate Justice of the Supreme Court of the United States","institution_name":"Supreme Court of the United States","href":"https:\/\/api.oyez.org\/preson_role\/scotus_justice\/2785"}],"thumbnail":{"id":32682,"mime":"image\/png","size":49908,"href":"https:\/\/api.oyez.org\/sites\/default\/files\/images\/people\/stephen_g_breyer\/stephen_g_breyer.thumb.png"},"length_of_service":10193,"identifier":"stephen_g_breyer"},{"ID":15068,"name":"Samuel A. Alito, Jr.","href":"https:\/\/api.oyez.org\/people\/samuel_a_alito_jr","view_count":0,"last_name":"Alito","roles":[{"id":2712,"type":"scotus_justice","date_start":1138687200,"date_end":0,"appointing_president":"George W. Bush","role_title":"Associate Justice of the Supreme Court of the United States","institution_name":"Supreme Court of the United States","href":"https:\/\/api.oyez.org\/preson_role\/scotus_justice\/2712"}],"thumbnail":{"id":32684,"mime":"image\/png","size":44799,"href":"https:\/\/api.oyez.org\/sites\/default\/files\/images\/people\/samuel_alito_jr\/samuel_alito_jr.thumb.png"},"length_of_service":5908,"identifier":"samuel_a_alito_jr"}],"court_start":1138687200,"images":[{"id":12234,"mime":"image\/jpeg","size":70439,"href":"https:\/\/api.oyez.org\/sites\/default\/files\/images\/courts\/roberts2.jpg"}],"identifier":"roberts2"}],"decided_by":{"ID":15149,"name":"Roberts Court (2006-2009)","href":"https:\/\/api.oyez.org\/courts\/roberts2","view_count":0,"members":[{"ID":15086,"name":"John G. Roberts, Jr.","href":"https:\/\/api.oyez.org\/people\/john_g_roberts_jr","view_count":0,"last_name":"Roberts","roles":[{"id":2730,"type":"scotus_justice","date_start":1127970000,"date_end":0,"appointing_president":"George W. Bush","role_title":"Chief Justice of the United States","institution_name":"Supreme Court of the United States","href":"https:\/\/api.oyez.org\/preson_role\/scotus_justice\/2730"}],"thumbnail":{"id":32683,"mime":"image\/png","size":52305,"href":"https:\/\/api.oyez.org\/sites\/default\/files\/images\/people\/john_g_roberts_jr\/john_g_roberts_jr.thumb.png"},"length_of_service":6119,"identifier":"john_g_roberts_jr"},{"ID":15060,"name":"John Paul Stevens","href":"https:\/\/api.oyez.org\/people\/john_paul_stevens","view_count":0,"last_name":"Stevens","roles":[{"id":2704,"type":"scotus_justice","date_start":188200800,"date_end":1277787600,"appointing_president":"Gerald Ford","role_title":"Associate Justice of the Supreme Court of the United States","institution_name":"Supreme Court of the United States","href":"https:\/\/api.oyez.org\/preson_role\/scotus_justice\/2704"}],"thumbnail":{"id":32732,"mime":"image\/png","size":62101,"href":"https:\/\/api.oyez.org\/sites\/default\/files\/images\/people\/john_paul_stevens\/john_paul_stevens.thumb.png"},"length_of_service":12611,"identifier":"john_paul_stevens"},{"ID":15049,"name":"Antonin Scalia","href":"https:\/\/api.oyez.org\/people\/antonin_scalia","view_count":0,"last_name":"Scalia","roles":[{"id":2693,"type":"scotus_justice","date_start":528094800,"date_end":1455343200,"appointing_president":"Ronald Reagan","role_title":"Associate Justice of the Supreme Court of the United States","institution_name":"Supreme Court of the United States","href":"https:\/\/api.oyez.org\/preson_role\/scotus_justice\/2693"}],"thumbnail":{"id":32678,"mime":"image\/png","size":58944,"href":"https:\/\/api.oyez.org\/sites\/default\/files\/images\/people\/antonin_scalia\/antonin_scalia.thumb.png"},"length_of_service":10732,"identifier":"antonin_scalia"},{"ID":15113,"name":"Anthony M. Kennedy","href":"https:\/\/api.oyez.org\/people\/anthony_m_kennedy","view_count":0,"last_name":"Kennedy","roles":[{"id":2757,"type":"scotus_justice","date_start":572162400,"date_end":1533013200,"appointing_president":"Ronald Reagan","role_title":"Associate Justice of the Supreme Court of the United States","institution_name":"Supreme Court of the United States","href":"https:\/\/api.oyez.org\/preson_role\/scotus_justice\/2757"}],"thumbnail":{"id":32679,"mime":"image\/png","size":47100,"href":"https:\/\/api.oyez.org\/sites\/default\/files\/images\/people\/anthony_m_kennedy\/anthony_m_kennedy.thumb.png"},"length_of_service":11121,"identifier":"anthony_m_kennedy"},{"ID":15042,"name":"David H. Souter","href":"https:\/\/api.oyez.org\/people\/david_h_souter","view_count":0,"last_name":"Souter","roles":[{"id":2686,"type":"scotus_justice","date_start":655362000,"date_end":1246251600,"appointing_president":"George H. W. Bush","role_title":"Associate Justice of the Supreme Court of the United States","institution_name":"Supreme Court of the United States","href":"https:\/\/api.oyez.org\/preson_role\/scotus_justice\/2686"}],"thumbnail":{"id":32703,"mime":"image\/png","size":42141,"href":"https:\/\/api.oyez.org\/sites\/default\/files\/images\/people\/david_h_souter\/david_h_souter.thumb.png"},"length_of_service":6839,"identifier":"david_h_souter"},{"ID":15100,"name":"Clarence Thomas","href":"https:\/\/api.oyez.org\/people\/clarence_thomas","view_count":0,"last_name":"Thomas","roles":[{"id":2744,"type":"scotus_justice","date_start":688194000,"date_end":0,"appointing_president":"George H. W. Bush","role_title":"Associate Justice of the Supreme Court of the United States","institution_name":"Supreme Court of the United States","href":"https:\/\/api.oyez.org\/preson_role\/scotus_justice\/2744"}],"thumbnail":{"id":32680,"mime":"image\/png","size":49064,"href":"https:\/\/api.oyez.org\/sites\/default\/files\/images\/people\/clarence_thomas\/clarence_thomas.thumb.png"},"length_of_service":11156,"identifier":"clarence_thomas"},{"ID":15084,"name":"Ruth Bader Ginsburg","href":"https:\/\/api.oyez.org\/people\/ruth_bader_ginsburg","view_count":0,"last_name":"Ginsburg","roles":[{"id":2728,"type":"scotus_justice","date_start":744958800,"date_end":1600405200,"appointing_president":"Bill Clinton","role_title":"Associate Justice of the Supreme Court of the United States","institution_name":"Supreme Court of the United States","href":"https:\/\/api.oyez.org\/preson_role\/scotus_justice\/2728"}],"thumbnail":{"id":32681,"mime":"image\/png","size":45030,"href":"https:\/\/api.oyez.org\/sites\/default\/files\/images\/people\/ruth_bader_ginsburg\/ruth_bader_ginsburg.thumb.png"},"length_of_service":9901,"identifier":"ruth_bader_ginsburg"},{"ID":15139,"name":"Stephen G. Breyer","href":"https:\/\/api.oyez.org\/people\/stephen_g_breyer","view_count":0,"last_name":"Breyer","roles":[{"id":2785,"type":"scotus_justice","date_start":775890000,"date_end":1656565200,"appointing_president":"Bill Clinton","role_title":"Associate Justice of the Supreme Court of the United States","institution_name":"Supreme Court of the United States","href":"https:\/\/api.oyez.org\/preson_role\/scotus_justice\/2785"}],"thumbnail":{"id":32682,"mime":"image\/png","size":49908,"href":"https:\/\/api.oyez.org\/sites\/default\/files\/images\/people\/stephen_g_breyer\/stephen_g_breyer.thumb.png"},"length_of_service":10193,"identifier":"stephen_g_breyer"},{"ID":15068,"name":"Samuel A. Alito, Jr.","href":"https:\/\/api.oyez.org\/people\/samuel_a_alito_jr","view_count":0,"last_name":"Alito","roles":[{"id":2712,"type":"scotus_justice","date_start":1138687200,"date_end":0,"appointing_president":"George W. Bush","role_title":"Associate Justice of the Supreme Court of the United States","institution_name":"Supreme Court of the United States","href":"https:\/\/api.oyez.org\/preson_role\/scotus_justice\/2712"}],"thumbnail":{"id":32684,"mime":"image\/png","size":44799,"href":"https:\/\/api.oyez.org\/sites\/default\/files\/images\/people\/samuel_alito_jr\/samuel_alito_jr.thumb.png"},"length_of_service":5908,"identifier":"samuel_a_alito_jr"}],"court_start":1138687200,"images":[{"id":12234,"mime":"image\/jpeg","size":70439,"href":"https:\/\/api.oyez.org\/sites\/default\/files\/images\/courts\/roberts2.jpg"}],"identifier":"roberts2"},"term":"2008","location":null,"opinion_announcement":[{"id":23032,"title":"Opinion Announcement - April 01, 2009","unavailable":null,"href":"https:\/\/api.oyez.org\/case_media\/opinion_announcement_audio\/23032"}],"description":"A case in which the Court held that arbitration clauses in employment contracts are enforceable as a matter of federal law.","written_opinion":[{"id":1757,"title":"Dissenting opinion","author":null,"type":{"value":"dissenting","label":"Dissenting opinion"},"justia_opinion_id":1962916,"justia_opinion_url":"https:\/\/supreme.justia.com\/cases\/federal\/us\/556\/247\/dissent2.html","judge_full_name":"David H. Souter","judge_last_name":"Souter","title_overwrite":null,"href":"https:\/\/api.oyez.org\/case_document\/written_opinion\/1757"},{"id":1758,"title":"Dissenting opinion","author":null,"type":{"value":"dissenting","label":"Dissenting opinion"},"justia_opinion_id":1962917,"justia_opinion_url":"https:\/\/supreme.justia.com\/cases\/federal\/us\/556\/247\/dissent.html","judge_full_name":"John Paul Stevens","judge_last_name":"Stevens","title_overwrite":null,"href":"https:\/\/api.oyez.org\/case_document\/written_opinion\/1758"},{"id":1759,"title":"Syllabus","author":null,"type":{"value":"syllabus","label":"Syllabus"},"justia_opinion_id":1962918,"justia_opinion_url":"https:\/\/supreme.justia.com\/cases\/federal\/us\/556\/247\/","judge_full_name":null,"judge_last_name":null,"title_overwrite":null,"href":"https:\/\/api.oyez.org\/case_document\/written_opinion\/1759"},{"id":1760,"title":"Opinion of the Court","author":null,"type":{"value":"majority","label":"Opinion of the Court"},"justia_opinion_id":1962919,"justia_opinion_url":"https:\/\/supreme.justia.com\/cases\/federal\/us\/556\/247\/opinion.html","judge_full_name":"Clarence Thomas","judge_last_name":"Thomas","title_overwrite":null,"href":"https:\/\/api.oyez.org\/case_document\/written_opinion\/1760"}],"related_cases":null,"justia_url":"https:\/\/supreme.justia.com\/cases\/federal\/us\/556\/247\/","argument2_url":null}