{"ID":55719,"name":"CSX Transportation v. McBride","href":"https:\/\/api.oyez.org\/cases\/2010\/10-235","view_count":0,"docket_number":"10-235","additional_docket_numbers":null,"manner_of_jurisdiction":"Writ of \u003Ci\u003Ecertiorari\u003C\/i\u003E","first_party":"CSX Transportation, Inc.","second_party":"Robert McBride","timeline":[{"event":"Granted","dates":[1291010400],"href":"https:\/\/api.oyez.org\/case_timeline\/case_timeline\/40581"},{"event":"Argued","dates":[1301288400],"href":"https:\/\/api.oyez.org\/case_timeline\/case_timeline\/40582"},{"event":"Decided","dates":[1308805200],"href":"https:\/\/api.oyez.org\/case_timeline\/case_timeline\/40583"}],"lower_court":{"ID":12,"name":"United States Court of Appeals for the Seventh Circuit","href":"https:\/\/api.oyez.org\/taxonomy\/term\/12"},"facts_of_the_case":"\u003Cp\u003ELocomotive engineer Robert McBride filed suit after contending that he injured his hand while adding and removing railroad cars for his employer, CSX Transportation, Inc. Under the Federal Employers\u0027 Liability Act, a rail carrier is liable for worker injuries that result from negligence by the carrier. A trial judge instructed the jury that CSX caused or contributed to McBride\u0027s injury if its negligence \u0022played a part, no matter how small, in bringing about the injury.\u0022 The jury found for McBride and awarded him $184,250.\u003C\/p\u003E\n\u003Cp\u003ECSX argued that McBride should have been required to prove that the company\u0027s alleged negligence was a cause of the injury. But the U.S. Court of Appeals for the Seventh Circuit disagreed, affirming the verdict.\u003C\/p\u003E\n","question":"\u003Cp\u003EDoes the Federal Employers\u0027 Liability Act require proof of proximate causation?\u003C\/p\u003E\n","conclusion":"\u003Cp\u003ENo. The Supreme Court affirmed the lower court order in an opinion by Justice Ruth Bader Ginsburg. \u0022The charge proper in FELA cases, we hold, simply tracks the language Congress employed, informing juries that a defendant railroad caused or contributed to a plaintiff employee\u0027s injury if the railroad\u0027s negligence played any part in bringing about the injury,\u0022 Ginsburg wrote for the majority. Meanwhile, Chief Justice John Roberts dissented, joined by Justices Antonin Scalia, Anthony Kennedy and Samuel Alito. \u0022The Court is wrong to dispense with that familiar element of an action seeking recovery for negligence, an element \u0027generally thought to be a necessary limitation on liability,\u0027\u0022 Roberts wrote.\u003C\/p\u003E\n","advocates":[{"advocate":{"ID":19917,"name":"Charles A. Rothfeld","href":"https:\/\/api.oyez.org\/people\/charles_a_rothfeld","view_count":0,"last_name":"Rothfeld","roles":null,"thumbnail":null,"length_of_service":0,"identifier":"charles_a_rothfeld"},"advocate_description":"for the petitioner","href":"https:\/\/api.oyez.org\/case_advocate\/case_advocate\/20053"},{"advocate":{"ID":20869,"name":"David C. Frederick","href":"https:\/\/api.oyez.org\/people\/david_c_frederick","view_count":0,"last_name":"Frederick","roles":null,"thumbnail":null,"length_of_service":0,"identifier":"david_c_frederick"},"advocate_description":"for the respondent","href":"https:\/\/api.oyez.org\/case_advocate\/case_advocate\/20054"}],"oral_argument_audio":[{"id":22573,"title":"Oral Argument - March 28, 2011","public_note":null,"unavailable":null,"display_title":null,"href":"https:\/\/api.oyez.org\/case_media\/oral_argument_audio\/22573"}],"citation":{"volume":"564","page":null,"year":"2011","href":"https:\/\/api.oyez.org\/case_citation\/case_citation\/19641"},"decisions":[{"description":null,"votes":[{"member":{"ID":15086,"name":"John G. Roberts, Jr.","href":"https:\/\/api.oyez.org\/people\/john_g_roberts_jr","view_count":0,"last_name":"Roberts","roles":[{"id":2730,"type":"scotus_justice","date_start":1127970000,"date_end":0,"appointing_president":"George W. Bush","role_title":"Chief Justice of the United States","institution_name":"Supreme Court of the United States","href":"https:\/\/api.oyez.org\/preson_role\/scotus_justice\/2730"}],"thumbnail":{"id":32683,"mime":"image\/png","size":52305,"href":"https:\/\/api.oyez.org\/sites\/default\/files\/images\/people\/john_g_roberts_jr\/john_g_roberts_jr.thumb.png"},"length_of_service":6119,"identifier":"john_g_roberts_jr"},"vote":"minority","opinion_type":"dissent","joining":null,"seniority":1,"ideology":1.388,"href":"https:\/\/api.oyez.org\/decision_vote\/decision_vote\/181711"},{"member":{"ID":15049,"name":"Antonin Scalia","href":"https:\/\/api.oyez.org\/people\/antonin_scalia","view_count":0,"last_name":"Scalia","roles":[{"id":2693,"type":"scotus_justice","date_start":528094800,"date_end":1455343200,"appointing_president":"Ronald Reagan","role_title":"Associate Justice of the Supreme Court of the United States","institution_name":"Supreme Court of the United States","href":"https:\/\/api.oyez.org\/preson_role\/scotus_justice\/2693"}],"thumbnail":{"id":32678,"mime":"image\/png","size":58944,"href":"https:\/\/api.oyez.org\/sites\/default\/files\/images\/people\/antonin_scalia\/antonin_scalia.thumb.png"},"length_of_service":10732,"identifier":"antonin_scalia"},"vote":"minority","opinion_type":"none","joining":[{"ID":15086,"name":"John G. Roberts, Jr.","href":"https:\/\/api.oyez.org\/people\/john_g_roberts_jr","view_count":0,"last_name":"Roberts","roles":[{"id":2730,"type":"scotus_justice","date_start":1127970000,"date_end":0,"appointing_president":"George W. Bush","role_title":"Chief Justice of the United States","institution_name":"Supreme Court of the United States","href":"https:\/\/api.oyez.org\/preson_role\/scotus_justice\/2730"}],"thumbnail":{"id":32683,"mime":"image\/png","size":52305,"href":"https:\/\/api.oyez.org\/sites\/default\/files\/images\/people\/john_g_roberts_jr\/john_g_roberts_jr.thumb.png"},"length_of_service":6119,"identifier":"john_g_roberts_jr"}],"seniority":2,"ideology":2.117,"href":"https:\/\/api.oyez.org\/decision_vote\/decision_vote\/181712"},{"member":{"ID":15113,"name":"Anthony M. Kennedy","href":"https:\/\/api.oyez.org\/people\/anthony_m_kennedy","view_count":0,"last_name":"Kennedy","roles":[{"id":2757,"type":"scotus_justice","date_start":572162400,"date_end":1533013200,"appointing_president":"Ronald Reagan","role_title":"Associate Justice of the Supreme Court of the United States","institution_name":"Supreme Court of the United States","href":"https:\/\/api.oyez.org\/preson_role\/scotus_justice\/2757"}],"thumbnail":{"id":32679,"mime":"image\/png","size":47100,"href":"https:\/\/api.oyez.org\/sites\/default\/files\/images\/people\/anthony_m_kennedy\/anthony_m_kennedy.thumb.png"},"length_of_service":11121,"identifier":"anthony_m_kennedy"},"vote":"minority","opinion_type":"none","joining":[{"ID":15086,"name":"John G. Roberts, Jr.","href":"https:\/\/api.oyez.org\/people\/john_g_roberts_jr","view_count":0,"last_name":"Roberts","roles":[{"id":2730,"type":"scotus_justice","date_start":1127970000,"date_end":0,"appointing_president":"George W. Bush","role_title":"Chief Justice of the United States","institution_name":"Supreme Court of the United States","href":"https:\/\/api.oyez.org\/preson_role\/scotus_justice\/2730"}],"thumbnail":{"id":32683,"mime":"image\/png","size":52305,"href":"https:\/\/api.oyez.org\/sites\/default\/files\/images\/people\/john_g_roberts_jr\/john_g_roberts_jr.thumb.png"},"length_of_service":6119,"identifier":"john_g_roberts_jr"}],"seniority":3,"ideology":0.582,"href":"https:\/\/api.oyez.org\/decision_vote\/decision_vote\/181713"},{"member":{"ID":15100,"name":"Clarence Thomas","href":"https:\/\/api.oyez.org\/people\/clarence_thomas","view_count":0,"last_name":"Thomas","roles":[{"id":2744,"type":"scotus_justice","date_start":688194000,"date_end":0,"appointing_president":"George H. W. Bush","role_title":"Associate Justice of the Supreme Court of the United States","institution_name":"Supreme Court of the United States","href":"https:\/\/api.oyez.org\/preson_role\/scotus_justice\/2744"}],"thumbnail":{"id":32680,"mime":"image\/png","size":49064,"href":"https:\/\/api.oyez.org\/sites\/default\/files\/images\/people\/clarence_thomas\/clarence_thomas.thumb.png"},"length_of_service":11156,"identifier":"clarence_thomas"},"vote":"majority","opinion_type":"none","joining":null,"seniority":4,"ideology":3.222,"href":"https:\/\/api.oyez.org\/decision_vote\/decision_vote\/181714"},{"member":{"ID":15084,"name":"Ruth Bader Ginsburg","href":"https:\/\/api.oyez.org\/people\/ruth_bader_ginsburg","view_count":0,"last_name":"Ginsburg","roles":[{"id":2728,"type":"scotus_justice","date_start":744958800,"date_end":1600405200,"appointing_president":"Bill Clinton","role_title":"Associate Justice of the Supreme Court of the United States","institution_name":"Supreme Court of the United States","href":"https:\/\/api.oyez.org\/preson_role\/scotus_justice\/2728"}],"thumbnail":{"id":32681,"mime":"image\/png","size":45030,"href":"https:\/\/api.oyez.org\/sites\/default\/files\/images\/people\/ruth_bader_ginsburg\/ruth_bader_ginsburg.thumb.png"},"length_of_service":9901,"identifier":"ruth_bader_ginsburg"},"vote":"majority","opinion_type":"majority","joining":null,"seniority":5,"ideology":-2.082,"href":"https:\/\/api.oyez.org\/decision_vote\/decision_vote\/181715"},{"member":{"ID":15139,"name":"Stephen G. Breyer","href":"https:\/\/api.oyez.org\/people\/stephen_g_breyer","view_count":0,"last_name":"Breyer","roles":[{"id":2785,"type":"scotus_justice","date_start":775890000,"date_end":1656565200,"appointing_president":"Bill Clinton","role_title":"Associate Justice of the Supreme Court of the United States","institution_name":"Supreme Court of the United States","href":"https:\/\/api.oyez.org\/preson_role\/scotus_justice\/2785"}],"thumbnail":{"id":32682,"mime":"image\/png","size":49908,"href":"https:\/\/api.oyez.org\/sites\/default\/files\/images\/people\/stephen_g_breyer\/stephen_g_breyer.thumb.png"},"length_of_service":10193,"identifier":"stephen_g_breyer"},"vote":"majority","opinion_type":"none","joining":null,"seniority":6,"ideology":-1.398,"href":"https:\/\/api.oyez.org\/decision_vote\/decision_vote\/181716"},{"member":{"ID":15068,"name":"Samuel A. Alito, Jr.","href":"https:\/\/api.oyez.org\/people\/samuel_a_alito_jr","view_count":0,"last_name":"Alito","roles":[{"id":2712,"type":"scotus_justice","date_start":1138687200,"date_end":0,"appointing_president":"George W. Bush","role_title":"Associate Justice of the Supreme Court of the United States","institution_name":"Supreme Court of the United States","href":"https:\/\/api.oyez.org\/preson_role\/scotus_justice\/2712"}],"thumbnail":{"id":32684,"mime":"image\/png","size":44799,"href":"https:\/\/api.oyez.org\/sites\/default\/files\/images\/people\/samuel_alito_jr\/samuel_alito_jr.thumb.png"},"length_of_service":5908,"identifier":"samuel_a_alito_jr"},"vote":"minority","opinion_type":"none","joining":[{"ID":15086,"name":"John G. Roberts, Jr.","href":"https:\/\/api.oyez.org\/people\/john_g_roberts_jr","view_count":0,"last_name":"Roberts","roles":[{"id":2730,"type":"scotus_justice","date_start":1127970000,"date_end":0,"appointing_president":"George W. Bush","role_title":"Chief Justice of the United States","institution_name":"Supreme Court of the United States","href":"https:\/\/api.oyez.org\/preson_role\/scotus_justice\/2730"}],"thumbnail":{"id":32683,"mime":"image\/png","size":52305,"href":"https:\/\/api.oyez.org\/sites\/default\/files\/images\/people\/john_g_roberts_jr\/john_g_roberts_jr.thumb.png"},"length_of_service":6119,"identifier":"john_g_roberts_jr"}],"seniority":7,"ideology":1.976,"href":"https:\/\/api.oyez.org\/decision_vote\/decision_vote\/181717"},{"member":{"ID":15131,"name":"Sonia Sotomayor","href":"https:\/\/api.oyez.org\/people\/sonia_sotomayor","view_count":0,"last_name":"Sotomayor","roles":[{"id":2776,"type":"scotus_justice","date_start":1249707600,"date_end":0,"appointing_president":"Barack Obama","role_title":"Associate Justice of the Supreme Court of the United States","institution_name":"Supreme Court of the United States","href":"https:\/\/api.oyez.org\/preson_role\/scotus_justice\/2776"}],"thumbnail":{"id":32685,"mime":"image\/png","size":50379,"href":"https:\/\/api.oyez.org\/sites\/default\/files\/images\/people\/sonia_sotomayor\/sonia_sotomayor.thumb.png"},"length_of_service":4710,"identifier":"sonia_sotomayor"},"vote":"majority","opinion_type":"none","joining":null,"seniority":8,"ideology":-1.655,"href":"https:\/\/api.oyez.org\/decision_vote\/decision_vote\/181718"},{"member":{"ID":15094,"name":"Elena Kagan","href":"https:\/\/api.oyez.org\/people\/elena_kagan","view_count":0,"last_name":"Kagan","roles":[{"id":2738,"type":"scotus_justice","date_start":1281157200,"date_end":0,"appointing_president":"Barack Obama","role_title":"Associate Justice of the Supreme Court of the United States","institution_name":"Supreme Court of the United States","href":"https:\/\/api.oyez.org\/preson_role\/scotus_justice\/2738"}],"thumbnail":{"id":32690,"mime":"image\/png","size":44456,"href":"https:\/\/api.oyez.org\/sites\/default\/files\/images\/people\/elena_kagan\/elena_kagan.thumb.png"},"length_of_service":4259,"identifier":"elena_kagan"},"vote":"majority","opinion_type":"none","joining":null,"seniority":9,"ideology":-1.427,"href":"https:\/\/api.oyez.org\/decision_vote\/decision_vote\/181719"}],"majority_vote":5,"minority_vote":4,"winning_party":null,"decision_type":"majority opinion","href":"https:\/\/api.oyez.org\/case_decision\/case_decision\/13716"}],"first_party_label":"Petitioner","second_party_label":"Respondent","heard_by":[{"ID":15151,"name":"Roberts Court (2010-2016)","href":"https:\/\/api.oyez.org\/courts\/roberts6","view_count":0,"members":[{"ID":15086,"name":"John G. Roberts, Jr.","href":"https:\/\/api.oyez.org\/people\/john_g_roberts_jr","view_count":0,"last_name":"Roberts","roles":[{"id":2730,"type":"scotus_justice","date_start":1127970000,"date_end":0,"appointing_president":"George W. Bush","role_title":"Chief Justice of the United States","institution_name":"Supreme Court of the United States","href":"https:\/\/api.oyez.org\/preson_role\/scotus_justice\/2730"}],"thumbnail":{"id":32683,"mime":"image\/png","size":52305,"href":"https:\/\/api.oyez.org\/sites\/default\/files\/images\/people\/john_g_roberts_jr\/john_g_roberts_jr.thumb.png"},"length_of_service":6119,"identifier":"john_g_roberts_jr"},{"ID":15049,"name":"Antonin Scalia","href":"https:\/\/api.oyez.org\/people\/antonin_scalia","view_count":0,"last_name":"Scalia","roles":[{"id":2693,"type":"scotus_justice","date_start":528094800,"date_end":1455343200,"appointing_president":"Ronald Reagan","role_title":"Associate Justice of the Supreme Court of the United States","institution_name":"Supreme Court of the United States","href":"https:\/\/api.oyez.org\/preson_role\/scotus_justice\/2693"}],"thumbnail":{"id":32678,"mime":"image\/png","size":58944,"href":"https:\/\/api.oyez.org\/sites\/default\/files\/images\/people\/antonin_scalia\/antonin_scalia.thumb.png"},"length_of_service":10732,"identifier":"antonin_scalia"},{"ID":15113,"name":"Anthony M. Kennedy","href":"https:\/\/api.oyez.org\/people\/anthony_m_kennedy","view_count":0,"last_name":"Kennedy","roles":[{"id":2757,"type":"scotus_justice","date_start":572162400,"date_end":1533013200,"appointing_president":"Ronald Reagan","role_title":"Associate Justice of the Supreme Court of the United States","institution_name":"Supreme Court of the United States","href":"https:\/\/api.oyez.org\/preson_role\/scotus_justice\/2757"}],"thumbnail":{"id":32679,"mime":"image\/png","size":47100,"href":"https:\/\/api.oyez.org\/sites\/default\/files\/images\/people\/anthony_m_kennedy\/anthony_m_kennedy.thumb.png"},"length_of_service":11121,"identifier":"anthony_m_kennedy"},{"ID":15100,"name":"Clarence Thomas","href":"https:\/\/api.oyez.org\/people\/clarence_thomas","view_count":0,"last_name":"Thomas","roles":[{"id":2744,"type":"scotus_justice","date_start":688194000,"date_end":0,"appointing_president":"George H. W. Bush","role_title":"Associate Justice of the Supreme Court of the United States","institution_name":"Supreme Court of the United States","href":"https:\/\/api.oyez.org\/preson_role\/scotus_justice\/2744"}],"thumbnail":{"id":32680,"mime":"image\/png","size":49064,"href":"https:\/\/api.oyez.org\/sites\/default\/files\/images\/people\/clarence_thomas\/clarence_thomas.thumb.png"},"length_of_service":11156,"identifier":"clarence_thomas"},{"ID":15084,"name":"Ruth Bader Ginsburg","href":"https:\/\/api.oyez.org\/people\/ruth_bader_ginsburg","view_count":0,"last_name":"Ginsburg","roles":[{"id":2728,"type":"scotus_justice","date_start":744958800,"date_end":1600405200,"appointing_president":"Bill Clinton","role_title":"Associate Justice of the Supreme Court of the United States","institution_name":"Supreme Court of the United States","href":"https:\/\/api.oyez.org\/preson_role\/scotus_justice\/2728"}],"thumbnail":{"id":32681,"mime":"image\/png","size":45030,"href":"https:\/\/api.oyez.org\/sites\/default\/files\/images\/people\/ruth_bader_ginsburg\/ruth_bader_ginsburg.thumb.png"},"length_of_service":9901,"identifier":"ruth_bader_ginsburg"},{"ID":15139,"name":"Stephen G. Breyer","href":"https:\/\/api.oyez.org\/people\/stephen_g_breyer","view_count":0,"last_name":"Breyer","roles":[{"id":2785,"type":"scotus_justice","date_start":775890000,"date_end":1656565200,"appointing_president":"Bill Clinton","role_title":"Associate Justice of the Supreme Court of the United States","institution_name":"Supreme Court of the United States","href":"https:\/\/api.oyez.org\/preson_role\/scotus_justice\/2785"}],"thumbnail":{"id":32682,"mime":"image\/png","size":49908,"href":"https:\/\/api.oyez.org\/sites\/default\/files\/images\/people\/stephen_g_breyer\/stephen_g_breyer.thumb.png"},"length_of_service":10193,"identifier":"stephen_g_breyer"},{"ID":15068,"name":"Samuel A. Alito, Jr.","href":"https:\/\/api.oyez.org\/people\/samuel_a_alito_jr","view_count":0,"last_name":"Alito","roles":[{"id":2712,"type":"scotus_justice","date_start":1138687200,"date_end":0,"appointing_president":"George W. Bush","role_title":"Associate Justice of the Supreme Court of the United States","institution_name":"Supreme Court of the United States","href":"https:\/\/api.oyez.org\/preson_role\/scotus_justice\/2712"}],"thumbnail":{"id":32684,"mime":"image\/png","size":44799,"href":"https:\/\/api.oyez.org\/sites\/default\/files\/images\/people\/samuel_alito_jr\/samuel_alito_jr.thumb.png"},"length_of_service":5908,"identifier":"samuel_a_alito_jr"},{"ID":15131,"name":"Sonia Sotomayor","href":"https:\/\/api.oyez.org\/people\/sonia_sotomayor","view_count":0,"last_name":"Sotomayor","roles":[{"id":2776,"type":"scotus_justice","date_start":1249707600,"date_end":0,"appointing_president":"Barack Obama","role_title":"Associate Justice of the Supreme Court of the United States","institution_name":"Supreme Court of the United States","href":"https:\/\/api.oyez.org\/preson_role\/scotus_justice\/2776"}],"thumbnail":{"id":32685,"mime":"image\/png","size":50379,"href":"https:\/\/api.oyez.org\/sites\/default\/files\/images\/people\/sonia_sotomayor\/sonia_sotomayor.thumb.png"},"length_of_service":4710,"identifier":"sonia_sotomayor"},{"ID":15094,"name":"Elena Kagan","href":"https:\/\/api.oyez.org\/people\/elena_kagan","view_count":0,"last_name":"Kagan","roles":[{"id":2738,"type":"scotus_justice","date_start":1281157200,"date_end":0,"appointing_president":"Barack Obama","role_title":"Associate Justice of the Supreme Court of the United States","institution_name":"Supreme Court of the United States","href":"https:\/\/api.oyez.org\/preson_role\/scotus_justice\/2738"}],"thumbnail":{"id":32690,"mime":"image\/png","size":44456,"href":"https:\/\/api.oyez.org\/sites\/default\/files\/images\/people\/elena_kagan\/elena_kagan.thumb.png"},"length_of_service":4259,"identifier":"elena_kagan"}],"court_start":1281157200,"images":[{"id":12235,"mime":"image\/jpeg","size":359998,"href":"https:\/\/api.oyez.org\/sites\/default\/files\/images\/courts\/roberts6.jpg"}],"identifier":"roberts6"}],"decided_by":{"ID":15151,"name":"Roberts Court (2010-2016)","href":"https:\/\/api.oyez.org\/courts\/roberts6","view_count":0,"members":[{"ID":15086,"name":"John G. Roberts, Jr.","href":"https:\/\/api.oyez.org\/people\/john_g_roberts_jr","view_count":0,"last_name":"Roberts","roles":[{"id":2730,"type":"scotus_justice","date_start":1127970000,"date_end":0,"appointing_president":"George W. Bush","role_title":"Chief Justice of the United States","institution_name":"Supreme Court of the United States","href":"https:\/\/api.oyez.org\/preson_role\/scotus_justice\/2730"}],"thumbnail":{"id":32683,"mime":"image\/png","size":52305,"href":"https:\/\/api.oyez.org\/sites\/default\/files\/images\/people\/john_g_roberts_jr\/john_g_roberts_jr.thumb.png"},"length_of_service":6119,"identifier":"john_g_roberts_jr"},{"ID":15049,"name":"Antonin Scalia","href":"https:\/\/api.oyez.org\/people\/antonin_scalia","view_count":0,"last_name":"Scalia","roles":[{"id":2693,"type":"scotus_justice","date_start":528094800,"date_end":1455343200,"appointing_president":"Ronald Reagan","role_title":"Associate Justice of the Supreme Court of the United States","institution_name":"Supreme Court of the United States","href":"https:\/\/api.oyez.org\/preson_role\/scotus_justice\/2693"}],"thumbnail":{"id":32678,"mime":"image\/png","size":58944,"href":"https:\/\/api.oyez.org\/sites\/default\/files\/images\/people\/antonin_scalia\/antonin_scalia.thumb.png"},"length_of_service":10732,"identifier":"antonin_scalia"},{"ID":15113,"name":"Anthony M. Kennedy","href":"https:\/\/api.oyez.org\/people\/anthony_m_kennedy","view_count":0,"last_name":"Kennedy","roles":[{"id":2757,"type":"scotus_justice","date_start":572162400,"date_end":1533013200,"appointing_president":"Ronald Reagan","role_title":"Associate Justice of the Supreme Court of the United States","institution_name":"Supreme Court of the United States","href":"https:\/\/api.oyez.org\/preson_role\/scotus_justice\/2757"}],"thumbnail":{"id":32679,"mime":"image\/png","size":47100,"href":"https:\/\/api.oyez.org\/sites\/default\/files\/images\/people\/anthony_m_kennedy\/anthony_m_kennedy.thumb.png"},"length_of_service":11121,"identifier":"anthony_m_kennedy"},{"ID":15100,"name":"Clarence Thomas","href":"https:\/\/api.oyez.org\/people\/clarence_thomas","view_count":0,"last_name":"Thomas","roles":[{"id":2744,"type":"scotus_justice","date_start":688194000,"date_end":0,"appointing_president":"George H. W. Bush","role_title":"Associate Justice of the Supreme Court of the United States","institution_name":"Supreme Court of the United States","href":"https:\/\/api.oyez.org\/preson_role\/scotus_justice\/2744"}],"thumbnail":{"id":32680,"mime":"image\/png","size":49064,"href":"https:\/\/api.oyez.org\/sites\/default\/files\/images\/people\/clarence_thomas\/clarence_thomas.thumb.png"},"length_of_service":11156,"identifier":"clarence_thomas"},{"ID":15084,"name":"Ruth Bader Ginsburg","href":"https:\/\/api.oyez.org\/people\/ruth_bader_ginsburg","view_count":0,"last_name":"Ginsburg","roles":[{"id":2728,"type":"scotus_justice","date_start":744958800,"date_end":1600405200,"appointing_president":"Bill Clinton","role_title":"Associate Justice of the Supreme Court of the United States","institution_name":"Supreme Court of the United States","href":"https:\/\/api.oyez.org\/preson_role\/scotus_justice\/2728"}],"thumbnail":{"id":32681,"mime":"image\/png","size":45030,"href":"https:\/\/api.oyez.org\/sites\/default\/files\/images\/people\/ruth_bader_ginsburg\/ruth_bader_ginsburg.thumb.png"},"length_of_service":9901,"identifier":"ruth_bader_ginsburg"},{"ID":15139,"name":"Stephen G. Breyer","href":"https:\/\/api.oyez.org\/people\/stephen_g_breyer","view_count":0,"last_name":"Breyer","roles":[{"id":2785,"type":"scotus_justice","date_start":775890000,"date_end":1656565200,"appointing_president":"Bill Clinton","role_title":"Associate Justice of the Supreme Court of the United States","institution_name":"Supreme Court of the United States","href":"https:\/\/api.oyez.org\/preson_role\/scotus_justice\/2785"}],"thumbnail":{"id":32682,"mime":"image\/png","size":49908,"href":"https:\/\/api.oyez.org\/sites\/default\/files\/images\/people\/stephen_g_breyer\/stephen_g_breyer.thumb.png"},"length_of_service":10193,"identifier":"stephen_g_breyer"},{"ID":15068,"name":"Samuel A. Alito, Jr.","href":"https:\/\/api.oyez.org\/people\/samuel_a_alito_jr","view_count":0,"last_name":"Alito","roles":[{"id":2712,"type":"scotus_justice","date_start":1138687200,"date_end":0,"appointing_president":"George W. Bush","role_title":"Associate Justice of the Supreme Court of the United States","institution_name":"Supreme Court of the United States","href":"https:\/\/api.oyez.org\/preson_role\/scotus_justice\/2712"}],"thumbnail":{"id":32684,"mime":"image\/png","size":44799,"href":"https:\/\/api.oyez.org\/sites\/default\/files\/images\/people\/samuel_alito_jr\/samuel_alito_jr.thumb.png"},"length_of_service":5908,"identifier":"samuel_a_alito_jr"},{"ID":15131,"name":"Sonia Sotomayor","href":"https:\/\/api.oyez.org\/people\/sonia_sotomayor","view_count":0,"last_name":"Sotomayor","roles":[{"id":2776,"type":"scotus_justice","date_start":1249707600,"date_end":0,"appointing_president":"Barack Obama","role_title":"Associate Justice of the Supreme Court of the United States","institution_name":"Supreme Court of the United States","href":"https:\/\/api.oyez.org\/preson_role\/scotus_justice\/2776"}],"thumbnail":{"id":32685,"mime":"image\/png","size":50379,"href":"https:\/\/api.oyez.org\/sites\/default\/files\/images\/people\/sonia_sotomayor\/sonia_sotomayor.thumb.png"},"length_of_service":4710,"identifier":"sonia_sotomayor"},{"ID":15094,"name":"Elena Kagan","href":"https:\/\/api.oyez.org\/people\/elena_kagan","view_count":0,"last_name":"Kagan","roles":[{"id":2738,"type":"scotus_justice","date_start":1281157200,"date_end":0,"appointing_president":"Barack Obama","role_title":"Associate Justice of the Supreme Court of the United States","institution_name":"Supreme Court of the United States","href":"https:\/\/api.oyez.org\/preson_role\/scotus_justice\/2738"}],"thumbnail":{"id":32690,"mime":"image\/png","size":44456,"href":"https:\/\/api.oyez.org\/sites\/default\/files\/images\/people\/elena_kagan\/elena_kagan.thumb.png"},"length_of_service":4259,"identifier":"elena_kagan"}],"court_start":1281157200,"images":[{"id":12235,"mime":"image\/jpeg","size":359998,"href":"https:\/\/api.oyez.org\/sites\/default\/files\/images\/courts\/roberts6.jpg"}],"identifier":"roberts6"},"term":"2010","location":{"latitude":37.92826,"longitude":-87.9027,"name":"CSX Transportation","street":"731 W 2nd Street","city":"Mount Vernon","province":"IN","postal_code":null,"province_name":"Indiana"},"opinion_announcement":[{"id":22711,"title":"Opinion Announcement - June 23, 2011","unavailable":null,"href":"https:\/\/api.oyez.org\/case_media\/opinion_announcement_audio\/22711"}],"description":null,"written_opinion":[{"id":1239,"title":"Dissenting opinion","author":null,"type":{"value":"dissenting","label":"Dissenting opinion"},"justia_opinion_id":1963622,"justia_opinion_url":"https:\/\/supreme.justia.com\/cases\/federal\/us\/564\/10-235\/dissent.html","judge_full_name":"John G. Roberts, Jr.","judge_last_name":"Roberts","title_overwrite":null,"href":"https:\/\/api.oyez.org\/case_document\/written_opinion\/1239"},{"id":1240,"title":"Syllabus","author":null,"type":{"value":"syllabus","label":"Syllabus"},"justia_opinion_id":1963623,"justia_opinion_url":"https:\/\/supreme.justia.com\/cases\/federal\/us\/564\/10-235\/","judge_full_name":null,"judge_last_name":null,"title_overwrite":null,"href":"https:\/\/api.oyez.org\/case_document\/written_opinion\/1240"},{"id":1241,"title":"Opinion of the Court","author":null,"type":{"value":"majority","label":"Opinion of the Court"},"justia_opinion_id":1963624,"justia_opinion_url":"https:\/\/supreme.justia.com\/cases\/federal\/us\/564\/10-235\/opinion.html","judge_full_name":"Ruth Bader Ginsburg","judge_last_name":"Ginsburg","title_overwrite":null,"href":"https:\/\/api.oyez.org\/case_document\/written_opinion\/1241"}],"related_cases":null,"justia_url":"https:\/\/supreme.justia.com\/cases\/federal\/us\/564\/685\/","argument2_url":null}