{"ID":55973,"name":"United States v. Apel","href":"https:\/\/api.oyez.org\/cases\/2013\/12-1038","view_count":0,"docket_number":"12-1038","additional_docket_numbers":null,"manner_of_jurisdiction":"Writ of \u003Ci\u003Ecertiorari\u003C\/i\u003E","first_party":"United States","second_party":"John D. Apel","timeline":[{"event":"Granted","dates":[1370235600],"href":"https:\/\/api.oyez.org\/case_timeline\/case_timeline\/41275"},{"event":"Argued","dates":[1386136800],"href":"https:\/\/api.oyez.org\/case_timeline\/case_timeline\/41276"},{"event":"Decided","dates":[1393394400],"href":"https:\/\/api.oyez.org\/case_timeline\/case_timeline\/41555"}],"lower_court":null,"facts_of_the_case":"\u003Cp\u003EThe Department of the Air Force owns a section of land that Highway 1 crosses, and the Department has granted roadway easements to the State of California and Santa Barbara County. Highway 1 runs next to the main gate of Vandenberg Air Force Base (Vandenberg). Near the gate is a designated area for public protesting that falls under the Highway 1 easement.\u003C\/p\u003E\n\u003Cp\u003EJohn D. Apel was barred from Vandenberg\u0027s property in 2007 for trespassing. In 2010, while the order barring him was still in effect, he entered the designated protest area three times and was asked to leave. On all three occasions the respondent failed to leave. In two separate trials, Apel was convicted of three violations of a federal statute prohibiting a person from reentering a military installation after a commanding officer has ordered him not to reenter. Apel appealed, arguing that the federal statute requires that the base has exclusive possession over the area. The district court affirmed the convictions by holding that, under the terms of the easement, the land is subject to base rules and regulations. The U.S. Court of Appeals for the Ninth Circuit reversed and held that, because the area is subject to an easement, the federal government does not have an exclusive right of possession, so the conviction cannot stand.\u003C\/p\u003E\n","question":"\u003Cp\u003ECan a federal statute be enforced on a portion of a military installation that is subject to a public roadway easement?\u003C\/p\u003E\n","conclusion":"\u003Cp\u003EYes. Chief Justice John G. Roberts delivered the opinion for the unanimous Court. The Court held that there has historically been a great deal of variation in the ownership status of U.S. military sites around the world, so there is no precedent to support the view that a statute does not apply on a base merely because the base does not have exclusive ownership of the land. Although the base granted the easement, it remained under the jurisdiction of the base commander, who remained in control of all points of access to the base.\u003C\/p\u003E\n\u003Cp\u003EIn her concurring opinion, Justice Ruth Bader Ginsburg wrote that, when the government creates specific protest places on its property, the First Amendment requires that the government only impose reasonable limitations that are content-neutral and tailored to serve a significant government interest. Although Apel\u0027s removal might not stand up to this constitutional review, the Court was correct in not reaching a decision on this issue. Justice Sonia Sotomayor joined in the concurrence. Justice Samuel A. Alito wrote a separate concurring opinion in which he argued that the Supreme Court did not address the constitutional issues in this case because they were not addressed by the Court of Appeals. The failure to address these issues does not indicate agreement or disagreement with the views outlined in Justice Ginsburg\u0027s concurrence.\u003C\/p\u003E\n","advocates":[{"advocate":{"ID":17700,"name":"Benjamin J. Horwich","href":"https:\/\/api.oyez.org\/people\/benjamin_j_horwich","view_count":0,"last_name":"Horwich","roles":null,"thumbnail":null,"length_of_service":0,"identifier":"benjamin_j_horwich"},"advocate_description":"Assistant to the Solicitor General, Department of Justice, for the United States","href":"https:\/\/api.oyez.org\/case_advocate\/case_advocate\/20639"},{"advocate":{"ID":22098,"name":"Erwin Chemerinsky","href":"https:\/\/api.oyez.org\/people\/erwin_chemerinsky","view_count":0,"last_name":"Chemerinsky","roles":null,"thumbnail":null,"length_of_service":0,"identifier":"erwin_chemerinsky"},"advocate_description":"for the respondent","href":"https:\/\/api.oyez.org\/case_advocate\/case_advocate\/20640"}],"oral_argument_audio":[{"id":22425,"title":"Oral Argument - December 04, 2013","public_note":null,"unavailable":null,"display_title":null,"href":"https:\/\/api.oyez.org\/case_media\/oral_argument_audio\/22425"}],"citation":{"volume":"571","page":"359","year":"2014","href":"https:\/\/api.oyez.org\/case_citation\/case_citation\/19895"},"decisions":[{"description":"Federal Statutes are still enforceable even where the federal government does not have exclusive rights of possession over the land. ","votes":[{"member":{"ID":15086,"name":"John G. Roberts, Jr.","href":"https:\/\/api.oyez.org\/people\/john_g_roberts_jr","view_count":0,"last_name":"Roberts","roles":[{"id":2730,"type":"scotus_justice","date_start":1127970000,"date_end":0,"appointing_president":"George W. Bush","role_title":"Chief Justice of the United States","institution_name":"Supreme Court of the United States","href":"https:\/\/api.oyez.org\/preson_role\/scotus_justice\/2730"}],"thumbnail":{"id":32683,"mime":"image\/png","size":52305,"href":"https:\/\/api.oyez.org\/sites\/default\/files\/images\/people\/john_g_roberts_jr\/john_g_roberts_jr.thumb.png"},"length_of_service":6119,"identifier":"john_g_roberts_jr"},"vote":"majority","opinion_type":"concurrence","joining":null,"seniority":1,"ideology":0.807,"href":"https:\/\/api.oyez.org\/decision_vote\/decision_vote\/206875"},{"member":{"ID":15084,"name":"Ruth Bader Ginsburg","href":"https:\/\/api.oyez.org\/people\/ruth_bader_ginsburg","view_count":0,"last_name":"Ginsburg","roles":[{"id":2728,"type":"scotus_justice","date_start":744958800,"date_end":1600405200,"appointing_president":"Bill Clinton","role_title":"Associate Justice of the Supreme Court of the United States","institution_name":"Supreme Court of the United States","href":"https:\/\/api.oyez.org\/preson_role\/scotus_justice\/2728"}],"thumbnail":{"id":32681,"mime":"image\/png","size":45030,"href":"https:\/\/api.oyez.org\/sites\/default\/files\/images\/people\/ruth_bader_ginsburg\/ruth_bader_ginsburg.thumb.png"},"length_of_service":9901,"identifier":"ruth_bader_ginsburg"},"vote":"majority","opinion_type":"concurrence","joining":[{"ID":15131,"name":"Sonia Sotomayor","href":"https:\/\/api.oyez.org\/people\/sonia_sotomayor","view_count":0,"last_name":"Sotomayor","roles":[{"id":2776,"type":"scotus_justice","date_start":1249707600,"date_end":0,"appointing_president":"Barack Obama","role_title":"Associate Justice of the Supreme Court of the United States","institution_name":"Supreme Court of the United States","href":"https:\/\/api.oyez.org\/preson_role\/scotus_justice\/2776"}],"thumbnail":{"id":32685,"mime":"image\/png","size":50379,"href":"https:\/\/api.oyez.org\/sites\/default\/files\/images\/people\/sonia_sotomayor\/sonia_sotomayor.thumb.png"},"length_of_service":4710,"identifier":"sonia_sotomayor"}],"seniority":5,"ideology":-2.451,"href":"https:\/\/api.oyez.org\/decision_vote\/decision_vote\/206876"},{"member":{"ID":15068,"name":"Samuel A. Alito, Jr.","href":"https:\/\/api.oyez.org\/people\/samuel_a_alito_jr","view_count":0,"last_name":"Alito","roles":[{"id":2712,"type":"scotus_justice","date_start":1138687200,"date_end":0,"appointing_president":"George W. Bush","role_title":"Associate Justice of the Supreme Court of the United States","institution_name":"Supreme Court of the United States","href":"https:\/\/api.oyez.org\/preson_role\/scotus_justice\/2712"}],"thumbnail":{"id":32684,"mime":"image\/png","size":44799,"href":"https:\/\/api.oyez.org\/sites\/default\/files\/images\/people\/samuel_alito_jr\/samuel_alito_jr.thumb.png"},"length_of_service":5908,"identifier":"samuel_a_alito_jr"},"vote":"majority","opinion_type":"concurrence","joining":null,"seniority":7,"ideology":1.944,"href":"https:\/\/api.oyez.org\/decision_vote\/decision_vote\/206877"},{"member":{"ID":15131,"name":"Sonia Sotomayor","href":"https:\/\/api.oyez.org\/people\/sonia_sotomayor","view_count":0,"last_name":"Sotomayor","roles":[{"id":2776,"type":"scotus_justice","date_start":1249707600,"date_end":0,"appointing_president":"Barack Obama","role_title":"Associate Justice of the Supreme Court of the United States","institution_name":"Supreme Court of the United States","href":"https:\/\/api.oyez.org\/preson_role\/scotus_justice\/2776"}],"thumbnail":{"id":32685,"mime":"image\/png","size":50379,"href":"https:\/\/api.oyez.org\/sites\/default\/files\/images\/people\/sonia_sotomayor\/sonia_sotomayor.thumb.png"},"length_of_service":4710,"identifier":"sonia_sotomayor"},"vote":"majority","opinion_type":"none","joining":null,"seniority":8,"ideology":-2.523,"href":"https:\/\/api.oyez.org\/decision_vote\/decision_vote\/206878"},{"member":{"ID":15094,"name":"Elena Kagan","href":"https:\/\/api.oyez.org\/people\/elena_kagan","view_count":0,"last_name":"Kagan","roles":[{"id":2738,"type":"scotus_justice","date_start":1281157200,"date_end":0,"appointing_president":"Barack Obama","role_title":"Associate Justice of the Supreme Court of the United States","institution_name":"Supreme Court of the United States","href":"https:\/\/api.oyez.org\/preson_role\/scotus_justice\/2738"}],"thumbnail":{"id":32690,"mime":"image\/png","size":44456,"href":"https:\/\/api.oyez.org\/sites\/default\/files\/images\/people\/elena_kagan\/elena_kagan.thumb.png"},"length_of_service":4259,"identifier":"elena_kagan"},"vote":"majority","opinion_type":"none","joining":null,"seniority":9,"ideology":-1.613,"href":"https:\/\/api.oyez.org\/decision_vote\/decision_vote\/206879"},{"member":{"ID":15113,"name":"Anthony M. Kennedy","href":"https:\/\/api.oyez.org\/people\/anthony_m_kennedy","view_count":0,"last_name":"Kennedy","roles":[{"id":2757,"type":"scotus_justice","date_start":572162400,"date_end":1533013200,"appointing_president":"Ronald Reagan","role_title":"Associate Justice of the Supreme Court of the United States","institution_name":"Supreme Court of the United States","href":"https:\/\/api.oyez.org\/preson_role\/scotus_justice\/2757"}],"thumbnail":{"id":32679,"mime":"image\/png","size":47100,"href":"https:\/\/api.oyez.org\/sites\/default\/files\/images\/people\/anthony_m_kennedy\/anthony_m_kennedy.thumb.png"},"length_of_service":11121,"identifier":"anthony_m_kennedy"},"vote":"majority","opinion_type":"none","joining":null,"seniority":3,"ideology":0.078,"href":"https:\/\/api.oyez.org\/decision_vote\/decision_vote\/206880"},{"member":{"ID":15049,"name":"Antonin Scalia","href":"https:\/\/api.oyez.org\/people\/antonin_scalia","view_count":0,"last_name":"Scalia","roles":[{"id":2693,"type":"scotus_justice","date_start":528094800,"date_end":1455343200,"appointing_president":"Ronald Reagan","role_title":"Associate Justice of the Supreme Court of the United States","institution_name":"Supreme Court of the United States","href":"https:\/\/api.oyez.org\/preson_role\/scotus_justice\/2693"}],"thumbnail":{"id":32678,"mime":"image\/png","size":58944,"href":"https:\/\/api.oyez.org\/sites\/default\/files\/images\/people\/antonin_scalia\/antonin_scalia.thumb.png"},"length_of_service":10732,"identifier":"antonin_scalia"},"vote":"majority","opinion_type":"none","joining":null,"seniority":2,"ideology":1.592,"href":"https:\/\/api.oyez.org\/decision_vote\/decision_vote\/206881"},{"member":{"ID":15100,"name":"Clarence Thomas","href":"https:\/\/api.oyez.org\/people\/clarence_thomas","view_count":0,"last_name":"Thomas","roles":[{"id":2744,"type":"scotus_justice","date_start":688194000,"date_end":0,"appointing_president":"George H. W. Bush","role_title":"Associate Justice of the Supreme Court of the United States","institution_name":"Supreme Court of the United States","href":"https:\/\/api.oyez.org\/preson_role\/scotus_justice\/2744"}],"thumbnail":{"id":32680,"mime":"image\/png","size":49064,"href":"https:\/\/api.oyez.org\/sites\/default\/files\/images\/people\/clarence_thomas\/clarence_thomas.thumb.png"},"length_of_service":11156,"identifier":"clarence_thomas"},"vote":"majority","opinion_type":"none","joining":null,"seniority":4,"ideology":3.169,"href":"https:\/\/api.oyez.org\/decision_vote\/decision_vote\/206882"},{"member":{"ID":15139,"name":"Stephen G. Breyer","href":"https:\/\/api.oyez.org\/people\/stephen_g_breyer","view_count":0,"last_name":"Breyer","roles":[{"id":2785,"type":"scotus_justice","date_start":775890000,"date_end":1656565200,"appointing_president":"Bill Clinton","role_title":"Associate Justice of the Supreme Court of the United States","institution_name":"Supreme Court of the United States","href":"https:\/\/api.oyez.org\/preson_role\/scotus_justice\/2785"}],"thumbnail":{"id":32682,"mime":"image\/png","size":49908,"href":"https:\/\/api.oyez.org\/sites\/default\/files\/images\/people\/stephen_g_breyer\/stephen_g_breyer.thumb.png"},"length_of_service":10193,"identifier":"stephen_g_breyer"},"vote":"majority","opinion_type":"none","joining":null,"seniority":6,"ideology":-1.447,"href":"https:\/\/api.oyez.org\/decision_vote\/decision_vote\/206883"}],"majority_vote":9,"minority_vote":0,"winning_party":"United States ","decision_type":"majority opinion","href":"https:\/\/api.oyez.org\/case_decision\/case_decision\/16541"}],"first_party_label":"Petitioner","second_party_label":"Respondent","heard_by":[{"ID":15151,"name":"Roberts Court (2010-2016)","href":"https:\/\/api.oyez.org\/courts\/roberts6","view_count":0,"members":[{"ID":15086,"name":"John G. Roberts, Jr.","href":"https:\/\/api.oyez.org\/people\/john_g_roberts_jr","view_count":0,"last_name":"Roberts","roles":[{"id":2730,"type":"scotus_justice","date_start":1127970000,"date_end":0,"appointing_president":"George W. Bush","role_title":"Chief Justice of the United States","institution_name":"Supreme Court of the United States","href":"https:\/\/api.oyez.org\/preson_role\/scotus_justice\/2730"}],"thumbnail":{"id":32683,"mime":"image\/png","size":52305,"href":"https:\/\/api.oyez.org\/sites\/default\/files\/images\/people\/john_g_roberts_jr\/john_g_roberts_jr.thumb.png"},"length_of_service":6119,"identifier":"john_g_roberts_jr"},{"ID":15049,"name":"Antonin Scalia","href":"https:\/\/api.oyez.org\/people\/antonin_scalia","view_count":0,"last_name":"Scalia","roles":[{"id":2693,"type":"scotus_justice","date_start":528094800,"date_end":1455343200,"appointing_president":"Ronald Reagan","role_title":"Associate Justice of the Supreme Court of the United States","institution_name":"Supreme Court of the United States","href":"https:\/\/api.oyez.org\/preson_role\/scotus_justice\/2693"}],"thumbnail":{"id":32678,"mime":"image\/png","size":58944,"href":"https:\/\/api.oyez.org\/sites\/default\/files\/images\/people\/antonin_scalia\/antonin_scalia.thumb.png"},"length_of_service":10732,"identifier":"antonin_scalia"},{"ID":15113,"name":"Anthony M. Kennedy","href":"https:\/\/api.oyez.org\/people\/anthony_m_kennedy","view_count":0,"last_name":"Kennedy","roles":[{"id":2757,"type":"scotus_justice","date_start":572162400,"date_end":1533013200,"appointing_president":"Ronald Reagan","role_title":"Associate Justice of the Supreme Court of the United States","institution_name":"Supreme Court of the United States","href":"https:\/\/api.oyez.org\/preson_role\/scotus_justice\/2757"}],"thumbnail":{"id":32679,"mime":"image\/png","size":47100,"href":"https:\/\/api.oyez.org\/sites\/default\/files\/images\/people\/anthony_m_kennedy\/anthony_m_kennedy.thumb.png"},"length_of_service":11121,"identifier":"anthony_m_kennedy"},{"ID":15100,"name":"Clarence Thomas","href":"https:\/\/api.oyez.org\/people\/clarence_thomas","view_count":0,"last_name":"Thomas","roles":[{"id":2744,"type":"scotus_justice","date_start":688194000,"date_end":0,"appointing_president":"George H. W. Bush","role_title":"Associate Justice of the Supreme Court of the United States","institution_name":"Supreme Court of the United States","href":"https:\/\/api.oyez.org\/preson_role\/scotus_justice\/2744"}],"thumbnail":{"id":32680,"mime":"image\/png","size":49064,"href":"https:\/\/api.oyez.org\/sites\/default\/files\/images\/people\/clarence_thomas\/clarence_thomas.thumb.png"},"length_of_service":11156,"identifier":"clarence_thomas"},{"ID":15084,"name":"Ruth Bader Ginsburg","href":"https:\/\/api.oyez.org\/people\/ruth_bader_ginsburg","view_count":0,"last_name":"Ginsburg","roles":[{"id":2728,"type":"scotus_justice","date_start":744958800,"date_end":1600405200,"appointing_president":"Bill Clinton","role_title":"Associate Justice of the Supreme Court of the United States","institution_name":"Supreme Court of the United States","href":"https:\/\/api.oyez.org\/preson_role\/scotus_justice\/2728"}],"thumbnail":{"id":32681,"mime":"image\/png","size":45030,"href":"https:\/\/api.oyez.org\/sites\/default\/files\/images\/people\/ruth_bader_ginsburg\/ruth_bader_ginsburg.thumb.png"},"length_of_service":9901,"identifier":"ruth_bader_ginsburg"},{"ID":15139,"name":"Stephen G. Breyer","href":"https:\/\/api.oyez.org\/people\/stephen_g_breyer","view_count":0,"last_name":"Breyer","roles":[{"id":2785,"type":"scotus_justice","date_start":775890000,"date_end":1656565200,"appointing_president":"Bill Clinton","role_title":"Associate Justice of the Supreme Court of the United States","institution_name":"Supreme Court of the United States","href":"https:\/\/api.oyez.org\/preson_role\/scotus_justice\/2785"}],"thumbnail":{"id":32682,"mime":"image\/png","size":49908,"href":"https:\/\/api.oyez.org\/sites\/default\/files\/images\/people\/stephen_g_breyer\/stephen_g_breyer.thumb.png"},"length_of_service":10193,"identifier":"stephen_g_breyer"},{"ID":15068,"name":"Samuel A. Alito, Jr.","href":"https:\/\/api.oyez.org\/people\/samuel_a_alito_jr","view_count":0,"last_name":"Alito","roles":[{"id":2712,"type":"scotus_justice","date_start":1138687200,"date_end":0,"appointing_president":"George W. Bush","role_title":"Associate Justice of the Supreme Court of the United States","institution_name":"Supreme Court of the United States","href":"https:\/\/api.oyez.org\/preson_role\/scotus_justice\/2712"}],"thumbnail":{"id":32684,"mime":"image\/png","size":44799,"href":"https:\/\/api.oyez.org\/sites\/default\/files\/images\/people\/samuel_alito_jr\/samuel_alito_jr.thumb.png"},"length_of_service":5908,"identifier":"samuel_a_alito_jr"},{"ID":15131,"name":"Sonia Sotomayor","href":"https:\/\/api.oyez.org\/people\/sonia_sotomayor","view_count":0,"last_name":"Sotomayor","roles":[{"id":2776,"type":"scotus_justice","date_start":1249707600,"date_end":0,"appointing_president":"Barack Obama","role_title":"Associate Justice of the Supreme Court of the United States","institution_name":"Supreme Court of the United States","href":"https:\/\/api.oyez.org\/preson_role\/scotus_justice\/2776"}],"thumbnail":{"id":32685,"mime":"image\/png","size":50379,"href":"https:\/\/api.oyez.org\/sites\/default\/files\/images\/people\/sonia_sotomayor\/sonia_sotomayor.thumb.png"},"length_of_service":4710,"identifier":"sonia_sotomayor"},{"ID":15094,"name":"Elena Kagan","href":"https:\/\/api.oyez.org\/people\/elena_kagan","view_count":0,"last_name":"Kagan","roles":[{"id":2738,"type":"scotus_justice","date_start":1281157200,"date_end":0,"appointing_president":"Barack Obama","role_title":"Associate Justice of the Supreme Court of the United States","institution_name":"Supreme Court of the United States","href":"https:\/\/api.oyez.org\/preson_role\/scotus_justice\/2738"}],"thumbnail":{"id":32690,"mime":"image\/png","size":44456,"href":"https:\/\/api.oyez.org\/sites\/default\/files\/images\/people\/elena_kagan\/elena_kagan.thumb.png"},"length_of_service":4259,"identifier":"elena_kagan"}],"court_start":1281157200,"images":[{"id":12235,"mime":"image\/jpeg","size":359998,"href":"https:\/\/api.oyez.org\/sites\/default\/files\/images\/courts\/roberts6.jpg"}],"identifier":"roberts6"}],"decided_by":{"ID":15151,"name":"Roberts Court (2010-2016)","href":"https:\/\/api.oyez.org\/courts\/roberts6","view_count":0,"members":[{"ID":15086,"name":"John G. Roberts, Jr.","href":"https:\/\/api.oyez.org\/people\/john_g_roberts_jr","view_count":0,"last_name":"Roberts","roles":[{"id":2730,"type":"scotus_justice","date_start":1127970000,"date_end":0,"appointing_president":"George W. Bush","role_title":"Chief Justice of the United States","institution_name":"Supreme Court of the United States","href":"https:\/\/api.oyez.org\/preson_role\/scotus_justice\/2730"}],"thumbnail":{"id":32683,"mime":"image\/png","size":52305,"href":"https:\/\/api.oyez.org\/sites\/default\/files\/images\/people\/john_g_roberts_jr\/john_g_roberts_jr.thumb.png"},"length_of_service":6119,"identifier":"john_g_roberts_jr"},{"ID":15049,"name":"Antonin Scalia","href":"https:\/\/api.oyez.org\/people\/antonin_scalia","view_count":0,"last_name":"Scalia","roles":[{"id":2693,"type":"scotus_justice","date_start":528094800,"date_end":1455343200,"appointing_president":"Ronald Reagan","role_title":"Associate Justice of the Supreme Court of the United States","institution_name":"Supreme Court of the United States","href":"https:\/\/api.oyez.org\/preson_role\/scotus_justice\/2693"}],"thumbnail":{"id":32678,"mime":"image\/png","size":58944,"href":"https:\/\/api.oyez.org\/sites\/default\/files\/images\/people\/antonin_scalia\/antonin_scalia.thumb.png"},"length_of_service":10732,"identifier":"antonin_scalia"},{"ID":15113,"name":"Anthony M. Kennedy","href":"https:\/\/api.oyez.org\/people\/anthony_m_kennedy","view_count":0,"last_name":"Kennedy","roles":[{"id":2757,"type":"scotus_justice","date_start":572162400,"date_end":1533013200,"appointing_president":"Ronald Reagan","role_title":"Associate Justice of the Supreme Court of the United States","institution_name":"Supreme Court of the United States","href":"https:\/\/api.oyez.org\/preson_role\/scotus_justice\/2757"}],"thumbnail":{"id":32679,"mime":"image\/png","size":47100,"href":"https:\/\/api.oyez.org\/sites\/default\/files\/images\/people\/anthony_m_kennedy\/anthony_m_kennedy.thumb.png"},"length_of_service":11121,"identifier":"anthony_m_kennedy"},{"ID":15100,"name":"Clarence Thomas","href":"https:\/\/api.oyez.org\/people\/clarence_thomas","view_count":0,"last_name":"Thomas","roles":[{"id":2744,"type":"scotus_justice","date_start":688194000,"date_end":0,"appointing_president":"George H. W. Bush","role_title":"Associate Justice of the Supreme Court of the United States","institution_name":"Supreme Court of the United States","href":"https:\/\/api.oyez.org\/preson_role\/scotus_justice\/2744"}],"thumbnail":{"id":32680,"mime":"image\/png","size":49064,"href":"https:\/\/api.oyez.org\/sites\/default\/files\/images\/people\/clarence_thomas\/clarence_thomas.thumb.png"},"length_of_service":11156,"identifier":"clarence_thomas"},{"ID":15084,"name":"Ruth Bader Ginsburg","href":"https:\/\/api.oyez.org\/people\/ruth_bader_ginsburg","view_count":0,"last_name":"Ginsburg","roles":[{"id":2728,"type":"scotus_justice","date_start":744958800,"date_end":1600405200,"appointing_president":"Bill Clinton","role_title":"Associate Justice of the Supreme Court of the United States","institution_name":"Supreme Court of the United States","href":"https:\/\/api.oyez.org\/preson_role\/scotus_justice\/2728"}],"thumbnail":{"id":32681,"mime":"image\/png","size":45030,"href":"https:\/\/api.oyez.org\/sites\/default\/files\/images\/people\/ruth_bader_ginsburg\/ruth_bader_ginsburg.thumb.png"},"length_of_service":9901,"identifier":"ruth_bader_ginsburg"},{"ID":15139,"name":"Stephen G. Breyer","href":"https:\/\/api.oyez.org\/people\/stephen_g_breyer","view_count":0,"last_name":"Breyer","roles":[{"id":2785,"type":"scotus_justice","date_start":775890000,"date_end":1656565200,"appointing_president":"Bill Clinton","role_title":"Associate Justice of the Supreme Court of the United States","institution_name":"Supreme Court of the United States","href":"https:\/\/api.oyez.org\/preson_role\/scotus_justice\/2785"}],"thumbnail":{"id":32682,"mime":"image\/png","size":49908,"href":"https:\/\/api.oyez.org\/sites\/default\/files\/images\/people\/stephen_g_breyer\/stephen_g_breyer.thumb.png"},"length_of_service":10193,"identifier":"stephen_g_breyer"},{"ID":15068,"name":"Samuel A. Alito, Jr.","href":"https:\/\/api.oyez.org\/people\/samuel_a_alito_jr","view_count":0,"last_name":"Alito","roles":[{"id":2712,"type":"scotus_justice","date_start":1138687200,"date_end":0,"appointing_president":"George W. Bush","role_title":"Associate Justice of the Supreme Court of the United States","institution_name":"Supreme Court of the United States","href":"https:\/\/api.oyez.org\/preson_role\/scotus_justice\/2712"}],"thumbnail":{"id":32684,"mime":"image\/png","size":44799,"href":"https:\/\/api.oyez.org\/sites\/default\/files\/images\/people\/samuel_alito_jr\/samuel_alito_jr.thumb.png"},"length_of_service":5908,"identifier":"samuel_a_alito_jr"},{"ID":15131,"name":"Sonia Sotomayor","href":"https:\/\/api.oyez.org\/people\/sonia_sotomayor","view_count":0,"last_name":"Sotomayor","roles":[{"id":2776,"type":"scotus_justice","date_start":1249707600,"date_end":0,"appointing_president":"Barack Obama","role_title":"Associate Justice of the Supreme Court of the United States","institution_name":"Supreme Court of the United States","href":"https:\/\/api.oyez.org\/preson_role\/scotus_justice\/2776"}],"thumbnail":{"id":32685,"mime":"image\/png","size":50379,"href":"https:\/\/api.oyez.org\/sites\/default\/files\/images\/people\/sonia_sotomayor\/sonia_sotomayor.thumb.png"},"length_of_service":4710,"identifier":"sonia_sotomayor"},{"ID":15094,"name":"Elena Kagan","href":"https:\/\/api.oyez.org\/people\/elena_kagan","view_count":0,"last_name":"Kagan","roles":[{"id":2738,"type":"scotus_justice","date_start":1281157200,"date_end":0,"appointing_president":"Barack Obama","role_title":"Associate Justice of the Supreme Court of the United States","institution_name":"Supreme Court of the United States","href":"https:\/\/api.oyez.org\/preson_role\/scotus_justice\/2738"}],"thumbnail":{"id":32690,"mime":"image\/png","size":44456,"href":"https:\/\/api.oyez.org\/sites\/default\/files\/images\/people\/elena_kagan\/elena_kagan.thumb.png"},"length_of_service":4259,"identifier":"elena_kagan"}],"court_start":1281157200,"images":[{"id":12235,"mime":"image\/jpeg","size":359998,"href":"https:\/\/api.oyez.org\/sites\/default\/files\/images\/courts\/roberts6.jpg"}],"identifier":"roberts6"},"term":"2013","location":{"latitude":34.739749,"longitude":-120.539576,"name":"Vandenberg Air Force Base","street":"747 Nebraska Ave.","city":"Vandenberg AFB","province":"CA","postal_code":null,"province_name":"California"},"opinion_announcement":[{"id":23277,"title":"Opinion Announcement - February 26, 2014","unavailable":null,"href":"https:\/\/api.oyez.org\/case_media\/opinion_announcement_audio\/23277"}],"description":"A case in which the Court ruled that a federal statute can be enforced on a portion of military land that is subject to a public roadway easement.","written_opinion":[{"id":1201,"title":"Syllabus","author":null,"type":{"value":"syllabus","label":"Syllabus"},"justia_opinion_id":1970820,"justia_opinion_url":"https:\/\/supreme.justia.com\/cases\/federal\/us\/571\/12-1038\/","judge_full_name":null,"judge_last_name":null,"title_overwrite":null,"href":"https:\/\/api.oyez.org\/case_document\/written_opinion\/1201"},{"id":1202,"title":"Concurring opinion","author":null,"type":{"value":"concurring","label":"Concurring opinion"},"justia_opinion_id":1970821,"justia_opinion_url":"https:\/\/supreme.justia.com\/cases\/federal\/us\/571\/12-1038\/concur4.html","judge_full_name":null,"judge_last_name":null,"title_overwrite":null,"href":"https:\/\/api.oyez.org\/case_document\/written_opinion\/1202"},{"id":1203,"title":"Concurring opinion","author":null,"type":{"value":"concurring","label":"Concurring opinion"},"justia_opinion_id":1970822,"justia_opinion_url":"https:\/\/supreme.justia.com\/cases\/federal\/us\/571\/12-1038\/concur5.html","judge_full_name":"Samuel A. Alito, Jr.","judge_last_name":"Alito","title_overwrite":null,"href":"https:\/\/api.oyez.org\/case_document\/written_opinion\/1203"},{"id":1204,"title":"Opinion of the Court","author":null,"type":{"value":"majority","label":"Opinion of the Court"},"justia_opinion_id":1970823,"justia_opinion_url":"https:\/\/supreme.justia.com\/cases\/federal\/us\/571\/12-1038\/opinion3.html","judge_full_name":null,"judge_last_name":null,"title_overwrite":null,"href":"https:\/\/api.oyez.org\/case_document\/written_opinion\/1204"}],"related_cases":null,"justia_url":"https:\/\/supreme.justia.com\/cases\/federal\/us\/571\/359\/","argument2_url":null}