{"ID":56040,"name":"Kansas v. Nebraska and Colorado","href":"https:\/\/api.oyez.org\/cases\/2014\/126-orig","view_count":0,"docket_number":"126-orig","additional_docket_numbers":null,"manner_of_jurisdiction":"Original jurisdiction","first_party":"Kansas","second_party":"Nebraska and Colorado","timeline":[{"event":"Granted","dates":[1402290000],"href":"https:\/\/api.oyez.org\/case_timeline\/case_timeline\/41600"},{"event":"Argued","dates":[1413262800],"href":"https:\/\/api.oyez.org\/case_timeline\/case_timeline\/41601"},{"event":"Decided","dates":[1424757600],"href":"https:\/\/api.oyez.org\/case_timeline\/case_timeline\/41602"}],"lower_court":null,"facts_of_the_case":"\u003Cp\u003EThe Republican River Basin is a watershed that encompasses parts of Colorado, Nebraska, and Kansas. On December 31, 1942, the states ratified a compact to agree on an interstate allocation of the Basin\u0027s resources, which Congress enacted on May 26, 1943. In accordance with the compact, the states created the Republican River Compact Administration (RRCA) to determine whether each state has stayed within its allocation for that year.\u003C\/p\u003E\n\u003Cp\u003EBeginning in the 1980s, Kansas reported to the RRCA that Nebraska was violating the terms of the compact by allowing increasing groundwater development, which was reducing the inflow of water to Kansas. Nebraska argued that groundwater pumping was not subject to the compact. In 1999, the Supreme Court granted Kansas\u0027 motion for leave to file a bill of complaint against Nebraska and appointed a Special Master who concluded that the compact covered groundwater pumping when it impacted the water supply. After further negotiations, Kansas, Nebraska, and Colorado entered into the Final Settlement Stipulation (FSS), which further established procedures for compliance with the compact.\u003C\/p\u003E\n\u003Cp\u003EIn 2008, Kansas alleged that Nebraska had overused its water allocations while continuing the groundwater pumping. Kansas sought monetary damages and relief to ensure Nebraska\u0027s future compliance; Nebraska rejected those demands and argued that errors in the FSS procedures prevented an accurate accounting of each state\u0027s allocation. Pursuant to the FSS, Kansas and Nebraska presented their claims for non-binding arbitration. The arbitrator held that Kansas had clearly incurred damages but failed to adequately prove those damages. Kansas subsequently sought leave to file a petition in U.S. Supreme Court, but Nebraska argued that that Kansas\u0027 claims did not merit exercise of the Court\u0027s jurisdiction while Nebraska\u0027s claims about errors in the FSS procedures did.\u003C\/p\u003E\n","question":"\u003Cp\u003EDid Nebraska violate a compact apportioning the water resources of the Republican River among Kansas, Nebraska, and Colorado?\u003C\/p\u003E\n\u003Cp\u003EIf so, what relief is appropriate?\u003C\/p\u003E\n","conclusion":"\u003Cp\u003EYes, and the proper relief is the $3.7 million for Kansas\u0027 losses plus the $1.8 million in partial disgorgement for Nebraska\u0027s gains that the Special Master recommended. Justice Elena Kagan delivered the opinion for the 5-4 majority. The Court held that, when states enter into water apportionment compacts with one another, those compacts are within the Court\u0027s jurisdiction to oversee and enforce equitable apportionment. In this case, the evidence supports the Special Master\u0027s determination that Nebraska knowingly violated the compact. Therefore, the Special Master\u0027s award of monetary damages in excess of Kansas\u0027 actual losses is appropriate. However, because Nebraska had since altered its behavior to comply with the compact, Kansas\u0027 requests for further monetary damages and an injunction should be denied. Additionally, the Court held that the Special Master\u0027s amendments to the compact\u0027s Accounting Procedures should be adopted.\u003C\/p\u003E\n\u003Cp\u003EJustice Clarence Thomas wrote an opinion concurring in part and dissenting in part in which he argued that this case was essentially a contract dispute that should be handled by applying ordinary principles of contract law. Under these principles, the majority opinion should not have allowed the disgorgement award and should not have modified the Accounting Procedures. Justice Antonin Scalia, Justice Samuel A. Alito, Jr., and Chief Justice John G. Roberts joined in the opinion. In his separate partial concurrence and partial dissent, Chief Justice Roberts wrote that the Court did not have the authority to modify the Accounting Procedures as the majority opinion did. Justice Scalia wrote a separate partial concurrence and partial dissent in which he noted that both the majority opinion and Justice Thomas\u0027 opinion relied on Restatements, which are novel extensions of the law that do not necessarily have the support of case law and therefore should be used with caution.\u003C\/p\u003E\n","advocates":[{"advocate":{"ID":41786,"name":"Stephen R. McAllister","href":"https:\/\/api.oyez.org\/people\/stephen_r_mcallister","view_count":0,"last_name":"McAllister","roles":null,"thumbnail":null,"length_of_service":0,"identifier":"stephen_r_mcallister"},"advocate_description":"Solicitor General of Kansas, for the petitioner","href":"https:\/\/api.oyez.org\/case_advocate\/case_advocate\/20758"},{"advocate":{"ID":16657,"name":"Ann O\u0027Connell Adams","href":"https:\/\/api.oyez.org\/people\/ann_oconnell","view_count":0,"last_name":"Adams","roles":null,"thumbnail":null,"length_of_service":0,"identifier":"ann_oconnell"},"advocate_description":"Assistant to the Solicitor General, Department of Justice, for the United States as amicus curiae","href":"https:\/\/api.oyez.org\/case_advocate\/case_advocate\/20759"},{"advocate":{"ID":56039,"name":"David D. Cookson","href":"https:\/\/api.oyez.org\/people\/david_d_cookson","view_count":0,"last_name":"Cookson","roles":null,"thumbnail":null,"length_of_service":0,"identifier":"david_d_cookson"},"advocate_description":"Chief Deputy Attorney General of Nebraska, for the respondent","href":"https:\/\/api.oyez.org\/case_advocate\/case_advocate\/20760"}],"oral_argument_audio":[{"id":23312,"title":"Oral Argument - October 14, 2014","public_note":null,"unavailable":null,"display_title":null,"href":"https:\/\/api.oyez.org\/case_media\/oral_argument_audio\/23312"}],"citation":{"volume":"574","page":null,"year":"2015","href":"https:\/\/api.oyez.org\/case_citation\/case_citation\/20910"},"decisions":null,"first_party_label":"Petitioner","second_party_label":"Respondent","heard_by":[{"ID":15151,"name":"Roberts Court (2010-2016)","href":"https:\/\/api.oyez.org\/courts\/roberts6","view_count":0,"members":[{"ID":15086,"name":"John G. Roberts, Jr.","href":"https:\/\/api.oyez.org\/people\/john_g_roberts_jr","view_count":0,"last_name":"Roberts","roles":[{"id":2730,"type":"scotus_justice","date_start":1127970000,"date_end":0,"appointing_president":"George W. Bush","role_title":"Chief Justice of the United States","institution_name":"Supreme Court of the United States","href":"https:\/\/api.oyez.org\/preson_role\/scotus_justice\/2730"}],"thumbnail":{"id":32683,"mime":"image\/png","size":52305,"href":"https:\/\/api.oyez.org\/sites\/default\/files\/images\/people\/john_g_roberts_jr\/john_g_roberts_jr.thumb.png"},"length_of_service":6119,"identifier":"john_g_roberts_jr"},{"ID":15049,"name":"Antonin Scalia","href":"https:\/\/api.oyez.org\/people\/antonin_scalia","view_count":0,"last_name":"Scalia","roles":[{"id":2693,"type":"scotus_justice","date_start":528094800,"date_end":1455343200,"appointing_president":"Ronald Reagan","role_title":"Associate Justice of the Supreme Court of the United States","institution_name":"Supreme Court of the United States","href":"https:\/\/api.oyez.org\/preson_role\/scotus_justice\/2693"}],"thumbnail":{"id":32678,"mime":"image\/png","size":58944,"href":"https:\/\/api.oyez.org\/sites\/default\/files\/images\/people\/antonin_scalia\/antonin_scalia.thumb.png"},"length_of_service":10732,"identifier":"antonin_scalia"},{"ID":15113,"name":"Anthony M. Kennedy","href":"https:\/\/api.oyez.org\/people\/anthony_m_kennedy","view_count":0,"last_name":"Kennedy","roles":[{"id":2757,"type":"scotus_justice","date_start":572162400,"date_end":1533013200,"appointing_president":"Ronald Reagan","role_title":"Associate Justice of the Supreme Court of the United States","institution_name":"Supreme Court of the United States","href":"https:\/\/api.oyez.org\/preson_role\/scotus_justice\/2757"}],"thumbnail":{"id":32679,"mime":"image\/png","size":47100,"href":"https:\/\/api.oyez.org\/sites\/default\/files\/images\/people\/anthony_m_kennedy\/anthony_m_kennedy.thumb.png"},"length_of_service":11121,"identifier":"anthony_m_kennedy"},{"ID":15100,"name":"Clarence Thomas","href":"https:\/\/api.oyez.org\/people\/clarence_thomas","view_count":0,"last_name":"Thomas","roles":[{"id":2744,"type":"scotus_justice","date_start":688194000,"date_end":0,"appointing_president":"George H. W. Bush","role_title":"Associate Justice of the Supreme Court of the United States","institution_name":"Supreme Court of the United States","href":"https:\/\/api.oyez.org\/preson_role\/scotus_justice\/2744"}],"thumbnail":{"id":32680,"mime":"image\/png","size":49064,"href":"https:\/\/api.oyez.org\/sites\/default\/files\/images\/people\/clarence_thomas\/clarence_thomas.thumb.png"},"length_of_service":11156,"identifier":"clarence_thomas"},{"ID":15084,"name":"Ruth Bader Ginsburg","href":"https:\/\/api.oyez.org\/people\/ruth_bader_ginsburg","view_count":0,"last_name":"Ginsburg","roles":[{"id":2728,"type":"scotus_justice","date_start":744958800,"date_end":1600405200,"appointing_president":"Bill Clinton","role_title":"Associate Justice of the Supreme Court of the United States","institution_name":"Supreme Court of the United States","href":"https:\/\/api.oyez.org\/preson_role\/scotus_justice\/2728"}],"thumbnail":{"id":32681,"mime":"image\/png","size":45030,"href":"https:\/\/api.oyez.org\/sites\/default\/files\/images\/people\/ruth_bader_ginsburg\/ruth_bader_ginsburg.thumb.png"},"length_of_service":9901,"identifier":"ruth_bader_ginsburg"},{"ID":15139,"name":"Stephen G. Breyer","href":"https:\/\/api.oyez.org\/people\/stephen_g_breyer","view_count":0,"last_name":"Breyer","roles":[{"id":2785,"type":"scotus_justice","date_start":775890000,"date_end":1656565200,"appointing_president":"Bill Clinton","role_title":"Associate Justice of the Supreme Court of the United States","institution_name":"Supreme Court of the United States","href":"https:\/\/api.oyez.org\/preson_role\/scotus_justice\/2785"}],"thumbnail":{"id":32682,"mime":"image\/png","size":49908,"href":"https:\/\/api.oyez.org\/sites\/default\/files\/images\/people\/stephen_g_breyer\/stephen_g_breyer.thumb.png"},"length_of_service":10193,"identifier":"stephen_g_breyer"},{"ID":15068,"name":"Samuel A. Alito, Jr.","href":"https:\/\/api.oyez.org\/people\/samuel_a_alito_jr","view_count":0,"last_name":"Alito","roles":[{"id":2712,"type":"scotus_justice","date_start":1138687200,"date_end":0,"appointing_president":"George W. Bush","role_title":"Associate Justice of the Supreme Court of the United States","institution_name":"Supreme Court of the United States","href":"https:\/\/api.oyez.org\/preson_role\/scotus_justice\/2712"}],"thumbnail":{"id":32684,"mime":"image\/png","size":44799,"href":"https:\/\/api.oyez.org\/sites\/default\/files\/images\/people\/samuel_alito_jr\/samuel_alito_jr.thumb.png"},"length_of_service":5908,"identifier":"samuel_a_alito_jr"},{"ID":15131,"name":"Sonia Sotomayor","href":"https:\/\/api.oyez.org\/people\/sonia_sotomayor","view_count":0,"last_name":"Sotomayor","roles":[{"id":2776,"type":"scotus_justice","date_start":1249707600,"date_end":0,"appointing_president":"Barack Obama","role_title":"Associate Justice of the Supreme Court of the United States","institution_name":"Supreme Court of the United States","href":"https:\/\/api.oyez.org\/preson_role\/scotus_justice\/2776"}],"thumbnail":{"id":32685,"mime":"image\/png","size":50379,"href":"https:\/\/api.oyez.org\/sites\/default\/files\/images\/people\/sonia_sotomayor\/sonia_sotomayor.thumb.png"},"length_of_service":4710,"identifier":"sonia_sotomayor"},{"ID":15094,"name":"Elena Kagan","href":"https:\/\/api.oyez.org\/people\/elena_kagan","view_count":0,"last_name":"Kagan","roles":[{"id":2738,"type":"scotus_justice","date_start":1281157200,"date_end":0,"appointing_president":"Barack Obama","role_title":"Associate Justice of the Supreme Court of the United States","institution_name":"Supreme Court of the United States","href":"https:\/\/api.oyez.org\/preson_role\/scotus_justice\/2738"}],"thumbnail":{"id":32690,"mime":"image\/png","size":44456,"href":"https:\/\/api.oyez.org\/sites\/default\/files\/images\/people\/elena_kagan\/elena_kagan.thumb.png"},"length_of_service":4259,"identifier":"elena_kagan"}],"court_start":1281157200,"images":[{"id":12235,"mime":"image\/jpeg","size":359998,"href":"https:\/\/api.oyez.org\/sites\/default\/files\/images\/courts\/roberts6.jpg"}],"identifier":"roberts6"}],"decided_by":{"ID":15151,"name":"Roberts Court (2010-2016)","href":"https:\/\/api.oyez.org\/courts\/roberts6","view_count":0,"members":[{"ID":15086,"name":"John G. Roberts, Jr.","href":"https:\/\/api.oyez.org\/people\/john_g_roberts_jr","view_count":0,"last_name":"Roberts","roles":[{"id":2730,"type":"scotus_justice","date_start":1127970000,"date_end":0,"appointing_president":"George W. Bush","role_title":"Chief Justice of the United States","institution_name":"Supreme Court of the United States","href":"https:\/\/api.oyez.org\/preson_role\/scotus_justice\/2730"}],"thumbnail":{"id":32683,"mime":"image\/png","size":52305,"href":"https:\/\/api.oyez.org\/sites\/default\/files\/images\/people\/john_g_roberts_jr\/john_g_roberts_jr.thumb.png"},"length_of_service":6119,"identifier":"john_g_roberts_jr"},{"ID":15049,"name":"Antonin Scalia","href":"https:\/\/api.oyez.org\/people\/antonin_scalia","view_count":0,"last_name":"Scalia","roles":[{"id":2693,"type":"scotus_justice","date_start":528094800,"date_end":1455343200,"appointing_president":"Ronald Reagan","role_title":"Associate Justice of the Supreme Court of the United States","institution_name":"Supreme Court of the United States","href":"https:\/\/api.oyez.org\/preson_role\/scotus_justice\/2693"}],"thumbnail":{"id":32678,"mime":"image\/png","size":58944,"href":"https:\/\/api.oyez.org\/sites\/default\/files\/images\/people\/antonin_scalia\/antonin_scalia.thumb.png"},"length_of_service":10732,"identifier":"antonin_scalia"},{"ID":15113,"name":"Anthony M. Kennedy","href":"https:\/\/api.oyez.org\/people\/anthony_m_kennedy","view_count":0,"last_name":"Kennedy","roles":[{"id":2757,"type":"scotus_justice","date_start":572162400,"date_end":1533013200,"appointing_president":"Ronald Reagan","role_title":"Associate Justice of the Supreme Court of the United States","institution_name":"Supreme Court of the United States","href":"https:\/\/api.oyez.org\/preson_role\/scotus_justice\/2757"}],"thumbnail":{"id":32679,"mime":"image\/png","size":47100,"href":"https:\/\/api.oyez.org\/sites\/default\/files\/images\/people\/anthony_m_kennedy\/anthony_m_kennedy.thumb.png"},"length_of_service":11121,"identifier":"anthony_m_kennedy"},{"ID":15100,"name":"Clarence Thomas","href":"https:\/\/api.oyez.org\/people\/clarence_thomas","view_count":0,"last_name":"Thomas","roles":[{"id":2744,"type":"scotus_justice","date_start":688194000,"date_end":0,"appointing_president":"George H. W. Bush","role_title":"Associate Justice of the Supreme Court of the United States","institution_name":"Supreme Court of the United States","href":"https:\/\/api.oyez.org\/preson_role\/scotus_justice\/2744"}],"thumbnail":{"id":32680,"mime":"image\/png","size":49064,"href":"https:\/\/api.oyez.org\/sites\/default\/files\/images\/people\/clarence_thomas\/clarence_thomas.thumb.png"},"length_of_service":11156,"identifier":"clarence_thomas"},{"ID":15084,"name":"Ruth Bader Ginsburg","href":"https:\/\/api.oyez.org\/people\/ruth_bader_ginsburg","view_count":0,"last_name":"Ginsburg","roles":[{"id":2728,"type":"scotus_justice","date_start":744958800,"date_end":1600405200,"appointing_president":"Bill Clinton","role_title":"Associate Justice of the Supreme Court of the United States","institution_name":"Supreme Court of the United States","href":"https:\/\/api.oyez.org\/preson_role\/scotus_justice\/2728"}],"thumbnail":{"id":32681,"mime":"image\/png","size":45030,"href":"https:\/\/api.oyez.org\/sites\/default\/files\/images\/people\/ruth_bader_ginsburg\/ruth_bader_ginsburg.thumb.png"},"length_of_service":9901,"identifier":"ruth_bader_ginsburg"},{"ID":15139,"name":"Stephen G. Breyer","href":"https:\/\/api.oyez.org\/people\/stephen_g_breyer","view_count":0,"last_name":"Breyer","roles":[{"id":2785,"type":"scotus_justice","date_start":775890000,"date_end":1656565200,"appointing_president":"Bill Clinton","role_title":"Associate Justice of the Supreme Court of the United States","institution_name":"Supreme Court of the United States","href":"https:\/\/api.oyez.org\/preson_role\/scotus_justice\/2785"}],"thumbnail":{"id":32682,"mime":"image\/png","size":49908,"href":"https:\/\/api.oyez.org\/sites\/default\/files\/images\/people\/stephen_g_breyer\/stephen_g_breyer.thumb.png"},"length_of_service":10193,"identifier":"stephen_g_breyer"},{"ID":15068,"name":"Samuel A. Alito, Jr.","href":"https:\/\/api.oyez.org\/people\/samuel_a_alito_jr","view_count":0,"last_name":"Alito","roles":[{"id":2712,"type":"scotus_justice","date_start":1138687200,"date_end":0,"appointing_president":"George W. Bush","role_title":"Associate Justice of the Supreme Court of the United States","institution_name":"Supreme Court of the United States","href":"https:\/\/api.oyez.org\/preson_role\/scotus_justice\/2712"}],"thumbnail":{"id":32684,"mime":"image\/png","size":44799,"href":"https:\/\/api.oyez.org\/sites\/default\/files\/images\/people\/samuel_alito_jr\/samuel_alito_jr.thumb.png"},"length_of_service":5908,"identifier":"samuel_a_alito_jr"},{"ID":15131,"name":"Sonia Sotomayor","href":"https:\/\/api.oyez.org\/people\/sonia_sotomayor","view_count":0,"last_name":"Sotomayor","roles":[{"id":2776,"type":"scotus_justice","date_start":1249707600,"date_end":0,"appointing_president":"Barack Obama","role_title":"Associate Justice of the Supreme Court of the United States","institution_name":"Supreme Court of the United States","href":"https:\/\/api.oyez.org\/preson_role\/scotus_justice\/2776"}],"thumbnail":{"id":32685,"mime":"image\/png","size":50379,"href":"https:\/\/api.oyez.org\/sites\/default\/files\/images\/people\/sonia_sotomayor\/sonia_sotomayor.thumb.png"},"length_of_service":4710,"identifier":"sonia_sotomayor"},{"ID":15094,"name":"Elena Kagan","href":"https:\/\/api.oyez.org\/people\/elena_kagan","view_count":0,"last_name":"Kagan","roles":[{"id":2738,"type":"scotus_justice","date_start":1281157200,"date_end":0,"appointing_president":"Barack Obama","role_title":"Associate Justice of the Supreme Court of the United States","institution_name":"Supreme Court of the United States","href":"https:\/\/api.oyez.org\/preson_role\/scotus_justice\/2738"}],"thumbnail":{"id":32690,"mime":"image\/png","size":44456,"href":"https:\/\/api.oyez.org\/sites\/default\/files\/images\/people\/elena_kagan\/elena_kagan.thumb.png"},"length_of_service":4259,"identifier":"elena_kagan"}],"court_start":1281157200,"images":[{"id":12235,"mime":"image\/jpeg","size":359998,"href":"https:\/\/api.oyez.org\/sites\/default\/files\/images\/courts\/roberts6.jpg"}],"identifier":"roberts6"},"term":"2014","location":{"latitude":40.06289,"longitude":-99.295192,"name":"Harlan County Reservoir","street":null,"city":null,"province":null,"postal_code":null,"province_name":null},"opinion_announcement":[{"id":23995,"title":"Opinion Announcement - February 24, 2015","unavailable":null,"href":"https:\/\/api.oyez.org\/case_media\/opinion_announcement_audio\/23995"}],"description":"A case in which the Court ruled that Nebraska violated a compact apportioning the water resources of the Republican River among Kansas, Nebraska and Colorado.","written_opinion":null,"related_cases":null,"justia_url":null,"argument2_url":null}