{"ID":62955,"name":"Weyerhaeuser Company v. United States Fish and Wildlife Service","href":"https:\/\/api.oyez.org\/cases\/2018\/17-71","view_count":0,"docket_number":"17-71","additional_docket_numbers":null,"manner_of_jurisdiction":"Writ of \u003Ci\u003Ecertiorari\u003C\/i\u003E","first_party":"Weyerhaeuser Company","second_party":"United States Fish and Wildlife Service, et al.","timeline":[{"event":"Granted","dates":[1516600800],"href":"https:\/\/api.oyez.org\/case_timeline\/case_timeline\/54201"},{"event":"Argued","dates":[1538370000],"href":"https:\/\/api.oyez.org\/case_timeline\/case_timeline\/54360"},{"event":"Decided","dates":[1543298400],"href":"https:\/\/api.oyez.org\/case_timeline\/case_timeline\/54393"}],"lower_court":{"ID":10,"name":"United States Court of Appeals for the Fifth Circuit","href":"https:\/\/api.oyez.org\/taxonomy\/term\/10"},"facts_of_the_case":"\u003Cp\u003EIn 2010, the U.S. Fish and Wildlife Service (FWS) included a privately owned parcel of land (\u201cUnit 1\u201d) in Louisiana in an expanded designation of critical habitat for the dusky gopher frog. Though these endangered frogs had not inhabited Unit 1 for decades, the land contained historic breeding sites. Other necessary features would need to be restored however. The landowners, Weyerhaeuser Company and two other entities (collectively, the \u201cLandowners\u201d), intended to use the land for residential and commercial development, as well as timber operations. They brought suit against the FWS in federal district court, challenging Unit 1\u2019s designation as critical habitat and seeking injunctive and declaratory relief. All parties filed cross motions for summary judgment, and the district court ruled in favor of the agency on the merits.\u00a0\u003C\/p\u003E\n\u003Cp\u003EA divided 5th Circuit affirmed the district court\u2019s ruling, upholding Unit 1\u2019s designation as critical habitat. The court rejected the Landowners\u2019 argument that the FWS had acted arbitrarily and capriciously in making this designation on the theory that Unit 1 was not presently habitable nor essential to species conservation. Explaining that land need not be habitable to be considered \u201cessential\u201d under 16 U.S.C. \u00a7 1532(5)(A)(ii) of the Endangered Species Act (ESA), the court deferred to the agency\u2019s interpretation of that term. The majority also held that the FWS had not acted unreasonably in interpreting the ESA to not contain a requirement that land be \u201ccurrently\u201d habitable by a species to be designated as critical habitat.\u003C\/p\u003E\n\u003Cp\u003EThe 5th Circuit also held that the FWS had not made an arbitrary and capricious decision under 16 U.S.C. \u00a7 1533(b)(2) in not excluding Unit 1 from the critical habitat based on economic impacts, and that this determination was not reviewable in federal court.\u00a0\u003C\/p\u003E\n","question":"\u003Col\u003E\u003Cli\u003EDoes the Endangered Species Act prohibit designation of privately owned land as unoccupied critical habitat that is neither habitat nor essential to species conservation?\u003C\/li\u003E\n\u003Cli\u003EIs an agency determination not to exclude an area from critical habitat due to the economic impact of designation subject to judicial review?\u003C\/li\u003E\n\u003C\/ol\u003E","conclusion":"\u003Cp\u003EIn a unanimous (8\u20130) opinion authored by Chief Justice John Roberts, the Court held as to the first question presented that to be designated a \u0022critical habitat\u0022 under the Endangered Species Act, the land must also be habitat for the species. The Court found unpersuasive FWS\u0027s argument that\u00a0habitat can include areas that, like Unit 1, would require\u00a0modification to support a\u00a0given species but which do not currently serve as habitat for the species. The statute provides that when the\u00a0Secretary lists a species as endangered he must also \u0022designate\u00a0any habitat of such species which is then considered\u00a0to be critical habitat.\u0022 That language on its face requires that only \u0022habitat\u0022 of an endangered\u00a0species is eligible for designation as \u0022critical habitat.\u0022 Thus, even if\u00a0if an area otherwise meets the statutory definition of \u0022unoccupied critical habitat,\u0022\u00a0Section\u00a04(a)(3)(A)(i) does not authorize the agency to designate\u00a0the area as critical habitat unless it is also habitat for the\u00a0species.\u003C\/p\u003E\n\u003Cp\u003EAs to the second question, the Court held that the agency\u0027s determination is subject to judicial review. The Administrative Procedure Act creates a presumption that agency determinations are subject to judicial review that may be rebutted only\u00a0if the relevant statute precludes review or the action is specifically granted by law to the agency\u0027s discretion. Here, the Court found neither. Although the second sentence of Section 4(b)(2) states the Secretary \u0022may\u0022 exclude an area from critical habitat, that section requires the Secretary to consider economic\u00a0impact and relative benefits before deciding whether\u00a0to exclude an area from critical habitat or to proceed\u00a0with designation. Because the statute articulates a meaningful standard against which to judge the Secretary\u0027s exercise of discretion, the agency\u0027s determination is not beyond judicial review.\u003C\/p\u003E\n\u003Cp\u003EJustice Brett Kavanaugh took no part in the consideration or decision of the case.\u003C\/p\u003E\n","advocates":[{"advocate":{"ID":42423,"name":"Timothy S. Bishop","href":"https:\/\/api.oyez.org\/people\/timothy_s_bishop","view_count":0,"last_name":"Bishop","roles":null,"thumbnail":null,"length_of_service":0,"identifier":"timothy_s_bishop"},"advocate_description":"for petitioner","href":"https:\/\/api.oyez.org\/case_advocate\/case_advocate\/22537"},{"advocate":{"ID":22617,"name":"Edwin S. Kneedler","href":"https:\/\/api.oyez.org\/people\/edwin_s_kneedler","view_count":0,"last_name":"Kneedler","roles":null,"thumbnail":null,"length_of_service":0,"identifier":"edwin_s_kneedler"},"advocate_description":"Deputy Solicitor General, US Department of Justice, for respondents","href":"https:\/\/api.oyez.org\/case_advocate\/case_advocate\/22538"}],"oral_argument_audio":[{"id":24615,"title":"Oral Argument - October 01, 2018","public_note":null,"unavailable":false,"display_title":null,"href":"https:\/\/api.oyez.org\/case_media\/oral_argument_audio\/24615"}],"citation":{"volume":"586","page":null,"year":"2018","href":"https:\/\/api.oyez.org\/case_citation\/case_citation\/27578"},"decisions":[{"description":"A \u0022critical habitat\u0022 under the Endangered Species Act must also be habitat for the species.","votes":[{"member":{"ID":15086,"name":"John G. Roberts, Jr.","href":"https:\/\/api.oyez.org\/people\/john_g_roberts_jr","view_count":0,"last_name":"Roberts","roles":[{"id":2730,"type":"scotus_justice","date_start":1127970000,"date_end":0,"appointing_president":"George W. Bush","role_title":"Chief Justice of the United States","institution_name":"Supreme Court of the United States","href":"https:\/\/api.oyez.org\/preson_role\/scotus_justice\/2730"}],"thumbnail":{"id":32683,"mime":"image\/png","size":52305,"href":"https:\/\/api.oyez.org\/sites\/default\/files\/images\/people\/john_g_roberts_jr\/john_g_roberts_jr.thumb.png"},"length_of_service":6119,"identifier":"john_g_roberts_jr"},"vote":"majority","opinion_type":"majority","joining":null,"seniority":1,"ideology":0,"href":"https:\/\/api.oyez.org\/decision_vote\/decision_vote\/210095"},{"member":{"ID":15100,"name":"Clarence Thomas","href":"https:\/\/api.oyez.org\/people\/clarence_thomas","view_count":0,"last_name":"Thomas","roles":[{"id":2744,"type":"scotus_justice","date_start":688194000,"date_end":0,"appointing_president":"George H. W. Bush","role_title":"Associate Justice of the Supreme Court of the United States","institution_name":"Supreme Court of the United States","href":"https:\/\/api.oyez.org\/preson_role\/scotus_justice\/2744"}],"thumbnail":{"id":32680,"mime":"image\/png","size":49064,"href":"https:\/\/api.oyez.org\/sites\/default\/files\/images\/people\/clarence_thomas\/clarence_thomas.thumb.png"},"length_of_service":11156,"identifier":"clarence_thomas"},"vote":"majority","opinion_type":"none","joining":[{"ID":15086,"name":"John G. Roberts, Jr.","href":"https:\/\/api.oyez.org\/people\/john_g_roberts_jr","view_count":0,"last_name":"Roberts","roles":[{"id":2730,"type":"scotus_justice","date_start":1127970000,"date_end":0,"appointing_president":"George W. Bush","role_title":"Chief Justice of the United States","institution_name":"Supreme Court of the United States","href":"https:\/\/api.oyez.org\/preson_role\/scotus_justice\/2730"}],"thumbnail":{"id":32683,"mime":"image\/png","size":52305,"href":"https:\/\/api.oyez.org\/sites\/default\/files\/images\/people\/john_g_roberts_jr\/john_g_roberts_jr.thumb.png"},"length_of_service":6119,"identifier":"john_g_roberts_jr"}],"seniority":2,"ideology":0,"href":"https:\/\/api.oyez.org\/decision_vote\/decision_vote\/210096"},{"member":{"ID":15139,"name":"Stephen G. Breyer","href":"https:\/\/api.oyez.org\/people\/stephen_g_breyer","view_count":0,"last_name":"Breyer","roles":[{"id":2785,"type":"scotus_justice","date_start":775890000,"date_end":1656565200,"appointing_president":"Bill Clinton","role_title":"Associate Justice of the Supreme Court of the United States","institution_name":"Supreme Court of the United States","href":"https:\/\/api.oyez.org\/preson_role\/scotus_justice\/2785"}],"thumbnail":{"id":32682,"mime":"image\/png","size":49908,"href":"https:\/\/api.oyez.org\/sites\/default\/files\/images\/people\/stephen_g_breyer\/stephen_g_breyer.thumb.png"},"length_of_service":10193,"identifier":"stephen_g_breyer"},"vote":"majority","opinion_type":"none","joining":[{"ID":15086,"name":"John G. Roberts, Jr.","href":"https:\/\/api.oyez.org\/people\/john_g_roberts_jr","view_count":0,"last_name":"Roberts","roles":[{"id":2730,"type":"scotus_justice","date_start":1127970000,"date_end":0,"appointing_president":"George W. Bush","role_title":"Chief Justice of the United States","institution_name":"Supreme Court of the United States","href":"https:\/\/api.oyez.org\/preson_role\/scotus_justice\/2730"}],"thumbnail":{"id":32683,"mime":"image\/png","size":52305,"href":"https:\/\/api.oyez.org\/sites\/default\/files\/images\/people\/john_g_roberts_jr\/john_g_roberts_jr.thumb.png"},"length_of_service":6119,"identifier":"john_g_roberts_jr"}],"seniority":4,"ideology":0,"href":"https:\/\/api.oyez.org\/decision_vote\/decision_vote\/210097"},{"member":{"ID":15084,"name":"Ruth Bader Ginsburg","href":"https:\/\/api.oyez.org\/people\/ruth_bader_ginsburg","view_count":0,"last_name":"Ginsburg","roles":[{"id":2728,"type":"scotus_justice","date_start":744958800,"date_end":1600405200,"appointing_president":"Bill Clinton","role_title":"Associate Justice of the Supreme Court of the United States","institution_name":"Supreme Court of the United States","href":"https:\/\/api.oyez.org\/preson_role\/scotus_justice\/2728"}],"thumbnail":{"id":32681,"mime":"image\/png","size":45030,"href":"https:\/\/api.oyez.org\/sites\/default\/files\/images\/people\/ruth_bader_ginsburg\/ruth_bader_ginsburg.thumb.png"},"length_of_service":9901,"identifier":"ruth_bader_ginsburg"},"vote":"majority","opinion_type":"none","joining":[{"ID":15086,"name":"John G. Roberts, Jr.","href":"https:\/\/api.oyez.org\/people\/john_g_roberts_jr","view_count":0,"last_name":"Roberts","roles":[{"id":2730,"type":"scotus_justice","date_start":1127970000,"date_end":0,"appointing_president":"George W. Bush","role_title":"Chief Justice of the United States","institution_name":"Supreme Court of the United States","href":"https:\/\/api.oyez.org\/preson_role\/scotus_justice\/2730"}],"thumbnail":{"id":32683,"mime":"image\/png","size":52305,"href":"https:\/\/api.oyez.org\/sites\/default\/files\/images\/people\/john_g_roberts_jr\/john_g_roberts_jr.thumb.png"},"length_of_service":6119,"identifier":"john_g_roberts_jr"}],"seniority":3,"ideology":0,"href":"https:\/\/api.oyez.org\/decision_vote\/decision_vote\/210098"},{"member":{"ID":15068,"name":"Samuel A. Alito, Jr.","href":"https:\/\/api.oyez.org\/people\/samuel_a_alito_jr","view_count":0,"last_name":"Alito","roles":[{"id":2712,"type":"scotus_justice","date_start":1138687200,"date_end":0,"appointing_president":"George W. Bush","role_title":"Associate Justice of the Supreme Court of the United States","institution_name":"Supreme Court of the United States","href":"https:\/\/api.oyez.org\/preson_role\/scotus_justice\/2712"}],"thumbnail":{"id":32684,"mime":"image\/png","size":44799,"href":"https:\/\/api.oyez.org\/sites\/default\/files\/images\/people\/samuel_alito_jr\/samuel_alito_jr.thumb.png"},"length_of_service":5908,"identifier":"samuel_a_alito_jr"},"vote":"majority","opinion_type":"none","joining":[{"ID":15086,"name":"John G. Roberts, Jr.","href":"https:\/\/api.oyez.org\/people\/john_g_roberts_jr","view_count":0,"last_name":"Roberts","roles":[{"id":2730,"type":"scotus_justice","date_start":1127970000,"date_end":0,"appointing_president":"George W. Bush","role_title":"Chief Justice of the United States","institution_name":"Supreme Court of the United States","href":"https:\/\/api.oyez.org\/preson_role\/scotus_justice\/2730"}],"thumbnail":{"id":32683,"mime":"image\/png","size":52305,"href":"https:\/\/api.oyez.org\/sites\/default\/files\/images\/people\/john_g_roberts_jr\/john_g_roberts_jr.thumb.png"},"length_of_service":6119,"identifier":"john_g_roberts_jr"}],"seniority":5,"ideology":0,"href":"https:\/\/api.oyez.org\/decision_vote\/decision_vote\/210099"},{"member":{"ID":15094,"name":"Elena Kagan","href":"https:\/\/api.oyez.org\/people\/elena_kagan","view_count":0,"last_name":"Kagan","roles":[{"id":2738,"type":"scotus_justice","date_start":1281157200,"date_end":0,"appointing_president":"Barack Obama","role_title":"Associate Justice of the Supreme Court of the United States","institution_name":"Supreme Court of the United States","href":"https:\/\/api.oyez.org\/preson_role\/scotus_justice\/2738"}],"thumbnail":{"id":32690,"mime":"image\/png","size":44456,"href":"https:\/\/api.oyez.org\/sites\/default\/files\/images\/people\/elena_kagan\/elena_kagan.thumb.png"},"length_of_service":4259,"identifier":"elena_kagan"},"vote":"majority","opinion_type":"none","joining":[{"ID":15086,"name":"John G. Roberts, Jr.","href":"https:\/\/api.oyez.org\/people\/john_g_roberts_jr","view_count":0,"last_name":"Roberts","roles":[{"id":2730,"type":"scotus_justice","date_start":1127970000,"date_end":0,"appointing_president":"George W. Bush","role_title":"Chief Justice of the United States","institution_name":"Supreme Court of the United States","href":"https:\/\/api.oyez.org\/preson_role\/scotus_justice\/2730"}],"thumbnail":{"id":32683,"mime":"image\/png","size":52305,"href":"https:\/\/api.oyez.org\/sites\/default\/files\/images\/people\/john_g_roberts_jr\/john_g_roberts_jr.thumb.png"},"length_of_service":6119,"identifier":"john_g_roberts_jr"}],"seniority":7,"ideology":0,"href":"https:\/\/api.oyez.org\/decision_vote\/decision_vote\/210100"},{"member":{"ID":15131,"name":"Sonia Sotomayor","href":"https:\/\/api.oyez.org\/people\/sonia_sotomayor","view_count":0,"last_name":"Sotomayor","roles":[{"id":2776,"type":"scotus_justice","date_start":1249707600,"date_end":0,"appointing_president":"Barack Obama","role_title":"Associate Justice of the Supreme Court of the United States","institution_name":"Supreme Court of the United States","href":"https:\/\/api.oyez.org\/preson_role\/scotus_justice\/2776"}],"thumbnail":{"id":32685,"mime":"image\/png","size":50379,"href":"https:\/\/api.oyez.org\/sites\/default\/files\/images\/people\/sonia_sotomayor\/sonia_sotomayor.thumb.png"},"length_of_service":4710,"identifier":"sonia_sotomayor"},"vote":"majority","opinion_type":"none","joining":[{"ID":15086,"name":"John G. Roberts, Jr.","href":"https:\/\/api.oyez.org\/people\/john_g_roberts_jr","view_count":0,"last_name":"Roberts","roles":[{"id":2730,"type":"scotus_justice","date_start":1127970000,"date_end":0,"appointing_president":"George W. Bush","role_title":"Chief Justice of the United States","institution_name":"Supreme Court of the United States","href":"https:\/\/api.oyez.org\/preson_role\/scotus_justice\/2730"}],"thumbnail":{"id":32683,"mime":"image\/png","size":52305,"href":"https:\/\/api.oyez.org\/sites\/default\/files\/images\/people\/john_g_roberts_jr\/john_g_roberts_jr.thumb.png"},"length_of_service":6119,"identifier":"john_g_roberts_jr"}],"seniority":6,"ideology":0,"href":"https:\/\/api.oyez.org\/decision_vote\/decision_vote\/210101"},{"member":{"ID":62836,"name":"Neil Gorsuch","href":"https:\/\/api.oyez.org\/people\/neil_gorsuch","view_count":0,"last_name":"Gorsuch","roles":[{"id":3506,"type":"scotus_justice","date_start":1491541200,"date_end":0,"appointing_president":"Donald J. Trump","role_title":"Associate Justice of the Supreme Court of the United States","institution_name":"Supreme Court of the United States","href":"https:\/\/api.oyez.org\/preson_role\/scotus_justice\/3506"}],"thumbnail":{"id":79753,"mime":"image\/png","size":121461,"href":"https:\/\/api.oyez.org\/sites\/default\/files\/filefield_paths\/neil_gorsuch.thumb__0.png"},"length_of_service":1824,"identifier":"neil_gorsuch"},"vote":"majority","opinion_type":"none","joining":[{"ID":15086,"name":"John G. Roberts, Jr.","href":"https:\/\/api.oyez.org\/people\/john_g_roberts_jr","view_count":0,"last_name":"Roberts","roles":[{"id":2730,"type":"scotus_justice","date_start":1127970000,"date_end":0,"appointing_president":"George W. Bush","role_title":"Chief Justice of the United States","institution_name":"Supreme Court of the United States","href":"https:\/\/api.oyez.org\/preson_role\/scotus_justice\/2730"}],"thumbnail":{"id":32683,"mime":"image\/png","size":52305,"href":"https:\/\/api.oyez.org\/sites\/default\/files\/images\/people\/john_g_roberts_jr\/john_g_roberts_jr.thumb.png"},"length_of_service":6119,"identifier":"john_g_roberts_jr"}],"seniority":8,"ideology":0,"href":"https:\/\/api.oyez.org\/decision_vote\/decision_vote\/210102"},{"member":{"ID":17766,"name":"Brett M. Kavanaugh","href":"https:\/\/api.oyez.org\/people\/brett_m_kavanaugh","view_count":0,"last_name":"Kavanaugh","roles":[{"id":3507,"type":"scotus_justice","date_start":1538802000,"date_end":0,"appointing_president":"Donald J. Trump","role_title":"Associate Justice of the Supreme Court of the United States","institution_name":"Supreme Court of the United States","href":"https:\/\/api.oyez.org\/preson_role\/scotus_justice\/3507"}],"thumbnail":{"id":80518,"mime":"image\/png","size":91566,"href":"https:\/\/api.oyez.org\/sites\/default\/files\/filefield_paths\/Kavanaugh-thumb.png"},"length_of_service":1277,"identifier":"brett_m_kavanaugh"},"vote":"none","opinion_type":"none","joining":null,"seniority":9,"ideology":0,"href":"https:\/\/api.oyez.org\/decision_vote\/decision_vote\/210103"}],"majority_vote":8,"minority_vote":0,"winning_party":"Weyerhaeuser","decision_type":"majority opinion","href":"https:\/\/api.oyez.org\/case_decision\/case_decision\/16920"},{"description":"A determination by the Fish and Wildlife Service\u2014imputed to the Secretary of the Interior\u2014not to exclude an area from critical habitat under \u00a71533(b)(2) is subject to judicial review.","votes":[{"member":{"ID":15086,"name":"John G. Roberts, Jr.","href":"https:\/\/api.oyez.org\/people\/john_g_roberts_jr","view_count":0,"last_name":"Roberts","roles":[{"id":2730,"type":"scotus_justice","date_start":1127970000,"date_end":0,"appointing_president":"George W. Bush","role_title":"Chief Justice of the United States","institution_name":"Supreme Court of the United States","href":"https:\/\/api.oyez.org\/preson_role\/scotus_justice\/2730"}],"thumbnail":{"id":32683,"mime":"image\/png","size":52305,"href":"https:\/\/api.oyez.org\/sites\/default\/files\/images\/people\/john_g_roberts_jr\/john_g_roberts_jr.thumb.png"},"length_of_service":6119,"identifier":"john_g_roberts_jr"},"vote":"majority","opinion_type":"majority","joining":null,"seniority":1,"ideology":0,"href":"https:\/\/api.oyez.org\/decision_vote\/decision_vote\/210104"},{"member":{"ID":15100,"name":"Clarence Thomas","href":"https:\/\/api.oyez.org\/people\/clarence_thomas","view_count":0,"last_name":"Thomas","roles":[{"id":2744,"type":"scotus_justice","date_start":688194000,"date_end":0,"appointing_president":"George H. W. Bush","role_title":"Associate Justice of the Supreme Court of the United States","institution_name":"Supreme Court of the United States","href":"https:\/\/api.oyez.org\/preson_role\/scotus_justice\/2744"}],"thumbnail":{"id":32680,"mime":"image\/png","size":49064,"href":"https:\/\/api.oyez.org\/sites\/default\/files\/images\/people\/clarence_thomas\/clarence_thomas.thumb.png"},"length_of_service":11156,"identifier":"clarence_thomas"},"vote":"majority","opinion_type":"none","joining":[{"ID":15086,"name":"John G. Roberts, Jr.","href":"https:\/\/api.oyez.org\/people\/john_g_roberts_jr","view_count":0,"last_name":"Roberts","roles":[{"id":2730,"type":"scotus_justice","date_start":1127970000,"date_end":0,"appointing_president":"George W. Bush","role_title":"Chief Justice of the United States","institution_name":"Supreme Court of the United States","href":"https:\/\/api.oyez.org\/preson_role\/scotus_justice\/2730"}],"thumbnail":{"id":32683,"mime":"image\/png","size":52305,"href":"https:\/\/api.oyez.org\/sites\/default\/files\/images\/people\/john_g_roberts_jr\/john_g_roberts_jr.thumb.png"},"length_of_service":6119,"identifier":"john_g_roberts_jr"}],"seniority":2,"ideology":0,"href":"https:\/\/api.oyez.org\/decision_vote\/decision_vote\/210105"},{"member":{"ID":15068,"name":"Samuel A. Alito, Jr.","href":"https:\/\/api.oyez.org\/people\/samuel_a_alito_jr","view_count":0,"last_name":"Alito","roles":[{"id":2712,"type":"scotus_justice","date_start":1138687200,"date_end":0,"appointing_president":"George W. Bush","role_title":"Associate Justice of the Supreme Court of the United States","institution_name":"Supreme Court of the United States","href":"https:\/\/api.oyez.org\/preson_role\/scotus_justice\/2712"}],"thumbnail":{"id":32684,"mime":"image\/png","size":44799,"href":"https:\/\/api.oyez.org\/sites\/default\/files\/images\/people\/samuel_alito_jr\/samuel_alito_jr.thumb.png"},"length_of_service":5908,"identifier":"samuel_a_alito_jr"},"vote":"majority","opinion_type":"none","joining":[{"ID":15086,"name":"John G. Roberts, Jr.","href":"https:\/\/api.oyez.org\/people\/john_g_roberts_jr","view_count":0,"last_name":"Roberts","roles":[{"id":2730,"type":"scotus_justice","date_start":1127970000,"date_end":0,"appointing_president":"George W. Bush","role_title":"Chief Justice of the United States","institution_name":"Supreme Court of the United States","href":"https:\/\/api.oyez.org\/preson_role\/scotus_justice\/2730"}],"thumbnail":{"id":32683,"mime":"image\/png","size":52305,"href":"https:\/\/api.oyez.org\/sites\/default\/files\/images\/people\/john_g_roberts_jr\/john_g_roberts_jr.thumb.png"},"length_of_service":6119,"identifier":"john_g_roberts_jr"}],"seniority":5,"ideology":0,"href":"https:\/\/api.oyez.org\/decision_vote\/decision_vote\/210106"},{"member":{"ID":15139,"name":"Stephen G. Breyer","href":"https:\/\/api.oyez.org\/people\/stephen_g_breyer","view_count":0,"last_name":"Breyer","roles":[{"id":2785,"type":"scotus_justice","date_start":775890000,"date_end":1656565200,"appointing_president":"Bill Clinton","role_title":"Associate Justice of the Supreme Court of the United States","institution_name":"Supreme Court of the United States","href":"https:\/\/api.oyez.org\/preson_role\/scotus_justice\/2785"}],"thumbnail":{"id":32682,"mime":"image\/png","size":49908,"href":"https:\/\/api.oyez.org\/sites\/default\/files\/images\/people\/stephen_g_breyer\/stephen_g_breyer.thumb.png"},"length_of_service":10193,"identifier":"stephen_g_breyer"},"vote":"majority","opinion_type":"none","joining":[{"ID":15086,"name":"John G. Roberts, Jr.","href":"https:\/\/api.oyez.org\/people\/john_g_roberts_jr","view_count":0,"last_name":"Roberts","roles":[{"id":2730,"type":"scotus_justice","date_start":1127970000,"date_end":0,"appointing_president":"George W. Bush","role_title":"Chief Justice of the United States","institution_name":"Supreme Court of the United States","href":"https:\/\/api.oyez.org\/preson_role\/scotus_justice\/2730"}],"thumbnail":{"id":32683,"mime":"image\/png","size":52305,"href":"https:\/\/api.oyez.org\/sites\/default\/files\/images\/people\/john_g_roberts_jr\/john_g_roberts_jr.thumb.png"},"length_of_service":6119,"identifier":"john_g_roberts_jr"}],"seniority":4,"ideology":0,"href":"https:\/\/api.oyez.org\/decision_vote\/decision_vote\/210107"},{"member":{"ID":15084,"name":"Ruth Bader Ginsburg","href":"https:\/\/api.oyez.org\/people\/ruth_bader_ginsburg","view_count":0,"last_name":"Ginsburg","roles":[{"id":2728,"type":"scotus_justice","date_start":744958800,"date_end":1600405200,"appointing_president":"Bill Clinton","role_title":"Associate Justice of the Supreme Court of the United States","institution_name":"Supreme Court of the United States","href":"https:\/\/api.oyez.org\/preson_role\/scotus_justice\/2728"}],"thumbnail":{"id":32681,"mime":"image\/png","size":45030,"href":"https:\/\/api.oyez.org\/sites\/default\/files\/images\/people\/ruth_bader_ginsburg\/ruth_bader_ginsburg.thumb.png"},"length_of_service":9901,"identifier":"ruth_bader_ginsburg"},"vote":"majority","opinion_type":"none","joining":[{"ID":15086,"name":"John G. Roberts, Jr.","href":"https:\/\/api.oyez.org\/people\/john_g_roberts_jr","view_count":0,"last_name":"Roberts","roles":[{"id":2730,"type":"scotus_justice","date_start":1127970000,"date_end":0,"appointing_president":"George W. Bush","role_title":"Chief Justice of the United States","institution_name":"Supreme Court of the United States","href":"https:\/\/api.oyez.org\/preson_role\/scotus_justice\/2730"}],"thumbnail":{"id":32683,"mime":"image\/png","size":52305,"href":"https:\/\/api.oyez.org\/sites\/default\/files\/images\/people\/john_g_roberts_jr\/john_g_roberts_jr.thumb.png"},"length_of_service":6119,"identifier":"john_g_roberts_jr"}],"seniority":3,"ideology":0,"href":"https:\/\/api.oyez.org\/decision_vote\/decision_vote\/210108"},{"member":{"ID":15094,"name":"Elena Kagan","href":"https:\/\/api.oyez.org\/people\/elena_kagan","view_count":0,"last_name":"Kagan","roles":[{"id":2738,"type":"scotus_justice","date_start":1281157200,"date_end":0,"appointing_president":"Barack Obama","role_title":"Associate Justice of the Supreme Court of the United States","institution_name":"Supreme Court of the United States","href":"https:\/\/api.oyez.org\/preson_role\/scotus_justice\/2738"}],"thumbnail":{"id":32690,"mime":"image\/png","size":44456,"href":"https:\/\/api.oyez.org\/sites\/default\/files\/images\/people\/elena_kagan\/elena_kagan.thumb.png"},"length_of_service":4259,"identifier":"elena_kagan"},"vote":"majority","opinion_type":"none","joining":[{"ID":15086,"name":"John G. Roberts, Jr.","href":"https:\/\/api.oyez.org\/people\/john_g_roberts_jr","view_count":0,"last_name":"Roberts","roles":[{"id":2730,"type":"scotus_justice","date_start":1127970000,"date_end":0,"appointing_president":"George W. Bush","role_title":"Chief Justice of the United States","institution_name":"Supreme Court of the United States","href":"https:\/\/api.oyez.org\/preson_role\/scotus_justice\/2730"}],"thumbnail":{"id":32683,"mime":"image\/png","size":52305,"href":"https:\/\/api.oyez.org\/sites\/default\/files\/images\/people\/john_g_roberts_jr\/john_g_roberts_jr.thumb.png"},"length_of_service":6119,"identifier":"john_g_roberts_jr"}],"seniority":7,"ideology":0,"href":"https:\/\/api.oyez.org\/decision_vote\/decision_vote\/210109"},{"member":{"ID":15131,"name":"Sonia Sotomayor","href":"https:\/\/api.oyez.org\/people\/sonia_sotomayor","view_count":0,"last_name":"Sotomayor","roles":[{"id":2776,"type":"scotus_justice","date_start":1249707600,"date_end":0,"appointing_president":"Barack Obama","role_title":"Associate Justice of the Supreme Court of the United States","institution_name":"Supreme Court of the United States","href":"https:\/\/api.oyez.org\/preson_role\/scotus_justice\/2776"}],"thumbnail":{"id":32685,"mime":"image\/png","size":50379,"href":"https:\/\/api.oyez.org\/sites\/default\/files\/images\/people\/sonia_sotomayor\/sonia_sotomayor.thumb.png"},"length_of_service":4710,"identifier":"sonia_sotomayor"},"vote":"majority","opinion_type":"none","joining":[{"ID":15086,"name":"John G. Roberts, Jr.","href":"https:\/\/api.oyez.org\/people\/john_g_roberts_jr","view_count":0,"last_name":"Roberts","roles":[{"id":2730,"type":"scotus_justice","date_start":1127970000,"date_end":0,"appointing_president":"George W. Bush","role_title":"Chief Justice of the United States","institution_name":"Supreme Court of the United States","href":"https:\/\/api.oyez.org\/preson_role\/scotus_justice\/2730"}],"thumbnail":{"id":32683,"mime":"image\/png","size":52305,"href":"https:\/\/api.oyez.org\/sites\/default\/files\/images\/people\/john_g_roberts_jr\/john_g_roberts_jr.thumb.png"},"length_of_service":6119,"identifier":"john_g_roberts_jr"}],"seniority":6,"ideology":0,"href":"https:\/\/api.oyez.org\/decision_vote\/decision_vote\/210110"},{"member":{"ID":62836,"name":"Neil Gorsuch","href":"https:\/\/api.oyez.org\/people\/neil_gorsuch","view_count":0,"last_name":"Gorsuch","roles":[{"id":3506,"type":"scotus_justice","date_start":1491541200,"date_end":0,"appointing_president":"Donald J. Trump","role_title":"Associate Justice of the Supreme Court of the United States","institution_name":"Supreme Court of the United States","href":"https:\/\/api.oyez.org\/preson_role\/scotus_justice\/3506"}],"thumbnail":{"id":79753,"mime":"image\/png","size":121461,"href":"https:\/\/api.oyez.org\/sites\/default\/files\/filefield_paths\/neil_gorsuch.thumb__0.png"},"length_of_service":1824,"identifier":"neil_gorsuch"},"vote":"majority","opinion_type":"none","joining":[{"ID":15086,"name":"John G. Roberts, Jr.","href":"https:\/\/api.oyez.org\/people\/john_g_roberts_jr","view_count":0,"last_name":"Roberts","roles":[{"id":2730,"type":"scotus_justice","date_start":1127970000,"date_end":0,"appointing_president":"George W. Bush","role_title":"Chief Justice of the United States","institution_name":"Supreme Court of the United States","href":"https:\/\/api.oyez.org\/preson_role\/scotus_justice\/2730"}],"thumbnail":{"id":32683,"mime":"image\/png","size":52305,"href":"https:\/\/api.oyez.org\/sites\/default\/files\/images\/people\/john_g_roberts_jr\/john_g_roberts_jr.thumb.png"},"length_of_service":6119,"identifier":"john_g_roberts_jr"}],"seniority":8,"ideology":0,"href":"https:\/\/api.oyez.org\/decision_vote\/decision_vote\/210111"},{"member":{"ID":17766,"name":"Brett M. Kavanaugh","href":"https:\/\/api.oyez.org\/people\/brett_m_kavanaugh","view_count":0,"last_name":"Kavanaugh","roles":[{"id":3507,"type":"scotus_justice","date_start":1538802000,"date_end":0,"appointing_president":"Donald J. Trump","role_title":"Associate Justice of the Supreme Court of the United States","institution_name":"Supreme Court of the United States","href":"https:\/\/api.oyez.org\/preson_role\/scotus_justice\/3507"}],"thumbnail":{"id":80518,"mime":"image\/png","size":91566,"href":"https:\/\/api.oyez.org\/sites\/default\/files\/filefield_paths\/Kavanaugh-thumb.png"},"length_of_service":1277,"identifier":"brett_m_kavanaugh"},"vote":"none","opinion_type":"none","joining":null,"seniority":9,"ideology":0,"href":"https:\/\/api.oyez.org\/decision_vote\/decision_vote\/210112"}],"majority_vote":8,"minority_vote":0,"winning_party":"Weyerhaeuser","decision_type":"majority opinion","href":"https:\/\/api.oyez.org\/case_decision\/case_decision\/16921"}],"first_party_label":"Petitioner","second_party_label":"Respondent","heard_by":[{"ID":63036,"name":"Roberts Court (2018)","href":"https:\/\/api.oyez.org\/courts\/roberts9","view_count":0,"members":[{"ID":15086,"name":"John G. Roberts, Jr.","href":"https:\/\/api.oyez.org\/people\/john_g_roberts_jr","view_count":0,"last_name":"Roberts","roles":[{"id":2730,"type":"scotus_justice","date_start":1127970000,"date_end":0,"appointing_president":"George W. Bush","role_title":"Chief Justice of the United States","institution_name":"Supreme Court of the United States","href":"https:\/\/api.oyez.org\/preson_role\/scotus_justice\/2730"}],"thumbnail":{"id":32683,"mime":"image\/png","size":52305,"href":"https:\/\/api.oyez.org\/sites\/default\/files\/images\/people\/john_g_roberts_jr\/john_g_roberts_jr.thumb.png"},"length_of_service":6119,"identifier":"john_g_roberts_jr"},{"ID":15100,"name":"Clarence Thomas","href":"https:\/\/api.oyez.org\/people\/clarence_thomas","view_count":0,"last_name":"Thomas","roles":[{"id":2744,"type":"scotus_justice","date_start":688194000,"date_end":0,"appointing_president":"George H. W. Bush","role_title":"Associate Justice of the Supreme Court of the United States","institution_name":"Supreme Court of the United States","href":"https:\/\/api.oyez.org\/preson_role\/scotus_justice\/2744"}],"thumbnail":{"id":32680,"mime":"image\/png","size":49064,"href":"https:\/\/api.oyez.org\/sites\/default\/files\/images\/people\/clarence_thomas\/clarence_thomas.thumb.png"},"length_of_service":11156,"identifier":"clarence_thomas"},{"ID":15084,"name":"Ruth Bader Ginsburg","href":"https:\/\/api.oyez.org\/people\/ruth_bader_ginsburg","view_count":0,"last_name":"Ginsburg","roles":[{"id":2728,"type":"scotus_justice","date_start":744958800,"date_end":1600405200,"appointing_president":"Bill Clinton","role_title":"Associate Justice of the Supreme Court of the United States","institution_name":"Supreme Court of the United States","href":"https:\/\/api.oyez.org\/preson_role\/scotus_justice\/2728"}],"thumbnail":{"id":32681,"mime":"image\/png","size":45030,"href":"https:\/\/api.oyez.org\/sites\/default\/files\/images\/people\/ruth_bader_ginsburg\/ruth_bader_ginsburg.thumb.png"},"length_of_service":9901,"identifier":"ruth_bader_ginsburg"},{"ID":15139,"name":"Stephen G. Breyer","href":"https:\/\/api.oyez.org\/people\/stephen_g_breyer","view_count":0,"last_name":"Breyer","roles":[{"id":2785,"type":"scotus_justice","date_start":775890000,"date_end":1656565200,"appointing_president":"Bill Clinton","role_title":"Associate Justice of the Supreme Court of the United States","institution_name":"Supreme Court of the United States","href":"https:\/\/api.oyez.org\/preson_role\/scotus_justice\/2785"}],"thumbnail":{"id":32682,"mime":"image\/png","size":49908,"href":"https:\/\/api.oyez.org\/sites\/default\/files\/images\/people\/stephen_g_breyer\/stephen_g_breyer.thumb.png"},"length_of_service":10193,"identifier":"stephen_g_breyer"},{"ID":15068,"name":"Samuel A. Alito, Jr.","href":"https:\/\/api.oyez.org\/people\/samuel_a_alito_jr","view_count":0,"last_name":"Alito","roles":[{"id":2712,"type":"scotus_justice","date_start":1138687200,"date_end":0,"appointing_president":"George W. Bush","role_title":"Associate Justice of the Supreme Court of the United States","institution_name":"Supreme Court of the United States","href":"https:\/\/api.oyez.org\/preson_role\/scotus_justice\/2712"}],"thumbnail":{"id":32684,"mime":"image\/png","size":44799,"href":"https:\/\/api.oyez.org\/sites\/default\/files\/images\/people\/samuel_alito_jr\/samuel_alito_jr.thumb.png"},"length_of_service":5908,"identifier":"samuel_a_alito_jr"},{"ID":15131,"name":"Sonia Sotomayor","href":"https:\/\/api.oyez.org\/people\/sonia_sotomayor","view_count":0,"last_name":"Sotomayor","roles":[{"id":2776,"type":"scotus_justice","date_start":1249707600,"date_end":0,"appointing_president":"Barack Obama","role_title":"Associate Justice of the Supreme Court of the United States","institution_name":"Supreme Court of the United States","href":"https:\/\/api.oyez.org\/preson_role\/scotus_justice\/2776"}],"thumbnail":{"id":32685,"mime":"image\/png","size":50379,"href":"https:\/\/api.oyez.org\/sites\/default\/files\/images\/people\/sonia_sotomayor\/sonia_sotomayor.thumb.png"},"length_of_service":4710,"identifier":"sonia_sotomayor"},{"ID":15094,"name":"Elena Kagan","href":"https:\/\/api.oyez.org\/people\/elena_kagan","view_count":0,"last_name":"Kagan","roles":[{"id":2738,"type":"scotus_justice","date_start":1281157200,"date_end":0,"appointing_president":"Barack Obama","role_title":"Associate Justice of the Supreme Court of the United States","institution_name":"Supreme Court of the United States","href":"https:\/\/api.oyez.org\/preson_role\/scotus_justice\/2738"}],"thumbnail":{"id":32690,"mime":"image\/png","size":44456,"href":"https:\/\/api.oyez.org\/sites\/default\/files\/images\/people\/elena_kagan\/elena_kagan.thumb.png"},"length_of_service":4259,"identifier":"elena_kagan"},{"ID":62836,"name":"Neil Gorsuch","href":"https:\/\/api.oyez.org\/people\/neil_gorsuch","view_count":0,"last_name":"Gorsuch","roles":[{"id":3506,"type":"scotus_justice","date_start":1491541200,"date_end":0,"appointing_president":"Donald J. Trump","role_title":"Associate Justice of the Supreme Court of the United States","institution_name":"Supreme Court of the United States","href":"https:\/\/api.oyez.org\/preson_role\/scotus_justice\/3506"}],"thumbnail":{"id":79753,"mime":"image\/png","size":121461,"href":"https:\/\/api.oyez.org\/sites\/default\/files\/filefield_paths\/neil_gorsuch.thumb__0.png"},"length_of_service":1824,"identifier":"neil_gorsuch"}],"court_start":1533099600,"images":null,"identifier":"roberts9"}],"decided_by":{"ID":63037,"name":"Roberts Court (2018-2020)","href":"https:\/\/api.oyez.org\/courts\/roberts10","view_count":0,"members":[{"ID":15086,"name":"John G. Roberts, Jr.","href":"https:\/\/api.oyez.org\/people\/john_g_roberts_jr","view_count":0,"last_name":"Roberts","roles":[{"id":2730,"type":"scotus_justice","date_start":1127970000,"date_end":0,"appointing_president":"George W. Bush","role_title":"Chief Justice of the United States","institution_name":"Supreme Court of the United States","href":"https:\/\/api.oyez.org\/preson_role\/scotus_justice\/2730"}],"thumbnail":{"id":32683,"mime":"image\/png","size":52305,"href":"https:\/\/api.oyez.org\/sites\/default\/files\/images\/people\/john_g_roberts_jr\/john_g_roberts_jr.thumb.png"},"length_of_service":6119,"identifier":"john_g_roberts_jr"},{"ID":15100,"name":"Clarence Thomas","href":"https:\/\/api.oyez.org\/people\/clarence_thomas","view_count":0,"last_name":"Thomas","roles":[{"id":2744,"type":"scotus_justice","date_start":688194000,"date_end":0,"appointing_president":"George H. W. Bush","role_title":"Associate Justice of the Supreme Court of the United States","institution_name":"Supreme Court of the United States","href":"https:\/\/api.oyez.org\/preson_role\/scotus_justice\/2744"}],"thumbnail":{"id":32680,"mime":"image\/png","size":49064,"href":"https:\/\/api.oyez.org\/sites\/default\/files\/images\/people\/clarence_thomas\/clarence_thomas.thumb.png"},"length_of_service":11156,"identifier":"clarence_thomas"},{"ID":15084,"name":"Ruth Bader Ginsburg","href":"https:\/\/api.oyez.org\/people\/ruth_bader_ginsburg","view_count":0,"last_name":"Ginsburg","roles":[{"id":2728,"type":"scotus_justice","date_start":744958800,"date_end":1600405200,"appointing_president":"Bill Clinton","role_title":"Associate Justice of the Supreme Court of the United States","institution_name":"Supreme Court of the United States","href":"https:\/\/api.oyez.org\/preson_role\/scotus_justice\/2728"}],"thumbnail":{"id":32681,"mime":"image\/png","size":45030,"href":"https:\/\/api.oyez.org\/sites\/default\/files\/images\/people\/ruth_bader_ginsburg\/ruth_bader_ginsburg.thumb.png"},"length_of_service":9901,"identifier":"ruth_bader_ginsburg"},{"ID":15139,"name":"Stephen G. Breyer","href":"https:\/\/api.oyez.org\/people\/stephen_g_breyer","view_count":0,"last_name":"Breyer","roles":[{"id":2785,"type":"scotus_justice","date_start":775890000,"date_end":1656565200,"appointing_president":"Bill Clinton","role_title":"Associate Justice of the Supreme Court of the United States","institution_name":"Supreme Court of the United States","href":"https:\/\/api.oyez.org\/preson_role\/scotus_justice\/2785"}],"thumbnail":{"id":32682,"mime":"image\/png","size":49908,"href":"https:\/\/api.oyez.org\/sites\/default\/files\/images\/people\/stephen_g_breyer\/stephen_g_breyer.thumb.png"},"length_of_service":10193,"identifier":"stephen_g_breyer"},{"ID":15068,"name":"Samuel A. Alito, Jr.","href":"https:\/\/api.oyez.org\/people\/samuel_a_alito_jr","view_count":0,"last_name":"Alito","roles":[{"id":2712,"type":"scotus_justice","date_start":1138687200,"date_end":0,"appointing_president":"George W. Bush","role_title":"Associate Justice of the Supreme Court of the United States","institution_name":"Supreme Court of the United States","href":"https:\/\/api.oyez.org\/preson_role\/scotus_justice\/2712"}],"thumbnail":{"id":32684,"mime":"image\/png","size":44799,"href":"https:\/\/api.oyez.org\/sites\/default\/files\/images\/people\/samuel_alito_jr\/samuel_alito_jr.thumb.png"},"length_of_service":5908,"identifier":"samuel_a_alito_jr"},{"ID":15131,"name":"Sonia Sotomayor","href":"https:\/\/api.oyez.org\/people\/sonia_sotomayor","view_count":0,"last_name":"Sotomayor","roles":[{"id":2776,"type":"scotus_justice","date_start":1249707600,"date_end":0,"appointing_president":"Barack Obama","role_title":"Associate Justice of the Supreme Court of the United States","institution_name":"Supreme Court of the United States","href":"https:\/\/api.oyez.org\/preson_role\/scotus_justice\/2776"}],"thumbnail":{"id":32685,"mime":"image\/png","size":50379,"href":"https:\/\/api.oyez.org\/sites\/default\/files\/images\/people\/sonia_sotomayor\/sonia_sotomayor.thumb.png"},"length_of_service":4710,"identifier":"sonia_sotomayor"},{"ID":15094,"name":"Elena Kagan","href":"https:\/\/api.oyez.org\/people\/elena_kagan","view_count":0,"last_name":"Kagan","roles":[{"id":2738,"type":"scotus_justice","date_start":1281157200,"date_end":0,"appointing_president":"Barack Obama","role_title":"Associate Justice of the Supreme Court of the United States","institution_name":"Supreme Court of the United States","href":"https:\/\/api.oyez.org\/preson_role\/scotus_justice\/2738"}],"thumbnail":{"id":32690,"mime":"image\/png","size":44456,"href":"https:\/\/api.oyez.org\/sites\/default\/files\/images\/people\/elena_kagan\/elena_kagan.thumb.png"},"length_of_service":4259,"identifier":"elena_kagan"},{"ID":62836,"name":"Neil Gorsuch","href":"https:\/\/api.oyez.org\/people\/neil_gorsuch","view_count":0,"last_name":"Gorsuch","roles":[{"id":3506,"type":"scotus_justice","date_start":1491541200,"date_end":0,"appointing_president":"Donald J. Trump","role_title":"Associate Justice of the Supreme Court of the United States","institution_name":"Supreme Court of the United States","href":"https:\/\/api.oyez.org\/preson_role\/scotus_justice\/3506"}],"thumbnail":{"id":79753,"mime":"image\/png","size":121461,"href":"https:\/\/api.oyez.org\/sites\/default\/files\/filefield_paths\/neil_gorsuch.thumb__0.png"},"length_of_service":1824,"identifier":"neil_gorsuch"},{"ID":17766,"name":"Brett M. Kavanaugh","href":"https:\/\/api.oyez.org\/people\/brett_m_kavanaugh","view_count":0,"last_name":"Kavanaugh","roles":[{"id":3507,"type":"scotus_justice","date_start":1538802000,"date_end":0,"appointing_president":"Donald J. Trump","role_title":"Associate Justice of the Supreme Court of the United States","institution_name":"Supreme Court of the United States","href":"https:\/\/api.oyez.org\/preson_role\/scotus_justice\/3507"}],"thumbnail":{"id":80518,"mime":"image\/png","size":91566,"href":"https:\/\/api.oyez.org\/sites\/default\/files\/filefield_paths\/Kavanaugh-thumb.png"},"length_of_service":1277,"identifier":"brett_m_kavanaugh"}],"court_start":1538974800,"images":[{"id":80961,"mime":"image\/jpeg","size":1721453,"href":"https:\/\/api.oyez.org\/sites\/default\/files\/filefield_paths\/2018%20Group.jpg"}],"identifier":"roberts10"},"term":"2018","location":null,"opinion_announcement":[{"id":24897,"title":"Opinion Announcement - November 27, 2018","unavailable":false,"href":"https:\/\/api.oyez.org\/case_media\/opinion_announcement_audio\/24897"}],"description":"A case in which the Court held that (1) to be designated a \u0022critical habitat\u0022 under the Endangered Species Act, the land must already be habitat for the species; and (2) an agency determination not to exclude an area from critical habitat due to the economic impact of designation is subject to judicial review.","written_opinion":[{"id":16598,"title":"Opinion of the Court","author":null,"type":{"value":"majority","label":"Opinion of the Court"},"justia_opinion_id":3998312,"justia_opinion_url":"https:\/\/supreme.justia.com\/cases\/federal\/us\/586\/17-71\/","judge_full_name":"John G. Roberts, Jr.","judge_last_name":"Roberts","title_overwrite":null,"href":"https:\/\/api.oyez.org\/case_document\/written_opinion\/16598"},{"id":16600,"title":"Syllabus","author":null,"type":{"value":"syllabus","label":"Syllabus"},"justia_opinion_id":3998313,"justia_opinion_url":"https:\/\/supreme.justia.com\/cases\/federal\/us\/586\/17-71\/","judge_full_name":null,"judge_last_name":null,"title_overwrite":null,"href":"https:\/\/api.oyez.org\/case_document\/written_opinion\/16600"}],"related_cases":null,"justia_url":"https:\/\/supreme.justia.com\/cases\/federal\/us\/586\/17-71\/","argument2_url":null}