{"ID":63187,"name":"Google LLC v. Oracle America Inc.","href":"https:\/\/api.oyez.org\/cases\/2020\/18-956","view_count":0,"docket_number":"18-956","additional_docket_numbers":null,"manner_of_jurisdiction":"Writ of \u003Ci\u003Ecertiorari\u003C\/i\u003E","first_party":"Google LLC","second_party":"Oracle America, Inc.","timeline":[{"event":"Granted","dates":[1573797600],"href":"https:\/\/api.oyez.org\/case_timeline\/case_timeline\/54605"},{"event":"Argued","dates":[1602046800],"href":"https:\/\/api.oyez.org\/case_timeline\/case_timeline\/54762"},{"event":"Decided","dates":[1617598800],"href":"https:\/\/api.oyez.org\/case_timeline\/case_timeline\/54873"}],"lower_court":{"ID":17,"name":"United States Court of Appeals for the Federal Circuit","href":"https:\/\/api.oyez.org\/taxonomy\/term\/17"},"facts_of_the_case":"\u003Cp\u003EWhen Google implemented its Android Operating System (Android OS), it wrote its own programming language based on Java, which is owned by Oracle. To facilitate developers writing their own programs for Android OS, Google\u2019s version used the same names, organization, and functionality as Java\u0027s Application Programming Interfaces (APIs).\u003C\/p\u003E\n\u003Cp\u003EOracle sued Google for copyright infringement, but the federal district judge held that APIs are not subject to copyright because permitting a private entity to own the copyright to a programming language would stifle innovation and collaboration, contrary to the goals of copyright. The U.S. Court of Appeals for the Federal Circuit reversed the lower court, finding that the Java APIs are copyrightable but leaving open the possibility of a fair use defense. The U.S. Supreme Court denied Google\u2019s petition for certiorari.\u003C\/p\u003E\n\u003Cp\u003EUpon remand to the district court, a jury found that Google\u0027s use of the Java API was fair use. Oracle appealed, and the Federal Circuit again reversed the lower court. The Federal Circuit held that Google\u0027s use was not fair as a matter of law.\u003C\/p\u003E\n","question":"\u003Cp\u003E1. Does copyright protection extend to a software interface?\u00a0\u003Cbr \/\u003E2. If so, does the petitioner\u2019s use of a software interface in the context of creating a new computer program constitute fair use?\u003C\/p\u003E\n","conclusion":"\u003Cp\u003EAssuming a software interface may be subject to copyright protection, Google\u2019s limited copying of the Java SE Application Programming Interface constituted a fair use of that material under copyright law. Justice Stephen Breyer authored the 6-2 majority opinion.\u003C\/p\u003E\n\u003Cp\u003ECopyright law aims to promote the progress of science and useful arts, by simultaneously granting creators exclusive copyrights and limiting the scope of such rights through the fair use doctrine. To decide no more than necessary to resolve the case, the Court assumed that software code is subject to copyright protection.\u003C\/p\u003E\n\u003Cp\u003ECourts consider four statutory factors in evaluating whether a secondary use is fair. First, Google\u2019s use of the Java APIs is transformative. Google copied only what was necessary to allow programmers to work in a different computing environment but with a familiar programming language. Second, the copied lines are \u201cinherently bound together with uncopyrightable ideas,\u201d suggesting that the application of fair use to this context is unlikely to undermine the general copyright protection that Congress provided for computer programs. Third, Google copied only .4% of the entire API, weighing in favor of fair use. Finally, the record shows that Google\u2019s new smartphone platform is not a market substitute for Java SE. Because all four factors support a finding of fair use, Google\u2019s limited copying constituted fair use.\u003C\/p\u003E\n\u003Cp\u003EJustice Clarence Thomas authored a dissenting opinion, in which Justice Samuel Alito joined, arguing that the Court should have addressed the question whether Oracle\u2019s code is copyrightable. Justice Thomas would have concluded that it is, and then he would have found that Google\u2019s use of that copyrighted code was not fair. By copying Oracle\u2019s code, Google \u201cerased 97.5% of the value of Oracle\u2019s partnership with Amazon, made tens of billions of dollars, and established its position as the owner of the largest mobile operating system in the world.\u201d\u00a0\u003C\/p\u003E\n\u003Cp\u003EJustice Amy Coney Barrett took no part in the consideration or decision of the case.\u003C\/p\u003E\n","advocates":[{"advocate":{"ID":42731,"name":"Thomas C. Goldstein","href":"https:\/\/api.oyez.org\/people\/thomas_c_goldstein","view_count":0,"last_name":"Goldstein","roles":null,"thumbnail":null,"length_of_service":0,"identifier":"thomas_c_goldstein"},"advocate_description":"for the petitioner","href":"https:\/\/api.oyez.org\/case_advocate\/case_advocate\/22904"},{"advocate":{"ID":23018,"name":"E. Joshua Rosenkranz","href":"https:\/\/api.oyez.org\/people\/e_joshua_rosenkranz","view_count":0,"last_name":"Rosenkranz","roles":null,"thumbnail":null,"length_of_service":0,"identifier":"e_joshua_rosenkranz"},"advocate_description":"for the respondent","href":"https:\/\/api.oyez.org\/case_advocate\/case_advocate\/22905"},{"advocate":{"ID":36722,"name":"Malcolm L. Stewart","href":"https:\/\/api.oyez.org\/people\/malcolm_l_stewart","view_count":0,"last_name":"Stewart","roles":null,"thumbnail":null,"length_of_service":0,"identifier":"malcolm_l_stewart"},"advocate_description":"for the United States, as amicus curiae, supporting the respondent","href":"https:\/\/api.oyez.org\/case_advocate\/case_advocate\/22906"}],"oral_argument_audio":[{"id":25236,"title":"Oral Argument - October 07, 2020","public_note":null,"unavailable":false,"display_title":null,"href":"https:\/\/api.oyez.org\/case_media\/oral_argument_audio\/25236"}],"citation":{"volume":"593","page":null,"year":"2021","href":"https:\/\/api.oyez.org\/case_citation\/case_citation\/27719"},"decisions":[{"description":"Google\u2019s limited copying of the Java SE Application Programming Interface constituted a fair use under copyright law.","votes":[{"member":{"ID":15139,"name":"Stephen G. Breyer","href":"https:\/\/api.oyez.org\/people\/stephen_g_breyer","view_count":0,"last_name":"Breyer","roles":[{"id":2785,"type":"scotus_justice","date_start":775890000,"date_end":1656565200,"appointing_president":"Bill Clinton","role_title":"Associate Justice of the Supreme Court of the United States","institution_name":"Supreme Court of the United States","href":"https:\/\/api.oyez.org\/preson_role\/scotus_justice\/2785"}],"thumbnail":{"id":32682,"mime":"image\/png","size":49908,"href":"https:\/\/api.oyez.org\/sites\/default\/files\/images\/people\/stephen_g_breyer\/stephen_g_breyer.thumb.png"},"length_of_service":10193,"identifier":"stephen_g_breyer"},"vote":"majority","opinion_type":"majority","joining":null,"seniority":3,"ideology":-1.901,"href":"https:\/\/api.oyez.org\/decision_vote\/decision_vote\/211582"},{"member":{"ID":15086,"name":"John G. Roberts, Jr.","href":"https:\/\/api.oyez.org\/people\/john_g_roberts_jr","view_count":0,"last_name":"Roberts","roles":[{"id":2730,"type":"scotus_justice","date_start":1127970000,"date_end":0,"appointing_president":"George W. Bush","role_title":"Chief Justice of the United States","institution_name":"Supreme Court of the United States","href":"https:\/\/api.oyez.org\/preson_role\/scotus_justice\/2730"}],"thumbnail":{"id":32683,"mime":"image\/png","size":52305,"href":"https:\/\/api.oyez.org\/sites\/default\/files\/images\/people\/john_g_roberts_jr\/john_g_roberts_jr.thumb.png"},"length_of_service":6119,"identifier":"john_g_roberts_jr"},"vote":"majority","opinion_type":"none","joining":[{"ID":15139,"name":"Stephen G. Breyer","href":"https:\/\/api.oyez.org\/people\/stephen_g_breyer","view_count":0,"last_name":"Breyer","roles":[{"id":2785,"type":"scotus_justice","date_start":775890000,"date_end":1656565200,"appointing_president":"Bill Clinton","role_title":"Associate Justice of the Supreme Court of the United States","institution_name":"Supreme Court of the United States","href":"https:\/\/api.oyez.org\/preson_role\/scotus_justice\/2785"}],"thumbnail":{"id":32682,"mime":"image\/png","size":49908,"href":"https:\/\/api.oyez.org\/sites\/default\/files\/images\/people\/stephen_g_breyer\/stephen_g_breyer.thumb.png"},"length_of_service":10193,"identifier":"stephen_g_breyer"}],"seniority":1,"ideology":0.506,"href":"https:\/\/api.oyez.org\/decision_vote\/decision_vote\/211583"},{"member":{"ID":15131,"name":"Sonia Sotomayor","href":"https:\/\/api.oyez.org\/people\/sonia_sotomayor","view_count":0,"last_name":"Sotomayor","roles":[{"id":2776,"type":"scotus_justice","date_start":1249707600,"date_end":0,"appointing_president":"Barack Obama","role_title":"Associate Justice of the Supreme Court of the United States","institution_name":"Supreme Court of the United States","href":"https:\/\/api.oyez.org\/preson_role\/scotus_justice\/2776"}],"thumbnail":{"id":32685,"mime":"image\/png","size":50379,"href":"https:\/\/api.oyez.org\/sites\/default\/files\/images\/people\/sonia_sotomayor\/sonia_sotomayor.thumb.png"},"length_of_service":4710,"identifier":"sonia_sotomayor"},"vote":"majority","opinion_type":"none","joining":[{"ID":15139,"name":"Stephen G. Breyer","href":"https:\/\/api.oyez.org\/people\/stephen_g_breyer","view_count":0,"last_name":"Breyer","roles":[{"id":2785,"type":"scotus_justice","date_start":775890000,"date_end":1656565200,"appointing_president":"Bill Clinton","role_title":"Associate Justice of the Supreme Court of the United States","institution_name":"Supreme Court of the United States","href":"https:\/\/api.oyez.org\/preson_role\/scotus_justice\/2785"}],"thumbnail":{"id":32682,"mime":"image\/png","size":49908,"href":"https:\/\/api.oyez.org\/sites\/default\/files\/images\/people\/stephen_g_breyer\/stephen_g_breyer.thumb.png"},"length_of_service":10193,"identifier":"stephen_g_breyer"}],"seniority":5,"ideology":-3.959,"href":"https:\/\/api.oyez.org\/decision_vote\/decision_vote\/211584"},{"member":{"ID":15094,"name":"Elena Kagan","href":"https:\/\/api.oyez.org\/people\/elena_kagan","view_count":0,"last_name":"Kagan","roles":[{"id":2738,"type":"scotus_justice","date_start":1281157200,"date_end":0,"appointing_president":"Barack Obama","role_title":"Associate Justice of the Supreme Court of the United States","institution_name":"Supreme Court of the United States","href":"https:\/\/api.oyez.org\/preson_role\/scotus_justice\/2738"}],"thumbnail":{"id":32690,"mime":"image\/png","size":44456,"href":"https:\/\/api.oyez.org\/sites\/default\/files\/images\/people\/elena_kagan\/elena_kagan.thumb.png"},"length_of_service":4259,"identifier":"elena_kagan"},"vote":"majority","opinion_type":"none","joining":[{"ID":15139,"name":"Stephen G. Breyer","href":"https:\/\/api.oyez.org\/people\/stephen_g_breyer","view_count":0,"last_name":"Breyer","roles":[{"id":2785,"type":"scotus_justice","date_start":775890000,"date_end":1656565200,"appointing_president":"Bill Clinton","role_title":"Associate Justice of the Supreme Court of the United States","institution_name":"Supreme Court of the United States","href":"https:\/\/api.oyez.org\/preson_role\/scotus_justice\/2785"}],"thumbnail":{"id":32682,"mime":"image\/png","size":49908,"href":"https:\/\/api.oyez.org\/sites\/default\/files\/images\/people\/stephen_g_breyer\/stephen_g_breyer.thumb.png"},"length_of_service":10193,"identifier":"stephen_g_breyer"}],"seniority":6,"ideology":-1.508,"href":"https:\/\/api.oyez.org\/decision_vote\/decision_vote\/211585"},{"member":{"ID":62836,"name":"Neil Gorsuch","href":"https:\/\/api.oyez.org\/people\/neil_gorsuch","view_count":0,"last_name":"Gorsuch","roles":[{"id":3506,"type":"scotus_justice","date_start":1491541200,"date_end":0,"appointing_president":"Donald J. Trump","role_title":"Associate Justice of the Supreme Court of the United States","institution_name":"Supreme Court of the United States","href":"https:\/\/api.oyez.org\/preson_role\/scotus_justice\/3506"}],"thumbnail":{"id":79753,"mime":"image\/png","size":121461,"href":"https:\/\/api.oyez.org\/sites\/default\/files\/filefield_paths\/neil_gorsuch.thumb__0.png"},"length_of_service":1824,"identifier":"neil_gorsuch"},"vote":"majority","opinion_type":"none","joining":[{"ID":15139,"name":"Stephen G. Breyer","href":"https:\/\/api.oyez.org\/people\/stephen_g_breyer","view_count":0,"last_name":"Breyer","roles":[{"id":2785,"type":"scotus_justice","date_start":775890000,"date_end":1656565200,"appointing_president":"Bill Clinton","role_title":"Associate Justice of the Supreme Court of the United States","institution_name":"Supreme Court of the United States","href":"https:\/\/api.oyez.org\/preson_role\/scotus_justice\/2785"}],"thumbnail":{"id":32682,"mime":"image\/png","size":49908,"href":"https:\/\/api.oyez.org\/sites\/default\/files\/images\/people\/stephen_g_breyer\/stephen_g_breyer.thumb.png"},"length_of_service":10193,"identifier":"stephen_g_breyer"}],"seniority":7,"ideology":1.11,"href":"https:\/\/api.oyez.org\/decision_vote\/decision_vote\/211586"},{"member":{"ID":17766,"name":"Brett M. Kavanaugh","href":"https:\/\/api.oyez.org\/people\/brett_m_kavanaugh","view_count":0,"last_name":"Kavanaugh","roles":[{"id":3507,"type":"scotus_justice","date_start":1538802000,"date_end":0,"appointing_president":"Donald J. Trump","role_title":"Associate Justice of the Supreme Court of the United States","institution_name":"Supreme Court of the United States","href":"https:\/\/api.oyez.org\/preson_role\/scotus_justice\/3507"}],"thumbnail":{"id":80518,"mime":"image\/png","size":91566,"href":"https:\/\/api.oyez.org\/sites\/default\/files\/filefield_paths\/Kavanaugh-thumb.png"},"length_of_service":1277,"identifier":"brett_m_kavanaugh"},"vote":"majority","opinion_type":"none","joining":[{"ID":15139,"name":"Stephen G. Breyer","href":"https:\/\/api.oyez.org\/people\/stephen_g_breyer","view_count":0,"last_name":"Breyer","roles":[{"id":2785,"type":"scotus_justice","date_start":775890000,"date_end":1656565200,"appointing_president":"Bill Clinton","role_title":"Associate Justice of the Supreme Court of the United States","institution_name":"Supreme Court of the United States","href":"https:\/\/api.oyez.org\/preson_role\/scotus_justice\/2785"}],"thumbnail":{"id":32682,"mime":"image\/png","size":49908,"href":"https:\/\/api.oyez.org\/sites\/default\/files\/images\/people\/stephen_g_breyer\/stephen_g_breyer.thumb.png"},"length_of_service":10193,"identifier":"stephen_g_breyer"}],"seniority":8,"ideology":0.548,"href":"https:\/\/api.oyez.org\/decision_vote\/decision_vote\/211587"},{"member":{"ID":15100,"name":"Clarence Thomas","href":"https:\/\/api.oyez.org\/people\/clarence_thomas","view_count":0,"last_name":"Thomas","roles":[{"id":2744,"type":"scotus_justice","date_start":688194000,"date_end":0,"appointing_president":"George H. W. Bush","role_title":"Associate Justice of the Supreme Court of the United States","institution_name":"Supreme Court of the United States","href":"https:\/\/api.oyez.org\/preson_role\/scotus_justice\/2744"}],"thumbnail":{"id":32680,"mime":"image\/png","size":49064,"href":"https:\/\/api.oyez.org\/sites\/default\/files\/images\/people\/clarence_thomas\/clarence_thomas.thumb.png"},"length_of_service":11156,"identifier":"clarence_thomas"},"vote":"minority","opinion_type":"dissent","joining":null,"seniority":2,"ideology":3.03,"href":"https:\/\/api.oyez.org\/decision_vote\/decision_vote\/211588"},{"member":{"ID":15068,"name":"Samuel A. Alito, Jr.","href":"https:\/\/api.oyez.org\/people\/samuel_a_alito_jr","view_count":0,"last_name":"Alito","roles":[{"id":2712,"type":"scotus_justice","date_start":1138687200,"date_end":0,"appointing_president":"George W. Bush","role_title":"Associate Justice of the Supreme Court of the United States","institution_name":"Supreme Court of the United States","href":"https:\/\/api.oyez.org\/preson_role\/scotus_justice\/2712"}],"thumbnail":{"id":32684,"mime":"image\/png","size":44799,"href":"https:\/\/api.oyez.org\/sites\/default\/files\/images\/people\/samuel_alito_jr\/samuel_alito_jr.thumb.png"},"length_of_service":5908,"identifier":"samuel_a_alito_jr"},"vote":"minority","opinion_type":"none","joining":[{"ID":15100,"name":"Clarence Thomas","href":"https:\/\/api.oyez.org\/people\/clarence_thomas","view_count":0,"last_name":"Thomas","roles":[{"id":2744,"type":"scotus_justice","date_start":688194000,"date_end":0,"appointing_president":"George H. W. Bush","role_title":"Associate Justice of the Supreme Court of the United States","institution_name":"Supreme Court of the United States","href":"https:\/\/api.oyez.org\/preson_role\/scotus_justice\/2744"}],"thumbnail":{"id":32680,"mime":"image\/png","size":49064,"href":"https:\/\/api.oyez.org\/sites\/default\/files\/images\/people\/clarence_thomas\/clarence_thomas.thumb.png"},"length_of_service":11156,"identifier":"clarence_thomas"}],"seniority":4,"ideology":2.162,"href":"https:\/\/api.oyez.org\/decision_vote\/decision_vote\/211589"},{"member":{"ID":63282,"name":"Amy Coney Barrett","href":"https:\/\/api.oyez.org\/people\/amy_coney_barrett","view_count":0,"last_name":"Barrett","roles":[{"id":3511,"type":"scotus_justice","date_start":1603774800,"date_end":0,"appointing_president":"Donald J. Trump","role_title":"Associate Justice of the Supreme Court of the United States","institution_name":"Supreme Court of the United States","href":"https:\/\/api.oyez.org\/preson_role\/scotus_justice\/3511"}],"thumbnail":{"id":81207,"mime":"image\/png","size":47722,"href":"https:\/\/api.oyez.org\/sites\/default\/files\/filefield_paths\/barret-thumb.png"},"length_of_service":525,"identifier":"amy_coney_barrett"},"vote":"none","opinion_type":"none","joining":null,"seniority":9,"ideology":1.011,"href":"https:\/\/api.oyez.org\/decision_vote\/decision_vote\/211590"}],"majority_vote":6,"minority_vote":2,"winning_party":"Google","decision_type":"majority opinion","href":"https:\/\/api.oyez.org\/case_decision\/case_decision\/17090"}],"first_party_label":"Petitioner","second_party_label":"Respondent","heard_by":[{"ID":63261,"name":"Roberts Court (2020)","href":"https:\/\/api.oyez.org\/courts\/roberts11","view_count":0,"members":[{"ID":15086,"name":"John G. Roberts, Jr.","href":"https:\/\/api.oyez.org\/people\/john_g_roberts_jr","view_count":0,"last_name":"Roberts","roles":[{"id":2730,"type":"scotus_justice","date_start":1127970000,"date_end":0,"appointing_president":"George W. Bush","role_title":"Chief Justice of the United States","institution_name":"Supreme Court of the United States","href":"https:\/\/api.oyez.org\/preson_role\/scotus_justice\/2730"}],"thumbnail":{"id":32683,"mime":"image\/png","size":52305,"href":"https:\/\/api.oyez.org\/sites\/default\/files\/images\/people\/john_g_roberts_jr\/john_g_roberts_jr.thumb.png"},"length_of_service":6119,"identifier":"john_g_roberts_jr"},{"ID":15100,"name":"Clarence Thomas","href":"https:\/\/api.oyez.org\/people\/clarence_thomas","view_count":0,"last_name":"Thomas","roles":[{"id":2744,"type":"scotus_justice","date_start":688194000,"date_end":0,"appointing_president":"George H. W. Bush","role_title":"Associate Justice of the Supreme Court of the United States","institution_name":"Supreme Court of the United States","href":"https:\/\/api.oyez.org\/preson_role\/scotus_justice\/2744"}],"thumbnail":{"id":32680,"mime":"image\/png","size":49064,"href":"https:\/\/api.oyez.org\/sites\/default\/files\/images\/people\/clarence_thomas\/clarence_thomas.thumb.png"},"length_of_service":11156,"identifier":"clarence_thomas"},{"ID":15139,"name":"Stephen G. Breyer","href":"https:\/\/api.oyez.org\/people\/stephen_g_breyer","view_count":0,"last_name":"Breyer","roles":[{"id":2785,"type":"scotus_justice","date_start":775890000,"date_end":1656565200,"appointing_president":"Bill Clinton","role_title":"Associate Justice of the Supreme Court of the United States","institution_name":"Supreme Court of the United States","href":"https:\/\/api.oyez.org\/preson_role\/scotus_justice\/2785"}],"thumbnail":{"id":32682,"mime":"image\/png","size":49908,"href":"https:\/\/api.oyez.org\/sites\/default\/files\/images\/people\/stephen_g_breyer\/stephen_g_breyer.thumb.png"},"length_of_service":10193,"identifier":"stephen_g_breyer"},{"ID":15068,"name":"Samuel A. Alito, Jr.","href":"https:\/\/api.oyez.org\/people\/samuel_a_alito_jr","view_count":0,"last_name":"Alito","roles":[{"id":2712,"type":"scotus_justice","date_start":1138687200,"date_end":0,"appointing_president":"George W. Bush","role_title":"Associate Justice of the Supreme Court of the United States","institution_name":"Supreme Court of the United States","href":"https:\/\/api.oyez.org\/preson_role\/scotus_justice\/2712"}],"thumbnail":{"id":32684,"mime":"image\/png","size":44799,"href":"https:\/\/api.oyez.org\/sites\/default\/files\/images\/people\/samuel_alito_jr\/samuel_alito_jr.thumb.png"},"length_of_service":5908,"identifier":"samuel_a_alito_jr"},{"ID":15131,"name":"Sonia Sotomayor","href":"https:\/\/api.oyez.org\/people\/sonia_sotomayor","view_count":0,"last_name":"Sotomayor","roles":[{"id":2776,"type":"scotus_justice","date_start":1249707600,"date_end":0,"appointing_president":"Barack Obama","role_title":"Associate Justice of the Supreme Court of the United States","institution_name":"Supreme Court of the United States","href":"https:\/\/api.oyez.org\/preson_role\/scotus_justice\/2776"}],"thumbnail":{"id":32685,"mime":"image\/png","size":50379,"href":"https:\/\/api.oyez.org\/sites\/default\/files\/images\/people\/sonia_sotomayor\/sonia_sotomayor.thumb.png"},"length_of_service":4710,"identifier":"sonia_sotomayor"},{"ID":15094,"name":"Elena Kagan","href":"https:\/\/api.oyez.org\/people\/elena_kagan","view_count":0,"last_name":"Kagan","roles":[{"id":2738,"type":"scotus_justice","date_start":1281157200,"date_end":0,"appointing_president":"Barack Obama","role_title":"Associate Justice of the Supreme Court of the United States","institution_name":"Supreme Court of the United States","href":"https:\/\/api.oyez.org\/preson_role\/scotus_justice\/2738"}],"thumbnail":{"id":32690,"mime":"image\/png","size":44456,"href":"https:\/\/api.oyez.org\/sites\/default\/files\/images\/people\/elena_kagan\/elena_kagan.thumb.png"},"length_of_service":4259,"identifier":"elena_kagan"},{"ID":62836,"name":"Neil Gorsuch","href":"https:\/\/api.oyez.org\/people\/neil_gorsuch","view_count":0,"last_name":"Gorsuch","roles":[{"id":3506,"type":"scotus_justice","date_start":1491541200,"date_end":0,"appointing_president":"Donald J. Trump","role_title":"Associate Justice of the Supreme Court of the United States","institution_name":"Supreme Court of the United States","href":"https:\/\/api.oyez.org\/preson_role\/scotus_justice\/3506"}],"thumbnail":{"id":79753,"mime":"image\/png","size":121461,"href":"https:\/\/api.oyez.org\/sites\/default\/files\/filefield_paths\/neil_gorsuch.thumb__0.png"},"length_of_service":1824,"identifier":"neil_gorsuch"},{"ID":17766,"name":"Brett M. Kavanaugh","href":"https:\/\/api.oyez.org\/people\/brett_m_kavanaugh","view_count":0,"last_name":"Kavanaugh","roles":[{"id":3507,"type":"scotus_justice","date_start":1538802000,"date_end":0,"appointing_president":"Donald J. Trump","role_title":"Associate Justice of the Supreme Court of the United States","institution_name":"Supreme Court of the United States","href":"https:\/\/api.oyez.org\/preson_role\/scotus_justice\/3507"}],"thumbnail":{"id":80518,"mime":"image\/png","size":91566,"href":"https:\/\/api.oyez.org\/sites\/default\/files\/filefield_paths\/Kavanaugh-thumb.png"},"length_of_service":1277,"identifier":"brett_m_kavanaugh"}],"court_start":1600405200,"images":null,"identifier":"roberts11"}],"decided_by":{"ID":63283,"name":"Roberts Court (2020-2022)","href":"https:\/\/api.oyez.org\/courts\/roberts12","view_count":0,"members":[{"ID":15086,"name":"John G. Roberts, Jr.","href":"https:\/\/api.oyez.org\/people\/john_g_roberts_jr","view_count":0,"last_name":"Roberts","roles":[{"id":2730,"type":"scotus_justice","date_start":1127970000,"date_end":0,"appointing_president":"George W. Bush","role_title":"Chief Justice of the United States","institution_name":"Supreme Court of the United States","href":"https:\/\/api.oyez.org\/preson_role\/scotus_justice\/2730"}],"thumbnail":{"id":32683,"mime":"image\/png","size":52305,"href":"https:\/\/api.oyez.org\/sites\/default\/files\/images\/people\/john_g_roberts_jr\/john_g_roberts_jr.thumb.png"},"length_of_service":6119,"identifier":"john_g_roberts_jr"},{"ID":15100,"name":"Clarence Thomas","href":"https:\/\/api.oyez.org\/people\/clarence_thomas","view_count":0,"last_name":"Thomas","roles":[{"id":2744,"type":"scotus_justice","date_start":688194000,"date_end":0,"appointing_president":"George H. W. Bush","role_title":"Associate Justice of the Supreme Court of the United States","institution_name":"Supreme Court of the United States","href":"https:\/\/api.oyez.org\/preson_role\/scotus_justice\/2744"}],"thumbnail":{"id":32680,"mime":"image\/png","size":49064,"href":"https:\/\/api.oyez.org\/sites\/default\/files\/images\/people\/clarence_thomas\/clarence_thomas.thumb.png"},"length_of_service":11156,"identifier":"clarence_thomas"},{"ID":15139,"name":"Stephen G. Breyer","href":"https:\/\/api.oyez.org\/people\/stephen_g_breyer","view_count":0,"last_name":"Breyer","roles":[{"id":2785,"type":"scotus_justice","date_start":775890000,"date_end":1656565200,"appointing_president":"Bill Clinton","role_title":"Associate Justice of the Supreme Court of the United States","institution_name":"Supreme Court of the United States","href":"https:\/\/api.oyez.org\/preson_role\/scotus_justice\/2785"}],"thumbnail":{"id":32682,"mime":"image\/png","size":49908,"href":"https:\/\/api.oyez.org\/sites\/default\/files\/images\/people\/stephen_g_breyer\/stephen_g_breyer.thumb.png"},"length_of_service":10193,"identifier":"stephen_g_breyer"},{"ID":15068,"name":"Samuel A. Alito, Jr.","href":"https:\/\/api.oyez.org\/people\/samuel_a_alito_jr","view_count":0,"last_name":"Alito","roles":[{"id":2712,"type":"scotus_justice","date_start":1138687200,"date_end":0,"appointing_president":"George W. Bush","role_title":"Associate Justice of the Supreme Court of the United States","institution_name":"Supreme Court of the United States","href":"https:\/\/api.oyez.org\/preson_role\/scotus_justice\/2712"}],"thumbnail":{"id":32684,"mime":"image\/png","size":44799,"href":"https:\/\/api.oyez.org\/sites\/default\/files\/images\/people\/samuel_alito_jr\/samuel_alito_jr.thumb.png"},"length_of_service":5908,"identifier":"samuel_a_alito_jr"},{"ID":15131,"name":"Sonia Sotomayor","href":"https:\/\/api.oyez.org\/people\/sonia_sotomayor","view_count":0,"last_name":"Sotomayor","roles":[{"id":2776,"type":"scotus_justice","date_start":1249707600,"date_end":0,"appointing_president":"Barack Obama","role_title":"Associate Justice of the Supreme Court of the United States","institution_name":"Supreme Court of the United States","href":"https:\/\/api.oyez.org\/preson_role\/scotus_justice\/2776"}],"thumbnail":{"id":32685,"mime":"image\/png","size":50379,"href":"https:\/\/api.oyez.org\/sites\/default\/files\/images\/people\/sonia_sotomayor\/sonia_sotomayor.thumb.png"},"length_of_service":4710,"identifier":"sonia_sotomayor"},{"ID":15094,"name":"Elena Kagan","href":"https:\/\/api.oyez.org\/people\/elena_kagan","view_count":0,"last_name":"Kagan","roles":[{"id":2738,"type":"scotus_justice","date_start":1281157200,"date_end":0,"appointing_president":"Barack Obama","role_title":"Associate Justice of the Supreme Court of the United States","institution_name":"Supreme Court of the United States","href":"https:\/\/api.oyez.org\/preson_role\/scotus_justice\/2738"}],"thumbnail":{"id":32690,"mime":"image\/png","size":44456,"href":"https:\/\/api.oyez.org\/sites\/default\/files\/images\/people\/elena_kagan\/elena_kagan.thumb.png"},"length_of_service":4259,"identifier":"elena_kagan"},{"ID":62836,"name":"Neil Gorsuch","href":"https:\/\/api.oyez.org\/people\/neil_gorsuch","view_count":0,"last_name":"Gorsuch","roles":[{"id":3506,"type":"scotus_justice","date_start":1491541200,"date_end":0,"appointing_president":"Donald J. Trump","role_title":"Associate Justice of the Supreme Court of the United States","institution_name":"Supreme Court of the United States","href":"https:\/\/api.oyez.org\/preson_role\/scotus_justice\/3506"}],"thumbnail":{"id":79753,"mime":"image\/png","size":121461,"href":"https:\/\/api.oyez.org\/sites\/default\/files\/filefield_paths\/neil_gorsuch.thumb__0.png"},"length_of_service":1824,"identifier":"neil_gorsuch"},{"ID":17766,"name":"Brett M. Kavanaugh","href":"https:\/\/api.oyez.org\/people\/brett_m_kavanaugh","view_count":0,"last_name":"Kavanaugh","roles":[{"id":3507,"type":"scotus_justice","date_start":1538802000,"date_end":0,"appointing_president":"Donald J. Trump","role_title":"Associate Justice of the Supreme Court of the United States","institution_name":"Supreme Court of the United States","href":"https:\/\/api.oyez.org\/preson_role\/scotus_justice\/3507"}],"thumbnail":{"id":80518,"mime":"image\/png","size":91566,"href":"https:\/\/api.oyez.org\/sites\/default\/files\/filefield_paths\/Kavanaugh-thumb.png"},"length_of_service":1277,"identifier":"brett_m_kavanaugh"},{"ID":63282,"name":"Amy Coney Barrett","href":"https:\/\/api.oyez.org\/people\/amy_coney_barrett","view_count":0,"last_name":"Barrett","roles":[{"id":3511,"type":"scotus_justice","date_start":1603774800,"date_end":0,"appointing_president":"Donald J. Trump","role_title":"Associate Justice of the Supreme Court of the United States","institution_name":"Supreme Court of the United States","href":"https:\/\/api.oyez.org\/preson_role\/scotus_justice\/3511"}],"thumbnail":{"id":81207,"mime":"image\/png","size":47722,"href":"https:\/\/api.oyez.org\/sites\/default\/files\/filefield_paths\/barret-thumb.png"},"length_of_service":525,"identifier":"amy_coney_barrett"}],"court_start":1603774800,"images":[{"id":81210,"mime":"image\/jpeg","size":634152,"href":"https:\/\/api.oyez.org\/sites\/default\/files\/filefield_paths\/Roberts12_0.jpg"}],"identifier":"roberts12"},"term":"2020","location":null,"opinion_announcement":null,"description":"A case in which the Court held that Google\u2019s limited copying of the Java SE Application Programming Interface allowed programmers to put their accrued talents to work in a transformative program and constituted a fair use of that material under copyright law.","written_opinion":[{"id":17113,"title":"Dissenting opinion","author":null,"type":{"value":"dissenting","label":"Dissenting opinion"},"justia_opinion_id":4382273,"justia_opinion_url":"https:\/\/supreme.justia.com\/cases\/federal\/us\/593\/18-956\/","judge_full_name":"Clarence Thomas","judge_last_name":"Thomas","title_overwrite":null,"href":"https:\/\/api.oyez.org\/case_document\/written_opinion\/17113"},{"id":17114,"title":"Opinion of the Court","author":null,"type":{"value":"majority","label":"Opinion of the Court"},"justia_opinion_id":4382274,"justia_opinion_url":"https:\/\/supreme.justia.com\/cases\/federal\/us\/593\/18-956\/","judge_full_name":"Stephen G. Breyer","judge_last_name":"Breyer","title_overwrite":null,"href":"https:\/\/api.oyez.org\/case_document\/written_opinion\/17114"},{"id":17115,"title":"Syllabus","author":null,"type":{"value":"syllabus","label":"Syllabus"},"justia_opinion_id":4382275,"justia_opinion_url":"https:\/\/supreme.justia.com\/cases\/federal\/us\/593\/18-956\/","judge_full_name":null,"judge_last_name":null,"title_overwrite":null,"href":"https:\/\/api.oyez.org\/case_document\/written_opinion\/17115"}],"related_cases":null,"justia_url":"https:\/\/supreme.justia.com\/cases\/federal\/us\/593\/18-956\/","argument2_url":"https:\/\/argument2.oyez.org\/2020\/google-llc-v-oracle-america-inc\/"}