{"ID":63453,"name":"Students for Fair Admissions v. President and Fellows of Harvard College","href":"https:\/\/api.oyez.org\/cases\/2022\/20-1199","view_count":0,"docket_number":"20-1199","additional_docket_numbers":null,"manner_of_jurisdiction":"Writ of \u003Ci\u003Ecertiorari\u003C\/i\u003E","first_party":"Students for Fair Admissions, Inc.","second_party":"President \u0026 Fellows of Harvard College","timeline":[{"event":"Granted","dates":[1643004000],"href":"https:\/\/api.oyez.org\/case_timeline\/case_timeline\/55037"},{"event":"Argued","dates":[1667192400],"href":"https:\/\/api.oyez.org\/case_timeline\/case_timeline\/55165"},{"event":"Granted","dates":[1688014800],"href":"https:\/\/api.oyez.org\/case_timeline\/case_timeline\/55304"}],"lower_court":{"ID":6,"name":"United States Court of Appeals for the First Circuit","href":"https:\/\/api.oyez.org\/taxonomy\/term\/6"},"facts_of_the_case":"\u003Cp\u003EPetitioner Students for Fair Admissions (SFFA) sued Harvard College over its admissions process, alleging that the process violates Title VI of the Civil Rights Act of 1964 by discriminating against Asian American applicants in favor of white applicants. Harvard admits that it uses race as one of many factors in its admissions process but argues that its process adheres to the requirements for race-based admissions outlined in the Supreme Court\u2019s decision in Grutter v. Bollinger.\u003C\/p\u003E\n\u003Cp\u003EAfter a 15-day bench trial, the district court issued a detailed opinion in favor of Harvard. SFFA appealed, and the U.S. Court of Appeals for the First Circuit affirmed.\u003C\/p\u003E\n\u003Cp\u003EThe case was originally consolidated for oral argument with a similar case challenging the admissions policies at the University of North Carolina under the Fourteenth Amendment of the Constitution, but the Court severed the cases.\u003C\/p\u003E\n","question":"\u003Cp\u003EMay institutions of higher education use race as a factor in admissions?\u003C\/p\u003E\n\u003Cp\u003EIf so, does Harvard College\u2019s race-conscious admissions process violate Title VI of the Civil Rights Act of 1964?\u003C\/p\u003E\n","conclusion":"\u003Cp\u003EThe Harvard admissions program violates the Equal Protection Clause of the Fourteenth Amendment.\u00a0Chief Justice John Roberts authored the 6-3 majority opinion.\u003C\/p\u003E\n\u003Cp\u003EFirst the Court concluded that Students for Fair Admissions (SFFA) had organizational standing because is a voluntary membership organization with identifable members who support its mission and whom SFFA represents in good faith.\u00a0\u003C\/p\u003E\n\u003Cp\u003ESecond, while the original purpose of the Fourteenth Amendment\u0027s Equal Protection Clause was to ensure that laws apply equally to everyone, regardless of race, both the Supreme Court and the nation failed to uphold this principle, most notably in Plessy v. Ferguson, which sanctioned \u201cseparate but equal\u201d facilities. However, the landmark case Brown v. Board of Education overturned this, and the equal protection principle has since expanded to various areas of life. Any exceptions to equal protection must satisfy \u201cstrict scrutiny\u201d; that is, the government must show that the racial classification serves a compelling interest and is narrowly tailored to achieve that interest.\u003C\/p\u003E\n\u003Cp\u003EIn Regents of the University of California v. Bakke, Justice Lewis Powell\u2019s opinion became the touchstone for evaluating the constitutionality of race-based admissions, reasoning that diversity in the student body could be a \u201ccompelling state interest,\u201d but that race could only be used as a \u201cplus\u201d in admissions and not as a quota. In Grutter v. Bollinger, the Court adopted Powell\u0027s viewpoint, while also setting limits to ensure race-based admissions did not result in stereotyping or harm to non-minority applicants, and stating that such race-based programs should eventually come to an end.\u003C\/p\u003E\n\u003Cp\u003EHarvard\u2019s (and UNC\u2019s, in the consolidated case) race-based admissions systems fail to meet the strict scrutiny, non-stereotyping, and termination criteria established by Grutter and Bakke. Specifically, the universities could not demonstrate their compelling interests in a measurable way, failed to avoid racial stereotypes, and did not offer a logical endpoint for when race-based admissions would cease. As a result, the programs violate the Equal Protection Clause of the Fourteenth Amendment. However, the Court noted that nothing prohibits universities from considering an applicant\u2019s discussion of how race affected the applicant\u2019s life, so long as that discussion is concretely tied to a quality of character or unique ability that the particular applicant can contribute to the university.\u003C\/p\u003E\n\u003Cp\u003EJustices Clarence Thomas, Neil Gorsuch, and Brett Kavanaugh each wrote a concurring opinion.\u003C\/p\u003E\n\u003Cp\u003EJustice Sonia Sotomayor wrote a dissenting opinion, in which Justices Elena Kagan and Ketanji Brown Jackson joined (except Justice Jackson took no part in the consideration or decision of the case against Harvard).\u003C\/p\u003E\n","advocates":[{"advocate":{"ID":63298,"name":"Cameron T. Norris","href":"https:\/\/api.oyez.org\/people\/cameron_t_norris","view_count":0,"last_name":"Norris","roles":null,"thumbnail":null,"length_of_service":0,"identifier":"cameron_t_norris"},"advocate_description":"for the Petitioner ","href":"https:\/\/api.oyez.org\/case_advocate\/case_advocate\/23302"},{"advocate":{"ID":42213,"name":"Seth P. Waxman","href":"https:\/\/api.oyez.org\/people\/seth_p_waxman","view_count":0,"last_name":"Waxman","roles":null,"thumbnail":null,"length_of_service":0,"identifier":"seth_p_waxman"},"advocate_description":"for the Respondent ","href":"https:\/\/api.oyez.org\/case_advocate\/case_advocate\/23303"},{"advocate":{"ID":62747,"name":"Elizabeth B. Prelogar","href":"https:\/\/api.oyez.org\/people\/elizabeth_b_prelogar","view_count":0,"last_name":"Prelogar","roles":[],"thumbnail":null,"length_of_service":0,"identifier":"elizabeth_b_prelogar"},"advocate_description":"for the United States, as amicus curiae, supporting the Respondent","href":"https:\/\/api.oyez.org\/case_advocate\/case_advocate\/23304"}],"oral_argument_audio":[{"id":25450,"title":"Oral Argument - October 31, 2022","public_note":null,"unavailable":false,"display_title":null,"href":"https:\/\/api.oyez.org\/case_media\/oral_argument_audio\/25450"}],"citation":{"volume":"600","page":null,"year":"2023","href":"https:\/\/api.oyez.org\/case_citation\/case_citation\/27878"},"decisions":[{"description":"The Harvard admissions program violates the Equal Protection Clause of the Fourteenth Amendment.","votes":[{"member":{"ID":15086,"name":"John G. Roberts, Jr.","href":"https:\/\/api.oyez.org\/people\/john_g_roberts_jr","view_count":0,"last_name":"Roberts","roles":[{"id":2730,"type":"scotus_justice","date_start":1127970000,"date_end":0,"appointing_president":"George W. Bush","role_title":"Chief Justice of the United States","institution_name":"Supreme Court of the United States","href":"https:\/\/api.oyez.org\/preson_role\/scotus_justice\/2730"}],"thumbnail":{"id":32683,"mime":"image\/png","size":52305,"href":"https:\/\/api.oyez.org\/sites\/default\/files\/images\/people\/john_g_roberts_jr\/john_g_roberts_jr.thumb.png"},"length_of_service":6119,"identifier":"john_g_roberts_jr"},"vote":"majority","opinion_type":"majority","joining":null,"seniority":0,"ideology":0,"href":"https:\/\/api.oyez.org\/decision_vote\/decision_vote\/212671"},{"member":{"ID":15068,"name":"Samuel A. Alito, Jr.","href":"https:\/\/api.oyez.org\/people\/samuel_a_alito_jr","view_count":0,"last_name":"Alito","roles":[{"id":2712,"type":"scotus_justice","date_start":1138687200,"date_end":0,"appointing_president":"George W. Bush","role_title":"Associate Justice of the Supreme Court of the United States","institution_name":"Supreme Court of the United States","href":"https:\/\/api.oyez.org\/preson_role\/scotus_justice\/2712"}],"thumbnail":{"id":32684,"mime":"image\/png","size":44799,"href":"https:\/\/api.oyez.org\/sites\/default\/files\/images\/people\/samuel_alito_jr\/samuel_alito_jr.thumb.png"},"length_of_service":5908,"identifier":"samuel_a_alito_jr"},"vote":"majority","opinion_type":"none","joining":[{"ID":15086,"name":"John G. Roberts, Jr.","href":"https:\/\/api.oyez.org\/people\/john_g_roberts_jr","view_count":0,"last_name":"Roberts","roles":[{"id":2730,"type":"scotus_justice","date_start":1127970000,"date_end":0,"appointing_president":"George W. Bush","role_title":"Chief Justice of the United States","institution_name":"Supreme Court of the United States","href":"https:\/\/api.oyez.org\/preson_role\/scotus_justice\/2730"}],"thumbnail":{"id":32683,"mime":"image\/png","size":52305,"href":"https:\/\/api.oyez.org\/sites\/default\/files\/images\/people\/john_g_roberts_jr\/john_g_roberts_jr.thumb.png"},"length_of_service":6119,"identifier":"john_g_roberts_jr"}],"seniority":0,"ideology":0,"href":"https:\/\/api.oyez.org\/decision_vote\/decision_vote\/212672"},{"member":{"ID":15100,"name":"Clarence Thomas","href":"https:\/\/api.oyez.org\/people\/clarence_thomas","view_count":0,"last_name":"Thomas","roles":[{"id":2744,"type":"scotus_justice","date_start":688194000,"date_end":0,"appointing_president":"George H. W. Bush","role_title":"Associate Justice of the Supreme Court of the United States","institution_name":"Supreme Court of the United States","href":"https:\/\/api.oyez.org\/preson_role\/scotus_justice\/2744"}],"thumbnail":{"id":32680,"mime":"image\/png","size":49064,"href":"https:\/\/api.oyez.org\/sites\/default\/files\/images\/people\/clarence_thomas\/clarence_thomas.thumb.png"},"length_of_service":11156,"identifier":"clarence_thomas"},"vote":"majority","opinion_type":"concurrence","joining":[{"ID":15086,"name":"John G. Roberts, Jr.","href":"https:\/\/api.oyez.org\/people\/john_g_roberts_jr","view_count":0,"last_name":"Roberts","roles":[{"id":2730,"type":"scotus_justice","date_start":1127970000,"date_end":0,"appointing_president":"George W. Bush","role_title":"Chief Justice of the United States","institution_name":"Supreme Court of the United States","href":"https:\/\/api.oyez.org\/preson_role\/scotus_justice\/2730"}],"thumbnail":{"id":32683,"mime":"image\/png","size":52305,"href":"https:\/\/api.oyez.org\/sites\/default\/files\/images\/people\/john_g_roberts_jr\/john_g_roberts_jr.thumb.png"},"length_of_service":6119,"identifier":"john_g_roberts_jr"},{"ID":62836,"name":"Neil Gorsuch","href":"https:\/\/api.oyez.org\/people\/neil_gorsuch","view_count":0,"last_name":"Gorsuch","roles":[{"id":3506,"type":"scotus_justice","date_start":1491541200,"date_end":0,"appointing_president":"Donald J. Trump","role_title":"Associate Justice of the Supreme Court of the United States","institution_name":"Supreme Court of the United States","href":"https:\/\/api.oyez.org\/preson_role\/scotus_justice\/3506"}],"thumbnail":{"id":79753,"mime":"image\/png","size":121461,"href":"https:\/\/api.oyez.org\/sites\/default\/files\/filefield_paths\/neil_gorsuch.thumb__0.png"},"length_of_service":1824,"identifier":"neil_gorsuch"}],"seniority":0,"ideology":0,"href":"https:\/\/api.oyez.org\/decision_vote\/decision_vote\/212673"},{"member":{"ID":17766,"name":"Brett M. Kavanaugh","href":"https:\/\/api.oyez.org\/people\/brett_m_kavanaugh","view_count":0,"last_name":"Kavanaugh","roles":[{"id":3507,"type":"scotus_justice","date_start":1538802000,"date_end":0,"appointing_president":"Donald J. Trump","role_title":"Associate Justice of the Supreme Court of the United States","institution_name":"Supreme Court of the United States","href":"https:\/\/api.oyez.org\/preson_role\/scotus_justice\/3507"}],"thumbnail":{"id":80518,"mime":"image\/png","size":91566,"href":"https:\/\/api.oyez.org\/sites\/default\/files\/filefield_paths\/Kavanaugh-thumb.png"},"length_of_service":1277,"identifier":"brett_m_kavanaugh"},"vote":"majority","opinion_type":"concurrence","joining":[{"ID":15086,"name":"John G. Roberts, Jr.","href":"https:\/\/api.oyez.org\/people\/john_g_roberts_jr","view_count":0,"last_name":"Roberts","roles":[{"id":2730,"type":"scotus_justice","date_start":1127970000,"date_end":0,"appointing_president":"George W. Bush","role_title":"Chief Justice of the United States","institution_name":"Supreme Court of the United States","href":"https:\/\/api.oyez.org\/preson_role\/scotus_justice\/2730"}],"thumbnail":{"id":32683,"mime":"image\/png","size":52305,"href":"https:\/\/api.oyez.org\/sites\/default\/files\/images\/people\/john_g_roberts_jr\/john_g_roberts_jr.thumb.png"},"length_of_service":6119,"identifier":"john_g_roberts_jr"}],"seniority":0,"ideology":0,"href":"https:\/\/api.oyez.org\/decision_vote\/decision_vote\/212674"},{"member":{"ID":62836,"name":"Neil Gorsuch","href":"https:\/\/api.oyez.org\/people\/neil_gorsuch","view_count":0,"last_name":"Gorsuch","roles":[{"id":3506,"type":"scotus_justice","date_start":1491541200,"date_end":0,"appointing_president":"Donald J. Trump","role_title":"Associate Justice of the Supreme Court of the United States","institution_name":"Supreme Court of the United States","href":"https:\/\/api.oyez.org\/preson_role\/scotus_justice\/3506"}],"thumbnail":{"id":79753,"mime":"image\/png","size":121461,"href":"https:\/\/api.oyez.org\/sites\/default\/files\/filefield_paths\/neil_gorsuch.thumb__0.png"},"length_of_service":1824,"identifier":"neil_gorsuch"},"vote":"majority","opinion_type":"concurrence","joining":[{"ID":15086,"name":"John G. Roberts, Jr.","href":"https:\/\/api.oyez.org\/people\/john_g_roberts_jr","view_count":0,"last_name":"Roberts","roles":[{"id":2730,"type":"scotus_justice","date_start":1127970000,"date_end":0,"appointing_president":"George W. Bush","role_title":"Chief Justice of the United States","institution_name":"Supreme Court of the United States","href":"https:\/\/api.oyez.org\/preson_role\/scotus_justice\/2730"}],"thumbnail":{"id":32683,"mime":"image\/png","size":52305,"href":"https:\/\/api.oyez.org\/sites\/default\/files\/images\/people\/john_g_roberts_jr\/john_g_roberts_jr.thumb.png"},"length_of_service":6119,"identifier":"john_g_roberts_jr"}],"seniority":0,"ideology":0,"href":"https:\/\/api.oyez.org\/decision_vote\/decision_vote\/212675"},{"member":{"ID":63282,"name":"Amy Coney Barrett","href":"https:\/\/api.oyez.org\/people\/amy_coney_barrett","view_count":0,"last_name":"Barrett","roles":[{"id":3511,"type":"scotus_justice","date_start":1603774800,"date_end":0,"appointing_president":"Donald J. Trump","role_title":"Associate Justice of the Supreme Court of the United States","institution_name":"Supreme Court of the United States","href":"https:\/\/api.oyez.org\/preson_role\/scotus_justice\/3511"}],"thumbnail":{"id":81207,"mime":"image\/png","size":47722,"href":"https:\/\/api.oyez.org\/sites\/default\/files\/filefield_paths\/barret-thumb.png"},"length_of_service":525,"identifier":"amy_coney_barrett"},"vote":"majority","opinion_type":"none","joining":[{"ID":15086,"name":"John G. Roberts, Jr.","href":"https:\/\/api.oyez.org\/people\/john_g_roberts_jr","view_count":0,"last_name":"Roberts","roles":[{"id":2730,"type":"scotus_justice","date_start":1127970000,"date_end":0,"appointing_president":"George W. Bush","role_title":"Chief Justice of the United States","institution_name":"Supreme Court of the United States","href":"https:\/\/api.oyez.org\/preson_role\/scotus_justice\/2730"}],"thumbnail":{"id":32683,"mime":"image\/png","size":52305,"href":"https:\/\/api.oyez.org\/sites\/default\/files\/images\/people\/john_g_roberts_jr\/john_g_roberts_jr.thumb.png"},"length_of_service":6119,"identifier":"john_g_roberts_jr"}],"seniority":0,"ideology":0,"href":"https:\/\/api.oyez.org\/decision_vote\/decision_vote\/212676"},{"member":{"ID":15131,"name":"Sonia Sotomayor","href":"https:\/\/api.oyez.org\/people\/sonia_sotomayor","view_count":0,"last_name":"Sotomayor","roles":[{"id":2776,"type":"scotus_justice","date_start":1249707600,"date_end":0,"appointing_president":"Barack Obama","role_title":"Associate Justice of the Supreme Court of the United States","institution_name":"Supreme Court of the United States","href":"https:\/\/api.oyez.org\/preson_role\/scotus_justice\/2776"}],"thumbnail":{"id":32685,"mime":"image\/png","size":50379,"href":"https:\/\/api.oyez.org\/sites\/default\/files\/images\/people\/sonia_sotomayor\/sonia_sotomayor.thumb.png"},"length_of_service":4710,"identifier":"sonia_sotomayor"},"vote":"minority","opinion_type":"dissent","joining":null,"seniority":0,"ideology":0,"href":"https:\/\/api.oyez.org\/decision_vote\/decision_vote\/212677"},{"member":{"ID":15094,"name":"Elena Kagan","href":"https:\/\/api.oyez.org\/people\/elena_kagan","view_count":0,"last_name":"Kagan","roles":[{"id":2738,"type":"scotus_justice","date_start":1281157200,"date_end":0,"appointing_president":"Barack Obama","role_title":"Associate Justice of the Supreme Court of the United States","institution_name":"Supreme Court of the United States","href":"https:\/\/api.oyez.org\/preson_role\/scotus_justice\/2738"}],"thumbnail":{"id":32690,"mime":"image\/png","size":44456,"href":"https:\/\/api.oyez.org\/sites\/default\/files\/images\/people\/elena_kagan\/elena_kagan.thumb.png"},"length_of_service":4259,"identifier":"elena_kagan"},"vote":"minority","opinion_type":"none","joining":[{"ID":15131,"name":"Sonia Sotomayor","href":"https:\/\/api.oyez.org\/people\/sonia_sotomayor","view_count":0,"last_name":"Sotomayor","roles":[{"id":2776,"type":"scotus_justice","date_start":1249707600,"date_end":0,"appointing_president":"Barack Obama","role_title":"Associate Justice of the Supreme Court of the United States","institution_name":"Supreme Court of the United States","href":"https:\/\/api.oyez.org\/preson_role\/scotus_justice\/2776"}],"thumbnail":{"id":32685,"mime":"image\/png","size":50379,"href":"https:\/\/api.oyez.org\/sites\/default\/files\/images\/people\/sonia_sotomayor\/sonia_sotomayor.thumb.png"},"length_of_service":4710,"identifier":"sonia_sotomayor"}],"seniority":0,"ideology":0,"href":"https:\/\/api.oyez.org\/decision_vote\/decision_vote\/212678"},{"member":{"ID":33869,"name":"Ketanji Brown Jackson","href":"https:\/\/api.oyez.org\/people\/ketanji_brown_jackson","view_count":0,"last_name":"Jackson","roles":[{"id":3520,"type":"scotus_justice","date_start":1656565200,"date_end":0,"appointing_president":null,"role_title":"Associate Justice of the Supreme Court of the United States","institution_name":"Supreme Court of the United States","href":"https:\/\/api.oyez.org\/preson_role\/scotus_justice\/3520"}],"thumbnail":{"id":82011,"mime":"image\/png","size":58056,"href":"https:\/\/api.oyez.org\/sites\/default\/files\/filefield_paths\/thumbnail_ketanji_brown_jackson.png"},"length_of_service":390,"identifier":"ketanji_brown_jackson"},"vote":"none","opinion_type":"none","joining":null,"seniority":0,"ideology":0,"href":"https:\/\/api.oyez.org\/decision_vote\/decision_vote\/212679"}],"majority_vote":6,"minority_vote":2,"winning_party":"SFFA","decision_type":"majority opinion","href":"https:\/\/api.oyez.org\/case_decision\/case_decision\/17216"}],"first_party_label":"Petitioner","second_party_label":"Respondent","heard_by":[{"ID":63493,"name":"Roberts Court (2022-)","href":"https:\/\/api.oyez.org\/courts\/roberts13","view_count":0,"members":[{"ID":15086,"name":"John G. Roberts, Jr.","href":"https:\/\/api.oyez.org\/people\/john_g_roberts_jr","view_count":0,"last_name":"Roberts","roles":[{"id":2730,"type":"scotus_justice","date_start":1127970000,"date_end":0,"appointing_president":"George W. Bush","role_title":"Chief Justice of the United States","institution_name":"Supreme Court of the United States","href":"https:\/\/api.oyez.org\/preson_role\/scotus_justice\/2730"}],"thumbnail":{"id":32683,"mime":"image\/png","size":52305,"href":"https:\/\/api.oyez.org\/sites\/default\/files\/images\/people\/john_g_roberts_jr\/john_g_roberts_jr.thumb.png"},"length_of_service":6119,"identifier":"john_g_roberts_jr"},{"ID":15100,"name":"Clarence Thomas","href":"https:\/\/api.oyez.org\/people\/clarence_thomas","view_count":0,"last_name":"Thomas","roles":[{"id":2744,"type":"scotus_justice","date_start":688194000,"date_end":0,"appointing_president":"George H. W. Bush","role_title":"Associate Justice of the Supreme Court of the United States","institution_name":"Supreme Court of the United States","href":"https:\/\/api.oyez.org\/preson_role\/scotus_justice\/2744"}],"thumbnail":{"id":32680,"mime":"image\/png","size":49064,"href":"https:\/\/api.oyez.org\/sites\/default\/files\/images\/people\/clarence_thomas\/clarence_thomas.thumb.png"},"length_of_service":11156,"identifier":"clarence_thomas"},{"ID":15068,"name":"Samuel A. Alito, Jr.","href":"https:\/\/api.oyez.org\/people\/samuel_a_alito_jr","view_count":0,"last_name":"Alito","roles":[{"id":2712,"type":"scotus_justice","date_start":1138687200,"date_end":0,"appointing_president":"George W. Bush","role_title":"Associate Justice of the Supreme Court of the United States","institution_name":"Supreme Court of the United States","href":"https:\/\/api.oyez.org\/preson_role\/scotus_justice\/2712"}],"thumbnail":{"id":32684,"mime":"image\/png","size":44799,"href":"https:\/\/api.oyez.org\/sites\/default\/files\/images\/people\/samuel_alito_jr\/samuel_alito_jr.thumb.png"},"length_of_service":5908,"identifier":"samuel_a_alito_jr"},{"ID":15131,"name":"Sonia Sotomayor","href":"https:\/\/api.oyez.org\/people\/sonia_sotomayor","view_count":0,"last_name":"Sotomayor","roles":[{"id":2776,"type":"scotus_justice","date_start":1249707600,"date_end":0,"appointing_president":"Barack Obama","role_title":"Associate Justice of the Supreme Court of the United States","institution_name":"Supreme Court of the United States","href":"https:\/\/api.oyez.org\/preson_role\/scotus_justice\/2776"}],"thumbnail":{"id":32685,"mime":"image\/png","size":50379,"href":"https:\/\/api.oyez.org\/sites\/default\/files\/images\/people\/sonia_sotomayor\/sonia_sotomayor.thumb.png"},"length_of_service":4710,"identifier":"sonia_sotomayor"},{"ID":15094,"name":"Elena Kagan","href":"https:\/\/api.oyez.org\/people\/elena_kagan","view_count":0,"last_name":"Kagan","roles":[{"id":2738,"type":"scotus_justice","date_start":1281157200,"date_end":0,"appointing_president":"Barack Obama","role_title":"Associate Justice of the Supreme Court of the United States","institution_name":"Supreme Court of the United States","href":"https:\/\/api.oyez.org\/preson_role\/scotus_justice\/2738"}],"thumbnail":{"id":32690,"mime":"image\/png","size":44456,"href":"https:\/\/api.oyez.org\/sites\/default\/files\/images\/people\/elena_kagan\/elena_kagan.thumb.png"},"length_of_service":4259,"identifier":"elena_kagan"},{"ID":62836,"name":"Neil Gorsuch","href":"https:\/\/api.oyez.org\/people\/neil_gorsuch","view_count":0,"last_name":"Gorsuch","roles":[{"id":3506,"type":"scotus_justice","date_start":1491541200,"date_end":0,"appointing_president":"Donald J. Trump","role_title":"Associate Justice of the Supreme Court of the United States","institution_name":"Supreme Court of the United States","href":"https:\/\/api.oyez.org\/preson_role\/scotus_justice\/3506"}],"thumbnail":{"id":79753,"mime":"image\/png","size":121461,"href":"https:\/\/api.oyez.org\/sites\/default\/files\/filefield_paths\/neil_gorsuch.thumb__0.png"},"length_of_service":1824,"identifier":"neil_gorsuch"},{"ID":17766,"name":"Brett M. Kavanaugh","href":"https:\/\/api.oyez.org\/people\/brett_m_kavanaugh","view_count":0,"last_name":"Kavanaugh","roles":[{"id":3507,"type":"scotus_justice","date_start":1538802000,"date_end":0,"appointing_president":"Donald J. Trump","role_title":"Associate Justice of the Supreme Court of the United States","institution_name":"Supreme Court of the United States","href":"https:\/\/api.oyez.org\/preson_role\/scotus_justice\/3507"}],"thumbnail":{"id":80518,"mime":"image\/png","size":91566,"href":"https:\/\/api.oyez.org\/sites\/default\/files\/filefield_paths\/Kavanaugh-thumb.png"},"length_of_service":1277,"identifier":"brett_m_kavanaugh"},{"ID":63282,"name":"Amy Coney Barrett","href":"https:\/\/api.oyez.org\/people\/amy_coney_barrett","view_count":0,"last_name":"Barrett","roles":[{"id":3511,"type":"scotus_justice","date_start":1603774800,"date_end":0,"appointing_president":"Donald J. Trump","role_title":"Associate Justice of the Supreme Court of the United States","institution_name":"Supreme Court of the United States","href":"https:\/\/api.oyez.org\/preson_role\/scotus_justice\/3511"}],"thumbnail":{"id":81207,"mime":"image\/png","size":47722,"href":"https:\/\/api.oyez.org\/sites\/default\/files\/filefield_paths\/barret-thumb.png"},"length_of_service":525,"identifier":"amy_coney_barrett"},{"ID":33869,"name":"Ketanji Brown Jackson","href":"https:\/\/api.oyez.org\/people\/ketanji_brown_jackson","view_count":0,"last_name":"Jackson","roles":[{"id":3520,"type":"scotus_justice","date_start":1656565200,"date_end":0,"appointing_president":null,"role_title":"Associate Justice of the Supreme Court of the United States","institution_name":"Supreme Court of the United States","href":"https:\/\/api.oyez.org\/preson_role\/scotus_justice\/3520"}],"thumbnail":{"id":82011,"mime":"image\/png","size":58056,"href":"https:\/\/api.oyez.org\/sites\/default\/files\/filefield_paths\/thumbnail_ketanji_brown_jackson.png"},"length_of_service":390,"identifier":"ketanji_brown_jackson"}],"court_start":1656565200,"images":null,"identifier":"roberts13"}],"decided_by":null,"term":"2022","location":null,"opinion_announcement":null,"description":"A case in which the Court overruled its decision in Grutter v. Bollinger to hold that institutions of higher education cannot use race as a factor in admissions.","written_opinion":[{"id":17619,"title":"Concurring opinion","author":null,"type":{"value":"concurring","label":"Concurring opinion"},"justia_opinion_id":4758911,"justia_opinion_url":"https:\/\/supreme.justia.com\/cases\/federal\/us\/600\/20-1199\/","judge_full_name":"Clarence Thomas","judge_last_name":"Thomas","title_overwrite":null,"href":"https:\/\/api.oyez.org\/case_document\/written_opinion\/17619"},{"id":17620,"title":"Concurring opinion","author":null,"type":{"value":"concurring","label":"Concurring opinion"},"justia_opinion_id":4758912,"justia_opinion_url":"https:\/\/supreme.justia.com\/cases\/federal\/us\/600\/20-1199\/","judge_full_name":"Neil M. Gorsuch","judge_last_name":"Gorsuch","title_overwrite":null,"href":"https:\/\/api.oyez.org\/case_document\/written_opinion\/17620"},{"id":17621,"title":"Concurring opinion","author":null,"type":{"value":"concurring","label":"Concurring opinion"},"justia_opinion_id":4758913,"justia_opinion_url":"https:\/\/supreme.justia.com\/cases\/federal\/us\/600\/20-1199\/","judge_full_name":"Brett M. Kavanaugh","judge_last_name":"Kavanaugh","title_overwrite":null,"href":"https:\/\/api.oyez.org\/case_document\/written_opinion\/17621"},{"id":17622,"title":"Dissenting opinion","author":null,"type":{"value":"dissenting","label":"Dissenting opinion"},"justia_opinion_id":4758914,"justia_opinion_url":"https:\/\/supreme.justia.com\/cases\/federal\/us\/600\/20-1199\/","judge_full_name":"Sonia Sotomayor","judge_last_name":"Sotomayor","title_overwrite":null,"href":"https:\/\/api.oyez.org\/case_document\/written_opinion\/17622"},{"id":17623,"title":"Dissenting opinion","author":null,"type":{"value":"dissenting","label":"Dissenting opinion"},"justia_opinion_id":4758915,"justia_opinion_url":"https:\/\/supreme.justia.com\/cases\/federal\/us\/600\/20-1199\/","judge_full_name":"Ketanji Brown Jackson","judge_last_name":"Jackson","title_overwrite":null,"href":"https:\/\/api.oyez.org\/case_document\/written_opinion\/17623"},{"id":17624,"title":"Opinion of the Court","author":null,"type":{"value":"majority","label":"Opinion of the Court"},"justia_opinion_id":4758916,"justia_opinion_url":"https:\/\/supreme.justia.com\/cases\/federal\/us\/600\/20-1199\/","judge_full_name":"John G. Roberts, Jr.","judge_last_name":"Roberts","title_overwrite":null,"href":"https:\/\/api.oyez.org\/case_document\/written_opinion\/17624"},{"id":17625,"title":"Syllabus","author":null,"type":{"value":"syllabus","label":"Syllabus"},"justia_opinion_id":4758917,"justia_opinion_url":"https:\/\/supreme.justia.com\/cases\/federal\/us\/600\/20-1199\/","judge_full_name":null,"judge_last_name":null,"title_overwrite":null,"href":"https:\/\/api.oyez.org\/case_document\/written_opinion\/17625"}],"related_cases":null,"justia_url":"https:\/\/supreme.justia.com\/cases\/federal\/us\/600\/20-1199\/","argument2_url":null}